;teks;label
0;['bosen', 'singgah', 'pagi', 'siang', 'sore', 'malam', 'ramai', 'keliling', 'jalan', 'lingkar', 'bundar', 'ramai', 'kendara', 'jarang', 'alun', 'alun', 'bundar', 'keliling', 'gedung', 'dpr', 'kantor', 'balaikota', 'hotel', 'tugu', 'sekolah', 'favorit', 'destinasi', 'wisata', 'kuliner', 'hehe'];1
1;['sedia', 'parkir', 'luas', 'resto', 'tata', 'apik', 'rapi', 'pandang', 'indah', 'sedia', 'agam', 'menu', 'nusantara', 'es', 'campur', 'segarr', 'angsle', 'porsi', 'relatif', 'cocok', 'potret', 'suasana', 'santai'];1
2;['kamar', 'bersih', 'luas', 'staf', 'ramah', 'lokasi', 'guesthouse', 'kota', 'strategis', 'sarap', 'variasi', 'biasa', 'aja', 'harga', 'yg', 'pesan', 'booking', 'com', 'lebih', 'murah', 'sarap', 'lebih', 'langsung', 'booking', 'guesthousenya'];1
3;['malang', 'menajubkan', 'lihat', 'kampung', 'warna', 'wrni', 'ni', 'bagus', 'biasa', 'unik', 'masuk', 'hnya'];1
4;['masjid', 'bersih', 'kota', 'malang', 'letak', 'berangan', 'alun', 'alun', 'kota'];1
5;['minggu', 'senang', 'giat', 'inap', 'harris', 'malang', 'kamar', 'nyaman', 'bersih', 'rapi', 'sarap', 'enak', 'senang', 'menu', 'makan', 'siang', 'malam', 'variatif', 'lezat', 'lokasi', 'pusat', 'kota', 'malang', 'giat', 'keluyur'];1
6;['pergi', 'libur', 'keluarga', 'objek', 'wisata', 'tsunami', 'memmorable', 'taman', 'bagus', 'my', 'dougther', 'suka'];1
7;['malang', 'town', 'square', 'matos', 'konsep', 'paruh', 'mall', 'paruh', 'itc', 'toko', 'toko', 'baju', 'itc', 'tenant', 'mall', 'matahari', 'departemen', 'store', 'groceries', 'shopping', 'hypermart', 'inap', 'hotel', 'bahan', 'malang', 'town', 'square', 'sulit', 'cari', 'makan', 'restaurantnya', 'yoshinoya', 'pizza', 'hut', 'foodcourt', 'pilih', 'makan', 'matos', 'lengkap', 'sedia', 'salon', 'apotik'];1
8;['museum', 'bentoel', 'museum', 'diri', 'kenang', 'jalan', 'pabrik', 'rokok', 'bentoel', 'malang', 'legenda', 'diri', 'lokasi', 'rumah', 'diri', 'rokok', 'bentoel', 'ong', 'hok', 'liong', 'jalan', 'wiromargo', 'konsep', 'museum', 'pamer', 'barang', 'barang', 'peninggalang', 'mendiang', 'ong', 'hok', 'liong', 'keluarga', 'usaha', 'alih', 'tangan', 'bat', 'museum', 'rombak', 'ubah', 'konsep', 'lebih', 'modern', 'pajang', 'sejarah', 'bentoel', 'museum', 'bnetoel', 'lengkap', 'wahana', 'elektonik', 'interaktif', 'muat', 'sejarah', 'bat', 'kembang', 'industri', 'rokok'];1
9;['pasar', 'burung', 'bunga', 'lebih', 'kenal', 'nama', 'pasar', 'splendit', 'letak', 'kota', 'malang', 'letak', 'balaikota', 'tepat', 'jalan', 'majapahit', 'jalan', 'tumapel', 'jalan', 'brawijaya', 'area', 'pasar', 'bunga', 'pasar', 'burung', 'pasar', 'ikan', 'pasar', 'dagang', 'hewan', 'hewan', 'pelihara', 'anjing', 'kucing', 'ayam', 'hutan', 'kera', 'kura', 'kura', 'ular', 'hamster', 'kelinci', 'iguana', 'tokek', 'hewan', 'hewan', 'jual', 'harga', 'pas', 'alias', 'tawar'];1
10;['bagus', 'foto', 'pasar', 'hewan', 'stasiun', 'kereta', 'api', 'malang', 'depan', 'bangun', 'kantor', 'walikota', 'malang', 'tempat', 'asri', 'sejuk'];1
11;['masjid', 'jam', 'alun', 'alun', 'pusat', 'kota', 'malang', 'kawasan', 'kayu', 'tangan', 'lebih', 'tepat', 'jalan', 'merdeka', 'barat', 'no', 'malang', 'jawa', 'timur', 'masjid', 'salah', 'masjid', 'tua', 'jawa', 'timur', 'masjid', 'ampel', 'surabaya', 'masjid', 'jam', 'pasuruan', 'bangun', 'masjid', 'jam', 'malang', 'alami', 'kali', 'luas', 'ubah', 'bentuk', 'masjid', 'masjid', 'jam', 'malang', 'nampak', 'jaga', 'tiang', 'tiang', 'masjid', 'jam', 'malang', 'buah', 'simbol', 'simbol', 'sifat', 'wajib', 'allah', 'tiang', 'simbol', 'sifat', 'nabi', 'muhammad', 'soo', 'ibadah', 'masjid', 'simbol', 'kota', 'malang'];1
12;['jalan', 'majapahit', 'letak', 'alun', 'alun', 'kota', 'malang', 'taman', 'rekreasi', 'kota', 'biasa', 'tarekot', 'bilang', 'taman', 'rekreasi', 'satwa', 'aneka', 'burung', 'kolam', 'renang', 'tutup', 'lumayan', 'sih', 'dar', 'jalan', 'jalan', 'pusat', 'kota', 'malang'];1
13;['malang', 'sejuk', 'kunjungin', 'lokasi', 'balai', 'kota', 'pohon', 'nyaman', 'photo', 'okay', 'bangunananya', 'khas', 'belanda'];1
14;['indah', 'sejuk', 'nyaman', 'enak', 'lihat', 'rame', 'pokok', 'nya', 'indah', 'banget', 'aja', 'gk', 'pulang', 'alun', 'alun', 'kota', 'malang', 'masjid', 'nya', 'gede', 'pokok', 'biasa', 'dech', 'lofyu', 'alun', 'alun', 'malang'];1
15;['masjid', 'agung', 'jam', 'letak', 'pusat', 'kota', 'malang', 'letak', 'damping', 'alun', 'alun', 'kota', 'malang', 'gereja', 'arsitektur', 'masjid', 'indah', 'saji', 'wisata', 'sendiri', 'unjung'];1
16;['hotel', 'bintang', 'malang', 'coba', 'hotel', 'cocot', 'long', 'stay', 'lebih', 'kali', 'long', 'stay', 'hotel', 'check', 'in', 'layan', 'ramah', 'layan', 'hotel', 'ruang', 'bersih', 'titik', 'kamar', 'mandi', 'karat', 'breakfast', 'bandingklan', 'hotel', 'malang', 'santika', 'menu', 'pilihanya', 'taste', 'enak'];1
17;['masjid', 'jam', 'kota', 'malang', 'diri', 'ramai', 'pusat', 'belanja', 'kota', 'malang', 'bahan', 'gereja', 'kota', 'malang', 'hadap', 'masjid', 'alun', 'alun', 'kota', 'malang', 'biasa', 'unjung', 'alun', 'alun', 'kota', 'malang', 'laksana', 'ibadah', 'shalat', 'masjid', 'masjid', 'besar', 'kota', 'malang', 'megah', 'nyaman', 'sirkulasi', 'udara', 'bagus', 'asa', 'pengap', 'orang', 'malang', 'air', 'dingin', 'ambil', 'air', 'wudhu', 'toilet', 'unjung', 'lewat', 'genang', 'air', 'sejuk', 'masjid', 'lantai', 'wudhu', 'laki', 'laki', 'belah', 'kiri', 'bangun', 'jamaah', 'wanita', 'sisi', 'shalat', 'jumat', 'jalan', 'mesjid', 'tutup', 'pakir', 'kendara', 'motor', 'jalan', 'pasar', 'padat', 'laksana', 'ibadah', 'shalat', 'jumat'];1
18;['tempat', 'asyik', 'nyaman', 'bersih', 'letak', 'rumah', 'araya', 'view', 'bagus', 'foto', 'keluarga', 'beda', 'resto', 'laen', 'makan', 'minum', 'pilih'];1
19;['mewah', 'elegant', 'pandang', 'malam', 'nya', 'enak', 'mesjid', 'sejuk', 'bawa', 'damai', 'jaga', 'bersih', 'mesjid'];1
20;['masuk', 'kesan', 'hommy', 'banget', 'suka', 'suasana', 'hotel', 'yg', 'sejuk', 'tp', 'bersih', 'utk', 'kamar', 'tingkat', 'lantai', 'pelihara', 'barang', 'kamar', 'bedcover', 'guling', 'orange', 'tulis', 'harris', 'yg', 'uda', 'lusuh', 'banget', 'tp', 'utk', 'fasilitas', 'kolam', 'renang', 'banget', 'anak', 'happy'];1
21;['november', 'rekan', 'fasilitas', 'lumayan', 'oke', 'nyaman', 'tempat', 'bersih', 'taman', 'kolam', 'renang', 'tarik', 'anak', 'anak', 'makan', 'pilih', 'jg', 'yg', 'enak', 'sesuai', 'selera', 'kamar', 'nyaman', 'view', 'kolam', 'renang', 'dn', 'halaman', 'parkir', 'lumayan', 'luas', 'tp', 'event', 'pintar', 'pilih'];1
22;['inap', 'kamar', 'standar', 'malam', 'senang', 'lokasi', 'strategis', 'mudah', 'capai', 'angkut', 'letak', 'kawasan', 'ijen', 'kawasan', 'huni', 'rumah', 'rumah', 'kuno', 'gaya', 'kolonial', 'minggu', 'kawasan', 'ijen', 'kawasan', 'car', 'free', 'day', 'aktifitas', 'jogging', 'senam', 'pagi', 'dar', 'jalan', 'jalan', 'hirup', 'udara', 'segar', 'sedia', 'aneka', 'jual', 'makan', 'camil', 'fasilitas', 'kamar', 'lengkap', 'bersih', 'aman', 'staff', 'ramah', 'sahabat', 'bantu', 'perlu', 'tamu', 'menu', 'sarap', 'enak', 'muas', 'cocok', 'wisatawan', 'keluarga', 'harga', 'jangkau'];1
23;['aman', 'asik', 'kenal', 'anak', 'lestari', 'tanam', 'sains', 'lampu', 'nyala', 'mati', 'ajar', 'yg', 'relistis', 'takut', 'kasat', 'mata', 'hantu', 'anak', 'milik', 'daya', 'imajinasi', 'mati', 'hidup', 'lampu', 'ayo', 'coba', 'kesini'];1
24;['balai', 'kota', 'malang', 'letak', 'm', 'stasiun', 'kota', 'malang', 'kantor', 'wali', 'kota', 'malang', 'nuansa', 'sejarah', 'arsitektur', 'tarik', 'balai', 'kota', 'malang', 'buka', 'wisatawan', 'asing', 'abadi', 'bangun', 'foto', 'kenang'];1
25;['bersih', 'karpet', 'tebal', 'ramai', 'alun', 'aun', 'kota', 'malang', 'cocok', 'pergi', 'keluarga'];1
26;['malang', 'jaman', 'ulas', 'tinggal', 'kota', 'malang', 'susun', 'rapi', 'cerita', 'jaman', 'diri', 'nya', 'kota', 'malang', 'ticket', 'masuk', 'murah', 'cocok', 'malang', 'salam', 'trip', 'trip'];1
27;['tsunami', 'seruuu', 'hawa', 'waterpark', 'malang', 'ga', 'kalah', 'ama', 'waterboom', 'bal', 'lhoo', 'sayang', 'kalo', 'd', 'bal', 'jalan', 'wahana', 'n', 'ga', 'perlu', 'sewa', 'ban', 'kalo', 'd', 'hawa', 'waterpark', 'perlu', 'sewa', 'ban', 'kalo', 'bawa', 'rombong', 'ganti', 'pake', 'ban'];1
28;['kunjung', 'singkat', 'lumayan', 'enak', 'tempat', 'bersih', 'nyaman', 'kamar', 'liat', 'tembok', 'nya', 'cat', 'receptionis', 'nya', 'rangkap', 'operator', 'sibuk', 'layan', 'tamu'];1
29;['masjid', 'agung', 'jam', 'merupak', 'ibadah', 'umat', 'islam', 'lokasi', 'dekat', 'gereja', 'zaman', 'belanda', 'bentuk', 'bangun', 'masjid', 'unik', 'alun', 'alun', 'kota', 'malang', 'suasana', 'malam', 'masjid', 'rang', 'lampu', 'tambah', 'cantik', 'masjid', 'alun', 'alun', 'kota'];1
30;['taman', 'ruang', 'publik', 'rumah', 'jalan', 'ijen', 'letak', 'mudah', 'akses', 'penjuru', 'fasilitas', 'main', 'lengkap', 'arena', 'futsal', 'arena', 'anak', 'anak', 'tempat', 'rindang', 'dlengkapi', 'duduk', 'nongkrong', 'sedia', 'kran', 'air', 'minum', 'gratis'];1
31;['taman', 'merbabu', 'bagus', 'santai', 'cari', 'inspirasi', 'keluarga', 'main', 'bola', 'semenjak', 'abah', 'anton', 'jabat', 'taman', 'malang', 'buka'];1
32;['simpan', 'sejarah', 'diri', 'usaha', 'rokok', 'bentoel', 'usaha', 'keluarga', 'usaha', 'buka', 'milik', 'british', 'american', 'tobacco'];1
33;['salah', 'angker', 'pusat', 'kota', 'malang', 'angker', 'unjung', 'enggan', 'unjung', 'tantang', 'sendiri', 'penasaran'];1
34;['hawa', 'waterpark', 'waterpark', 'kota', 'malang', 'sana', 'adek', 'seluncur', 'tinggi', 'meter', 'air', 'mancur', 'cocok', 'anak', 'sore', 'tawar', 'rasa', 'sensasi', 'tsunami', 'buat', 'tantang'];1
35;['lokasi', 'kompleks', 'araya', 'dekat', 'sport', 'araya', 'tempat', 'suasana', 'tradisional', 'kontur', 'sawah', 'sungai', 'menu', 'pilih', 'enak', 'harga', 'jangkau', 'layan', 'ramah', 'parkir', 'luas'];1
36;['alun', 'alun', 'kota', 'malang', 'pas', 'hemat', 'indah', 'taman', 'pukau', 'tema', 'tema', 'kuta', 'pose', 'berselfie', 'ria', 'diwlam', 'air', 'terjun', 'indah', 'hias', 'lampu', 'yg', 'kedip', 'kedip', 'olanh', 'air', 'terjun', 'joget', 'joget', 'taman', 'nya', 'asri', 'pesona', 'main', 'anak', 'olahraga', 'skateboard', 'nya'];1
37;['hotelini', 'cocok', 'harap', 'pandang', 'langsung', 'hadap', 'gunung', 'kamar', 'kamar', 'bersih', 'rapi', 'staf', 'layan', 'ramah', 'sarap', 'oke', 'layan', 'next', 'kesini', 'inap'];1
38;['museum', 'tarik', 'tata', 'rapi', 'museum', 'tempat', 'bekas', 'pabrik', 'rokok', 'bentoel', 'th', 'an', 'jalan', 'museum', 'lewat', 'pasar', 'belok', 'kanan', 'kulon', 'pasar', 'belok', 'kanan', 'jalan', 'wiromargo', 'relatif', 'sempit', 'padat', 'jalan', 'nya', 'arah', 'free', 'tiket', 'masuk', 'jaga', 'museum', 'ramah', 'sabar', 'jelas', 'baca', 'sejarah', 'rokok', 'bentoel', 'sedia', 'parkir', 'area', 'museum', 'menariik'];1
39;['hem', 'kota', 'malang', 'wajib', 'mampir', 'nih', 'masjid', 'besar', 'megah', 'kota', 'malang', 'karpet', 'empuk', 'banget', 'sholat', 'lebih', 'nyaman', 'khusuk'];1
40;['bakso', 'enak', 'banget', 'cocok', 'banget', 'bakso', 'bakar', 'habis', 'macem', 'isi', 'dr', 'bakso', 'siomay', 'goreng', 'pulang', 'slalu', 'bawa', 'kripik', 'bakso', 'donk'];1
41;['nama', 'unik', 'suasana', 'nyaman', 'letak', 'kampus', 'taman', 'pas', 'jadi', 'anak', 'muda', 'kumpul', 'positif', 'wadah', 'bagus', 'komunitas', 'panggung', 'tampil', 'seru', 'malam', 'jual', 'makan', 'suasana', 'nongkrong', 'murah', 'riah', 'asa'];1
42;['alun', 'alun', 'mudah', 'jangkau', 'kota', 'kereta', 'turun', 'stasiun', 'kota', 'jalan', 'kaki', 'alun', 'alun', 'tugu', 'alun', 'alun', 'bentuk', 'lingkar', 'tugu', 'taman', 'tengah', 'nyaman', 'dar', 'nongkrong', 'nongkrong'];1
43;['wisata', 'cocok', 'foto', 'foto', 'kerabat', 'letak', 'balai', 'kota', 'malang', 'stasiun', 'kota', 'malang', 'letak', 'parkir', 'pinggir', 'jalan', 'hati', 'hati', 'bawa', 'kendara', 'tiket', 'masuk', 'jangkau', 'saran', 'bawa', 'minum', 'lelah', 'turun', 'tangga', 'tidak', 'bawa', 'warga', 'jual'];1
44;['kenal', 'tinggal', 'tinggal', 'juang', 'zaman', 'tambah', 'tahu', 'jadi', 'jadi', 'jajah', 'gerbong', 'maut', 'merinding', 'sedih', 'baca', 'kisah'];1
45;['museum', 'banyak', 'isi', 'koleksi', 'benda', 'benda', 'juang', 'usir', 'jajah', 'bumi', 'nusantara', 'tampil', 'koleksi', 'alat', 'perang', 'senjata', 'tank', 'kursi', 'mobil', 'pakai', 'diplomasi', 'arsip', 'pakai', 'pakai', 'juang', 'revolusi', 'unjung', 'rasa', 'perlu', 'kenang', 'juang', 'susah'];1
46;['letak', 'jantung', 'kota', 'malang', 'bundar', 'indah', 'cocok', 'foto', 'foto', 'keluarga', 'senggang', 'nikmat', 'pagi', 'sejuk', 'senja', 'damai', 'malam', 'bagus', 'sorot', 'lampu', 'balai', 'kota', 'indah'];1
47;['museum', 'malang', 'tempo', 'doloe', 'bilang', 'jarang', 'orang', 'yg', 'tau', 'isi', 'putar', 'kota', 'malang', 'raja', 'singosari', 'list', 'jabat', 'tinggi', 'malang', 'jual', 'pernak', 'pernik', 'malang', 'lbh', 'rajin', 'sih', 'belah', 'pas', 'resto', 'inggil', 'jd', 'hbs', 'jalan', 'bs', 'makan', 'd'];1
48;['salah', 'icon', 'kota', 'malang', 'tugu', 'bagus', 'bersih', 'jaga', 'taman', 'indah', 'nyaman', 'foto', 'kalo', 'malang', 'ga', 'tuh', 'lengkap'];1
49;['suka', 'wisata', 'landmark', 'balai', 'tugu', 'kota', 'malang', 'wajib', 'kunjung', 'main', 'kota', 'malang', 'istilah', 'instagramable', 'sayang', 'bunga', 'bunga', 'artifisial', 'coba', 'tanam', 'bunga', 'alami', 'indah'];1
50;['sempat', 'unjung', 'masjid', 'jam', 'ibadah', 'alun', 'alun', 'malang', 'letak', 'masjid', 'strategis', 'seberang', 'alun', 'alun', 'malang', 'arsitek', 'bangun', 'jaga'];1
51;['pasar', 'bunga', 'hubung', 'pasar', 'burung', 'warna', 'warni', 'bunga', 'tanam', 'temu', 'burung', 'hewan', 'jangan', 'lupa', 'pergi', 'warna', 'warni', 'ikan', 'apuarium'];1
52;['pasar', 'burung', 'malang', 'ramai', 'jual', 'burung', 'jual', 'kios', 'kios', 'pinggir', 'trotoar', 'jembatan', 'aneka', 'ragam', 'jenis', 'burung', 'jual', 'sangkar', 'makan', 'nama', 'pasar', 'burung', 'hewan', 'jual', 'kelinci', 'musang', 'kucing', 'dagang', 'batu', 'akik', 'tinggal', 'ramai', 'pasar', 'burung', 'salah', 'obyek', 'wisata', 'alternatif', 'kota', 'malang'];1
53;['asik', 'belanja', 'harga', 'saing', 'lokasi', 'kota', 'mudah', 'tuju', 'parkir', 'luas', 'lumayan', 'lengkap', 'belanja', 'pas', 'promo', 'wow', 'hahahaha', 'nice'];1
54;['suka', 'masjid', 'sisi', 'bangun', 'megah', 'nan', 'modern', 'sisi', 'sentuh', 'tradisional', 'jawa', 'kental', 'langit', 'langit', 'atap', 'kayu', 'karpet', 'tebal', 'hawa', 'masjid', 'sejuk', 'jamaah', 'betah', 'lama', 'masjid', 'ibadah'];1
55;['hotel', 'milik', 'ruang', 'buka', 'luas', 'desain', 'antik', 'kamar', 'bersih', 'nyaman', 'ac', 'kurang', 'dingin', 'kasur', 'miring', 'kurang', 'nyaman', 'hotel', 'cocok', 'inap', 'keluarga', 'main', 'kolam', 'renang'];1
56;['hotel', 'lumayan', 'bagus', 'layan', 'lobi', 'bagus', 'harga', 'makan', 'restonya', 'mahal', 'ruang', 'kamar', 'sempit', 'kamar', 'bersih', 'toilet', 'bersih', 'tempat', 'strategis', 'nilai', 'bagus', 'harga', 'hemat'];1
57;['resto', 'indie', 'pilih', 'lelah', 'keliling', 'kota', 'malang', 'viewnya', 'bagus', 'lokasi', 'samping', 'sungai', 'hias', 'gazebo', 'unik', 'lelah', 'bayar', 'menu', 'tarik', 'lezat', 'layan', 'bagus', 'perlu', 'tunggu', 'makan', 'hidang', 'bisns', 'acara', 'keluarga', 'sayang', 'tuju', 'mata', 'nikmat', 'pandang', 'enak', 'nasi', 'bal', 'pilih', 'sanggup', 'habis', 'harga', 'lebih', 'banding', 'ukur', 'porsi', 'layan', 'pandang'];1
58;['taman', 'merbabu', 'daun', 'kalang', 'warga', 'kota', 'malang', 'tempat', 'pusat', 'kota', 'lewat', 'angkut', 'buat', 'mudah', 'capai', 'unjung', 'pohon', 'rindang', 'taman', 'asri', 'wahana', 'main', 'anak', 'cocok', 'kunjung', 'keluarga', 'bawa', 'anak'];1
59;['saran', 'ambil', 'foto', 'stasiun', 'kereta', 'api', 'malang', 'bunga', 'indah'];1
60;['konsep', 'one', 'shop', 'shopping', 'toko', 'bilang', 'lengkap', 'barang', 'cari', 'lokasi', 'kota', 'mudah', 'akses', 'harga', 'saing', 'ritel', 'modern', 'design', 'toko', 'libat', 'kuno', 'tambah', 'sendiri', 'pasuk', 'toko', 'temu', 'barang', 'langka'];1
61;['ajar', 'sejarah', 'museum', 'brawijaya', 'kenal', 'juang', 'gentar', 'sedikit', 'lawan', 'jajah', 'usik', 'merdeka', 'indonesia', 'senjata', 'pistol', 'meriam', 'halaman', 'gerbong', 'maut', 'angkut', 'juang', 'tawan', 'perang', 'jendral', 'sudirman', 'jangan', 'bimbang', 'hadap', 'derita', 'cita', 'cita', 'capai', 'berat', 'derita', 'alami', 'sungguh', 'obar', 'semangat', 'juang'];1
62;['mal', 'konsep', 'sporty', 'mana', 'lahan', 'belah', 'stadion', 'gajayana', 'mal', 'lengkap', 'malang'];1
63;['pulang', 'jkt', 'cari', 'cari', 'makan', 'siang', 'deket', 'deket', 'bandara', 'tempat', 'enak', 'ketemu', 'deh', 'si', 'taman', 'indie', 'resto', 'view', 'nya', 'asli', 'bagus', 'makan', 'enak', 'bandara', 'km', 'an'];1
64;['museum', 'brawijaya', 'tengah', 'kota', 'malang', 'cocok', 'teman', 'teman', 'sejarah', 'tentara', 'malang', 'senjata', 'diorama', 'juang', 'depan', 'musem', 'langsung', 'sambut', 'dg', 'tank', 'tank', 'yg', 'diri', 'kokoh', 'depan', 'museum', 'keliling', 'kolam', 'menyebrang', 'masuk'];1
65;['nyaman', 'yah', 'nyaman', 'deket', 'security', 'nya', 'ramah', 'layan', 'ramah', 'cuman', 'kamar', 'mandi', 'cacingnyaaaa', 'kamar', 'lantai', 'air', 'panasss', 'mantab', 'jaya', 'puanas', 'pollll', 'sampe', 'kiyer', 'kiyer', 'trus', 'hair', 'dryer', 'lemari', 'cuman', 'berisik'];1
66;['pasuk', 'museum', 'malang', 'tempo', 'doeloe', 'langsung', 'bawa', 'malang', 'doeloe', 'banget', 'diorama', 'diorama', 'benda', 'benda', 'koleksi', 'sejarah', 'lumayan', 'lengkap', 'cerita', 'mata', 'loh', 'malang', 'indonesia', 'merdeka', 'cahaya', 'tata', 'rupa', 'tata', 'apik', 'tambah', 'atmosfir', 'an', 'malang', 'napak', 'tilas', 'imaginatif', 'arung', 'jaman', 'jaman', 'malang', 'rangkak'];1
67;['bangkit', 'semangat', 'juang', 'yel', 'yel', 'merdeka', 'mati', 'semangat', 'tomo', 'pimpin', 'arek', 'arek', 'suroboyo', 'lawan', 'sekutu', 'nica', 'tanggal', 'nopember', 'tewas', 'jendral', 'belanda', 'mallaby', 'peristiwa', 'heroik', 'sobek', 'warna', 'biru', 'bendera', 'belanda', 'merah', 'putih', 'hotel', 'majapahit', 'perang', 'gerilya', 'pimpin', 'jendral', 'soedirman', 'operasi', 'trisula', 'terjun', 'pasu', 'trikora', 'iri', 'jaya', 'kirim'];1
68;['tidur', 'nyaman', 'twin', 'bed', 'gabung', 'makan', 'pagi', 'menu', 'lumayan', 'layan', 'ramah', 'anak', 'anak', 'nyaman', 'renang', 'kali', 'renang', 'bosan', 'terima', 'kasih', 'santika'];1
69;['objek', 'tarik', 'buka', 'libur', 'gedung', 'sate', 'istana', 'bogor', 'objek', 'sejarah', 'tarik'];1
70;['toko', 'avia', 'letak', 'pojok', 'jalan', 'jaksa', 'agung', 'suprapto', 'diri', 'kanak', 'kanak', 'pusat', 'belanja', 'diri', 'toko', 'eks', 'rame', 'unjung', 'konsep', 'toko', 'toko', 'swalayan', 'layan', 'counter', 'kue', 'basah', 'jual', 'barang', 'butuh', 'hari', 'sampo', 'minyak', 'goreng', 'jual', 'bahan', 'bahan', 'kue', 'cetak', 'camil', 'kue', 'lokasi', 'belanja', 'mudah', 'kunjung', 'lokasi', 'jalan', 'utama', 'angkut', 'mikrolet', 'ag', 'lewat'];1
71;['kota', 'malang', 'sy', 'jd', 'pilih', 'cari', 'ga', 'spookyy', 'jalan', 'malam', 'alhasil', 'nginep', 'tempat', 'bagus', 'bersih', 'harga', 'sesuai', 'bersih', 'layan', 'kamar', 'wifi', 'kenceng', 'maksimal', 'kamar', 'krn', 'kuat', 'signal', 'ga', 'pakai', 'acara', 'nanya', 'password', 'wi', 'fi', 'malam', 'jalan', 'kaki', 'kurang', 'lebih', 'menit', 'mall', 'olympic', 'garden', 'enak', 'sore', 'gt', 'pandang', 'bagus', 'pulang', 'jangan', 'lebih', 'dr', 'jam', 'malam', 'hotel', 'my', 'pleasant', 'stay', 'here', 'd'];1
72;['malang', 'town', 'square', 'kenal', 'matos', 'salah', 'mall', 'kota', 'malang', 'letak', 'kampus', 'malang', 'universitas', 'brawijaya', 'um', 'uin', 'umm', 'kampus', 'unjung', 'kalang', 'mahasiswa', 'bioskop', 'renovasi', 'fasilitas', 'lengkap', 'foodcourt', 'musholla', 'toilet', 'matahari', 'dept', 'store', 'kfc', 'ph', 'roti', 'boy', 'gramedia', 'pustaka', 'stan', 'pakai', 'boneka', 'aksesoris', 'pafrum', 'jam', 'tangan'];1
73;['balai', 'kota', 'malang', 'depan', 'taman', 'indah', 'hias', 'hias', 'tarik', 'salah', 'spot', 'tarik', 'potografer', 'malang'];1
74;['taman', 'konsep', 'family', 'park', 'wahana', 'main', 'anak', 'anak', 'alat', 'alat', 'berolaraga', 'gratis', 'jalan', 'ijen', 'kota', 'malang'];1
75;['mog', 'salah', 'mall', 'favorit', 'kunjung', 'malang', 'matos', 'tempat', 'cocok', 'belanja', 'cari', 'makan', 'mahal', 'tenant', 'makan', 'sehngga', 'mudah', 'cari', 'makan', 'cari', 'barang', 'barang', 'tas', 'survernir', 'accesoris', 'hp', 'lengkap', 'lengkap', 'giant', 'pokok', 'mall', 'matos', 'layak', 'kunjung', 'malang', 'letak', 'mog', 'strategis', 'pusat', 'kota', 'inap', 'hotel', 'aria', 'gajayana', 'hotel', 'biintang', 'salah', 'hotel', 'baik', 'malang'];1
76;['taman', 'letak', 'jalan', 'merbabu', 'guest', 'house', 'merbabu', 'milik', 'tempar', 'main', 'utk', 'anak', 'lapang', 'futsal', 'arena', 'pasir', 'rumput', 'cocok', 'utk', 'ajak', 'putra', 'putri', 'jalan', 'sore', 'bersih'];1
77;['tepat', 'jodipan', 'kampung', 'unik', 'warna', 'warni', 'masuk', 'tarif', 'rupiah', 'gambar', 'seni', 'lucu', 'dimensi'];1
78;['konsep', 'waterpark', 'yg', 'betah', 'lama', 'main', 'air', 'saran', 'datang', 'lebih', 'pagi', 'nikmat', 'ombak', 'tsunami', 'x', 'buka', 'wahana'];1
79;['masjid', 'jam', 'milik', 'desain', 'arsitektur', 'bagus', 'wudhu', 'toilet', 'bersih', 'toilet', 'mukenah', 'pinjam', 'masjid', 'jamaah', 'bersih', 'bau', 'shalat', 'luas', 'suasana', 'kondusif', 'tempat', 'pinggir', 'jalan', 'raya', 'masuk', 'masjid', 'suasana', 'tenang', 'dengar', 'lalang', 'kendara', 'motor', 'karpet', 'bersih', 'empuk'];1
80;['htm', 'rp', 'jeprat', 'jepret', 'foto', 'suka', 'hati', 'spot', 'foto', 'keren', 'cocok', 'suka', 'foto', 'foto', 'warga', 'ramah', 'ramah', 'sedia', 'toilet', 'musholla', 'tambah', 'kampung', 'tridi', 'nya', 'udah', 'gak', 'perlu', 'wahana', 'tridi', 'mahal', 'mahal', 'deh', 'kesini', 'aja', 'murah', 'riah'];1
81;['for', 'the', 'first', 'time', 'makan', 'bakso', 'presiden', 'kenal', 'malang', 'pas', 'ngantriii', 'sdh', 'jam', 'makan', 'siang', 'kasir', 'menu', 'habis', 'jd', 'kamj', 'mes', 'menu', 'bakso', 'bakar', 'enak', 'bakso', 'malang', 'supeeer', 'istimewa', 'makan', 'pinggir', 'rel', 'kereta', 'waaaw', 'awesome'];1
82;['design', 'bagus', 'malang', 'kantor', 'walikota', 'asri', 'adem', 'air', 'mancur', 'bagus', 'neng', 'selfi'];1
83;['tempat', 'bagus', 'lampu', 'kelap', 'kelip', 'sore', 'malam', 'cocok', 'nongkrong', 'remaja', 'bising', 'lewat', 'kendara', 'ramai'];1
84;['nya', 'bagus', 'bersih', 'enak', 'kolam', 'tsunami', 'seru', 'banget', 'kolam', 'arus', 'nya', 'enak', 'banget', 'tp', 'jalan', 'loker', 'area', 'main', 'panas', 'kaki', 'asa', 'panas', 'banget', 'ga', 'pakai', 'alas', 'kaki', 'pohon', 'nya', 'kurang'];1
85;['museum', 'letak', 'bahan', 'restoran', 'sedia', 'dekorasi', 'kait', 'kota', 'tua', 'malang', 'tiket', 'murah', 'ajar', 'singkat', 'padat', 'kait', 'kota', 'malang', 'cocok', 'tau', 'kota', 'malang', 'orang', 'malang', 'tau', 'lokasi', 'museum', 'informasi', 'sejarah', 'kota', 'malang', 'senang'];1
86;['banding', 'mog', 'mall', 'lebih', 'lengkap', 'mall', 'seringkali', 'ramai', 'unjung', 'daerah', 'kampus'];1
88;['kesini', 'lumayan', 'tempat', 'cocok', 'foto', 'foto', 'ala', 'vokalis', 'symphonic', 'metal', 'gitu', 'keren', 'deh', 'pokok'];1
89;['bundar', 'tugu', 'spot', 'indah', 'strategis', 'kota', 'malang', 'taman', 'cantik', 'tata', 'bunga', 'tawan', 'jalan', 'kaki', 'kunjung', 'sejarah', 'gedung', 'walikota', 'taman', 'rekreasi', 'kota', 'dewan', 'seni', 'malang', 'stasiun', 'kota', 'malang', 'pasar', 'bunga', 'hias', 'hewan', 'splendid', 'hotel', 'tugu'];1
90;['suka', 'matos', 'bwt', 'jalan', 'belanja', 'aktivitas', 'bisnis', 'yg', 'perlu', 'mall', 'bank', 'yg', 'cenderung', 'tdk', 'byk', 'antri', 'drpd', 'bank', 'tmpt', 'transaksi', 'toko', 'emas', 'yg', 'suka', 'ruang', 'busui', 'musholanya', 'skg', 'jg', 'bangun', 'area', 'parkir', 'lbh', 'luas', 'dr', 'sebelumny', 'oiya', 'wkt', 'kesana', 'lantai', 'lukis', 'd', 'nya', 'jd', 'cocok', 'bwt', 'yg', 'hobby', 'foto'];1
91;['renovasi', 'alun', 'alun', 'malang', 'ubah', 'ruas', 'ruas', 'jalan', 'alun', 'alun', 'tambah', 'fasilitas', 'ajak', 'keliling', 'wajah', 'alun', 'alun', 'malang'];1
92;['layan', 'proses', 'regristasi', 'antar', 'kamar', 'staff', 'ramah', 'hotel', 'bersih', 'kamar', 'nya', 'luas', 'layan', 'staff', 'restaurant', 'cepat', 'sarap', 'pagi', 'pilih'];1
93;['kampung', 'nuansa', 'warna', 'warni', 'duduk', 'ramah', 'ramah', 'bebas', 'foto', 'foto', 'ide', 'cemerlang', 'kampung', 'obyek', 'wisata'];1
94;['cinta', 'sejarah', 'wajib', 'kunjung', 'ajar', 'tambah', 'wawas', 'sejarah'];1
95;['tempat', 'bagus', 'malam', 'lihat', 'lampu', 'nang', 'nang', 'lokasi', 'kota', 'rasa', 'bising'];1
96;['suasana', 'sejuk', 'tenang', 'kawasan', 'keliling', 'bangun', 'nuansa', 'kolonial', 'pusat', 'kota', 'malang', 'mudah', 'jangkau', 'stasiun', 'utama', 'kota', 'malang', 'jangan', 'lupa', 'mampir', 'ambil', 'foto', 'kota', 'malang'];1
97;['bagus', 'berselfie', 'ria', 'foto', 'malam', 'lebih', 'asyik', 'lebih', 'terang', 'lampu', 'berwrna', 'warni'];1
98;['hotel', 'bagus', 'karyawannya', 'ramah', 'ramah', 'layan', 'bagus', 'sarap', 'enak', 'makan', 'lengkap', 'lokasi', 'strategis', 'mana', 'kamar', 'luas', 'harga', 'mahal'];1
99;['masjid', 'letak', 'belah', 'alun', 'malang', 'yg', 'tonjol', 'arsitek', 'bangun', 'cat', 'putih', 'kilas', 'masjid', 'timur', 'sentuh', 'indonesia', 'yg', 'pintu', 'yg', 'buat', 'kayu', 'yg', 'pelitur', 'coklat', 'habis', 'magrib', 'aji', 'jd', 'cocok', 'yg', 'lebih', 'ilmu', 'agama', 'islam'];1
100;['sy', 'sdh', 'bbrpa', 'kali', 'belanja', 'toko', 'avia', 'pintas', 'kalo', 'harga', 'relatif', 'lbh', 'murah', 'banding', 'toko', 'swalayan', 'yg', 'jenis', 'lumyan', 'lengkap', 'jg', 'sy', 'tdk', 'perhati', 'bayar', 'kasir', 'krn', 'kalo', 'belanja', 'belanja', 'dlm', 'yg', 'banyk', 'butuh', 'hari', 'minggu', 'biasa', 'kalo', 'sdh', 'blanja', 'tdk', 'ngecek', 'struknya', 'pokok', 'bayar', 'yg', 'ditujukkan', 'struk', 'tp', 'belanja', 'juta', 'rupiah', 'sy', 'kaget', 'krn', 'struk', 'rincian', 'yg', 'bingung', 'tdk', 'tau', 'barang', 'krn', 'struk', 'tdk', 'nama', 'item', 'cm', 'kode', 'kode', 'toko', 'tsb', 'harga', 'item', 'tsbt', 'saking', 'bingung', 'bebrapa', 'barang', 'yg', 'tempel', 'harga', 'tp', 'bbrp', 'barang', 'tdk', 'label', 'harga', 'cek', 'satu', 'lg', 'aja', 'yg', 'masukin', 'belanja', 'tp', 'gk', 'nemu', 'jawab', 'muncul', 'curiga', 'si', 'kasir', 'buat', 'curang', 'krn', 'kode', 'harga', 'yg', 'masuk', 'dobel', 'bbrp', 'kali', 'krn', 'tulis', 'kode', 'item', 'harga', 'struk', 'tdk', 'lacak', 'barang', 'skrg', 'kapok', 'belanja', 'lg', 'avia', 'krn', 'jadi', 'tambah', 'lg', 'sikap', 'n', 'perilaku', 'si', 'kasir', 'laki', 'laki', 'yg', 'tugas', 'meja', 'yg', 'tdk', 'ramah', 'wkt', 'mata', 'tegur', 'dgn', 'kasar', 'rekan', 'kerja', 'yg', 'tugas', 'bantu', 'masuk', 'barang', 'kresek', 'review', 'moga', 'jd', 'ajar', 'yg', 'lbh', 'hati', 'hati', 'pilih', 'belanja', 'perhati', 'struk', 'sesuai', 'dgn', 'barang', 'yg', 'beli'];0
101;['booking', 'harris', 'tamu', 'tanggal', 'oktober', 'kecewa', 'karyawan', 'tamu', 'tambah', 'handuk', 'langsung', 'merespon', 'tawar', 'harga', 'nya', 'sapa', 'layan', 'senyum', 'langsung', 'sebut', 'harga', 'charge', 'handuk', 'bantu', 'kupas', 'mangga', 'pasang', 'tarif', 'rb', 'fasilitas', 'tuju', 'bayar', 'upgrade', 'kamar', 'apa', 'minta', 'customernya', 'bahasa', 'kasar', 'kes', 'urak', 'kalo', 'percaya', 'silah', 'coba', 'inap', 'sana'];0
102;['kota', 'malang', 'inisiasi', 'taman', 'rekreasi', 'kota', 'buka', 'tman', 'rekreasi', 'kota', 'tareko', 'bantaran', 'sungai', 'brantas', 'balai', 'kota', 'malang', 'taman', 'rekreasi', 'sedia', 'sarana', 'minim', 'menginat', 'tempat', 'luas', 'sangkar', 'sangkar', 'isi', 'hewan', 'piara', 'burung', 'kakak', 'tua', 'burung', 'hantu', 'kera', 'siamang', 'pekan', 'lapang', 'parkir', 'balai', 'kota', 'sulap', 'taman', 'main', 'anak', 'anak', 'mobil', 'mobil', 'kolam', 'renang', 'buka'];0
103;['kunjung', 'kunjung', 'pas', 'siang', 'yg', 'panas', 'goda', 'ngicip', 'menu', 'pilih', 'jatuh', 'sayur', 'asem', 'lauk', 'empal', 'empal', 'empuk', 'goda', 'd', 'kaya', 'rempah', 'icip', 'si', 'suap', 'icip', 'tau', 'manis', 'nya', 'maaf', 'kurang', 'suka', 'makan', 'manis', 'segar', 'sayur', 'asem', 'nya', 'tutup', 'manis', 'harga', 'dg', 'menu'];0
104;['gak', 'pepet', 'males', 'nginep', 'situ', 'hotel', 'rate', 'lebih', 'kamar', 'mandi', 'gak', 'bersih', 'bersih', 'sembunyi', 'perhati'];0
105;['ber', 'orang', 'harap', 'layan', 'maksimal', 'restoran', 'recommended', 'malang', 'sayang', 'meja', 'saji', 'makan', 'tumpuk', 'pisah', 'pisah', 'sisi', 'meja', 'gilir', 'makan', 'ujung', 'ujung', 'cakap', 'isi', 'geser', 'makan', 'kwitansi', 'bayar', 'rangka', 'urus', 'kantor', 'milik', 'kwitansi', 'cari', 'aneh', 'materai', 'restoran', 'mana', 'pergi', 'sedia', 'lebih', 'gila', 'invoice', 'kwitansi', 'sama', 'salah', 'alhasil', 'esok', 'restoran', 'jam', 'pulang', 'kerja', 'akses', 'kesana', 'macet', 'ambil', 'kwitansi', 'bermaterai', 'lupa', 'pandang', 'ambience', 'layan', 'lebih', 'buruk', 'beli', 'makan', 'untrained', 'staff', 'kecewa'];0
106;['kurang', 'puas', 'layan', 'kamar', 'kamar', 'mandi', 'nya', 'masalah', 'housekeeper', 'nya', 'kurang', 'mempeprhatikan', 'standart', 'dlm', 'make', 'up', 'room', 'kamar', 'berisik', 'handuk', 'tdk', 'bersih', 'genang', 'air', 'kamar', 'mandi'];0
107;['suara', 'd', 'lorong', 'kamar', 'dengar', 'keras', 'kamar', 'tidur', 'nyenyak', 'ganggu', 'jam', 'jam', 'pagi', 'anak', 'teriak', 'lorong', 'kamar', 'kedap', 'suara', 'bangun', 'tamu', 'yg', 'tidur', 'akses', 'internet', 'putus', 'pancur', 'shower', 'kurang', 'kencang', 'deras'];0
108;['museum', 'ubah', 'renovasi', 'an', 'koleksi', 'kurang', 'pelihara', 'lokasi', 'strategis', 'jalan', 'ijen'];0
109;['taman', 'indie', 'masuk', 'lobbynya', 'kaya', 'org', 'nyelonong', 'ga', 'brp', 'org', 'sampe', 'hrs', 'nanya', 'kasir', 'duduk', 'meja', 'kasir', 'krn', 'penuh', 'duduk', 'menu', 'kasih', 'menit', 'liat', 'menu', 'panggil', 'pegawai', 'kasir', 'pegawai', 'pegawai', 'bilang', 'sebentar', 'mutar', 'muter', 'trus', 'trus', 'hilang', 'mana', 'pegawai', 'panggil', 'pertama', 'kaya', 'ga', 'dengerin', 'lwt', 'belah', 'trus', 'rada', 'kencengin', 'manggil', 'noleh', 'bilanh', 'bentar', 'trus', 'mangkal', 'kasir', 'hilang', 'mana', 'jengkel', 'menit', 'didiemin', 'kasir', 'ktnya', 'nunggu', 'menit', 'jam', 'mkn', 'sy', 'lempar', 'menu', 'tinggal', 'pulang', 'resto', 'dgn', 'review', 'tripadvisor', 'dgn', 'urut', 'no', 'hrsnya', 'model', 'gin', 'urut', 'ratus', 'service', 'dlm', 'resto', 'no', 'resto', 'sebsr', 'pegawai', 'standby', 'lobby', 'cmn', 'trus', 'tinggal', 'kasir', 'aja', 'ga', 'niat', 'jual', 'kali', 'sombong', 'parahhhh'];0
110;['bakso', 'biasa', 'aja', 'ga', 'yg', 'spesial', 'kalo', 'makan', 'asa', 'lbh', 'tepung', 'bakso', 'yg', 'spesial', 'layan', 'yg', 'minim'];0
111;['sayang', 'malang', 'night', 'market', 'banget', 'dagang', 'tutup', 'jual', 'sepi', 'kurang', 'lengkap', 'letak', 'lumayan', 'jangkau', 'kampus', 'malang', 'sepi', 'minat'];0
112;['maaf', 'mohon', 'utama', 'layan', 'prima', 'nya', 'pegawai', 'nya', 'galak', 'galak', 'perempuan', 'masuk', 'wahana', 'wisata', 'gratis', 'mohon', 'harga'];0
113;['biasa', 'aja', 'menang', 'sejarah', 'aja', 'kali', 'warung', 'tua', 'legendaris', 'jaman', 'kalo', 'liat', 'segi', 'biasa', 'aja', 'daaaan', 'rada', 'mahal', 'sih'];0
114;['lokasi', 'kurang', 'strategis', 'harga', 'mahal', 'ngga', 'banding', 'ama', 'antri', 'banget', 'layan', 'kurang', 'ramah', 'ramah', 'layan', 'cuek', 'nyesel', 'banget', 'mampir', 'situ', 'huhhhh'];0
115;['tempat', 'bagus', 'anak', 'main', 'sayang', 'lokasi', 'keliling', 'jalan', 'ramai', 'kendara', 'bising'];0
116;['kunci', 'kamar', 'rusak', 'sdh', 'bantu', 'tugas', 'buka', 'manual', 'janji', 'baik', 'tunggu', 'jam', 'lebih', 'baik', 'malam', 'reception', 'telpon', 'kamar', 'konfirmasi', 'besok', 'pagi', 'perlu', 'surat', 'kabar', 'tuju', 'kirim', 'surat', 'kabar', 'kompas', 'tp', 'surat', 'kabar', 'kirim', 'kamar', 'cek', 'out'];0
117;['keluarga', 'keluarga', 'inap', 'shower', 'air', 'panas', 'sedia', 'am', 'pm', 'orang', 'staf', 'buat', 'keluh', 'pergi', 'balita'];0
118;['susun', 'kamar', 'lumayan', 'kurang', 'bed', 'nya', 'kurang', 'bersih', 'air', 'panas', 'kurang', 'fungsi', 'malam', 'panas', 'pagi', 'panas', 'alias', 'dingin', 'tekan', 'shower', 'kurang', 'lokasi'];0
119;['not', 'friendly', 'state', 'suruh', 'keponakan', 'manggil', 'waiters', 'area', 'pool', 'keponakan', 'kasi', 'menu', 'restaurant', 'disuru', 'bawa', 'duduj', 'pool', 'layan', 'hotel', 'bad', 'attitude', 'jam', 'pagi', 'checkout', 'late', 'check', 'out', 'reseptionist', 'meng', 'iya', 'charge', 'rb', 'jam', 'hitung', 'jam', 'siang', 'deal', 'sampe', 'jam', 'meeting', 'siang', 'istri', 'tinggal', 'anak', 'jam', 'telp', 'tdk', 'bs', 'late', 'checkout', 'booking', 'istri', 'telp', 'complain', 'hotel', 'via', 'handphone', 'hotel', 'putus', 'bs', 'late', 'checkout', 'indah', 'minta', 'agreement', 'yg', 'jam', 'pagi', 'jam', 'checkout', 'istri', 'bolak', 'telponin', 'diwarning', 'checkout', 'jam', 'panik', 'buru', 'maksud', 'usir', 'bayar', 'juta', 'lebih', 'kamar', 'pelayannanya'];0
120;['taman', 'rekreasi', 'kota', 'tarekot', 'letak', 'belakang', 'balai', 'kota', 'malang', 'lengkap', 'aneka', 'burung', 'joging', 'track', 'sungai', 'jual', 'sayang', 'awat', 'wajar', 'sepi', 'unjung', 'jual', 'makan', 'tutup', 'sepi', 'unjung', 'sayang', 'rekreasi', 'murah', 'perlu', 'masyarakat', 'rawat', 'kurang', 'awat', 'sepi', 'unjung'];0
121;['layan', 'kecewa', 'segmentasi', 'langgan', 'langgan', 'kaya', 'biasa', 'layan', 'cuek', 'orng', 'tampil', 'biasa', 'sesal', 'mes', 'hotel', 'fasilitas', 'hotel', 'bagus', 'dukung', 'akibat', 'layan', 'feedback', 'buruk', 'hotel', 'milik', 'rate', 'nb', 'tugas', 'cuman', 'housekeeping', 'ramah', 'terima', 'kasih'];0
122;['kondisi', 'pool', 'jelek', 'kurang', 'safety', 'u', 'kids', 'keramik', 'yg', 'copot', 'kaki', 'anak', 'sy', 'gores', 'ujung', 'keramik', 'lampu', 'sorot', 'copot', 'hand', 'towel', 'tdk', 'pas', 'checkout', 'jd', 'tdk', 'nyaman'];0
123;['tempat', 'bagus', 'luas', 'keluarga', 'senang', 'tempat', 'panas', 'pohon', 'pohon', 'kurang', 'lg', 'teduh', 'minim', 'kurang', 'awas', 'security', 'kolam', 'moga', 'lebih', 'depan'];0
124;['taman', 'main', 'anak', 'taman', 'keluarga', 'sayang', 'pohon', 'kurang', 'lebat', 'suasana', 'taman', 'kurang', 'asri', 'bunga', 'bunga', 'kurang', 'awat', 'main', 'anak', 'kurang', 'awat'];0
125;['pergi', 'seberang', 'hotel', 'bangun', 'lebih', 'tarik', 'objek', 'wisata', 'pandang', 'informasi', 'percaya', 'angker', 'lebih', 'seram', 'layak', 'kunjung', 'pergi'];0
126;['rasa', 'bakso', 'president', 'kualitas', 'bakso', 'sedia', 'kurang', 'ruang', 'luas', 'bersih', 'kurang', 'jaga'];0
127;['kunjung', 'ku', 'kali', 'museum', 'i', 'don', 't', 'know', 'what', 'happen', 'between', 'indonesia', 'and', 'museum', 'negara', 'gak', 'emas', 'benda', 'benda', 'sejarah', 'tarik', 'sejarah', 'indonesia', 'tarik', 'jujur', 'aja', 'museum', 'kotor', 'debu'];0
128;['museum', 'brawijaya', 'manfaat', 'ilmu', 'tahu', 'kenal', 'sejarah', 'kondisi', 'kurang', 'awat', 'kurang', 'tarik', 'mati', 'wisatawan'];0
129;['pesan', 'kamar', 'kamar', 'dekat', 'recepsionist', 'saran', 'lantai', 'smooking', 'room', 'tuju', 'syarat', 'jangan', 'cium', 'bau', 'rokok', 'tugas', 'jamin', 'cium', 'bau', 'rokok', 'terapi', 'kamar', 'pakai', 'compliment', 'buah', 'ac', 'dingin', 'kamar', 'belah', 'bau', 'rokok', 'pekat', 'teko', 'panas', 'tissue', 'tinggal', 'komplain', 'tugas', 'hotel', 'tawar', 'kamar', 'tuju', 'kunci', 'kamar', 'api', 'jalan', 'jalan', 'kunci', 'kamar', 'kunci', 'kamar', 'alas', 'terapi', 'majernya', 'pas', 'masuk', 'kamar', 'bau', 'rokok', 'kamar', 'mandi', 'bau', 'rokok', 'saran', 'jangan', 'kamar', 'meroko', 'tamu', 'rokok', 'bawa', 'anak'];0
130;['musim', 'libur', 'suami', 'anak', 'renang', 'nya', 'suasana', 'kolam', 'ramai', 'oke', 'tdk', 'selang', 'kolam', 'sepi', 'nyaman', 'kelompok', 'org', 'dewasa', 'remaja', 'ajar', 'renang', 'gaduh', 'serasa', 'kolam', 'milik', 'pribadi', 'i', 'tamu', 'yg', 'tdk', 'inap', 'lokasi', 'makan', 'area', 'kolam', 'kurang', 'tata', 'krn', 'meja', 'unt', 'makan', 'cangkir', 'tea', 'nya', 'debu', 'kecewaaaa'];0
131;['sampa', 'hotel', 'harris', 'malang', 'satu', 'karyawan', 'yg', 'sambut', 'datang', 'karyawan', 'yg', 'angkat', 'koper', 'mobil', 'libur', 'anak', 'umur', 'beli', 'room', 'breakfast', 'traveloka', 'check', 'in', 'anak', 'umur', 'kena', 'breakfast', 'resepsionis', 'open', 'credit', 'card', 'breakfast', 'shuttle', 'free', 'bandara', 'antar', 'bandara', 'kena', 'biaya', 'flight', 'jam', 'mes', 'mobil', 'antar', 'bandara', 'biaya', 'check', 'out', 'buru', 'buru', 'bandara', 'tagih', 'main', 'tanda', 'tangan', 'nya', 'jakarta', 'buka', 'amplop', 'hotel', 'harris', 'tagih', 'breakfast', 'orang', 'telphone', 'hotel', 'tagih', 'orang', 'kena', 'orang', 'anak', 'umur', 'pihak', 'hotel', 'harris', 'malang', 'selesai', 'masalah', 'masa', 'uang', 'benci', 'curang', 'yg', 'hotel', 'harris', 'hotel', 'harris', 'bilang', 'shuttle', 'free', 'nyata', 'bayar', 'hotel', 'harris', 'free', 'breakfast', 'umur', 'nyata', 'bayar', 'moga', 'hotel', 'haris', 'yg', 'kolam', 'renang', 'kotor', 'daun', 'mana', 'lantai', 'kolam', 'renang', 'licin', 'kamar', 'mandi', 'kolam', 'renang', 'kotor', 'breakfast', 'hambar', 'enak', 'profesional', 'hotel', 'bintang'];0
132;['bau', 'kamar', 'enak', 'air', 'panas', 'menit', 'kamar', 'mandi', 'bekas', 'rambut', 'unjung', 'ngumpul', 'bagus', 'layan', 'nya', 'kurang', 'bagus', 'cocok'];0
133;['tempat', 'gue', 'asik', 'karna', 'padet', 'puol', 'special', 'ice', 'creamnya', 'biasaa', 'ajahh'];0
134;['bangun', 'nama', 'wisma', 'tumapel', 'letak', 'jalan', 'tumapel', 'no', 'bundar', 'tugu', 'balaikota', 'malang', 'bangun', 'bangun', 'diri', 'dempet', 'bangun', 'kabar', 'wisma', 'huni', 'civitas', 'akademika', 'universitas', 'negeri', 'malang', 'huni', 'wisma', 'pindah', 'tinggal', 'mantan', 'dosen', 'bangun', 'bekas', 'tinggal', 'jabat', 'perintah', 'hindia', 'belanda', 'kondisi', 'awat', 'hun', 'tukang', 'becak', 'nongkrong', 'wisma', 'tumapel', 'bangun', 'huni', 'mahluk', 'halus', 'kadang', 'suka', 'muncul', 'malam', 'tugas', 'sekuriti', 'wisma', 'tumapel', 'aku', 'kesan', 'horor', 'salah', 'wisma', 'tumapel'];0
135;['langgan', 'setia', 'hotel', 'malam', 'td', 'stay', 'kali', 'layan', 'yg', 'kecewa', 'pd', 'sahur', 'td', 'malam', 'iniinfo', 'terima', 'dr', 'reception', 'resto', 'buka', 'jam', 'pagi', 'sdh', 'utk', 'sahur', 'dtg', 'staff', 'msh', 'pd', 'tidur', 'lampu', 'msh', 'mati', 'gelap', 'tunggu', 'lbh', 'dr', 'menit', 'utk', 'bs', 'sahur', 'menu', 'utama', 'blm', 'saji', 'dr', 'standart', 'santika', 'tahu', 'rasa'];0
136;['kesini', 'adik', 'mau', 'beli', 'ice', 'cream', 'menit', 'dicuekin', 'pas', 'menu', 'kasih', 'lempar', 'muka', 'cemberut', 'kl', 'ngak', 'ikhlas', 'ngak', 'kerja', 'mbak', 'layan', 'anak', 'pakai', 'seragam', 'putih', 'hitam', 'ngak', 'anak', 'magang', 'mmg', 'seragam', 'gitu', 'yg', 'kali', 'kecewa', 'krn', 'layan', 'spt', 'kesini', 'ogah', 'bro', 'layan', 'blm'];0
137;['breakfast', 'nya', 'kecewa', 'menu', 'yg', 'persis', 'biasa', 'banget', 'tingkat', 'layak', 'hotel', 'bintang', 'langit', 'kamar', 'mandi', 'rontok', 'lokasi', 'strategis'];0
138;['museum', 'luas', 'keliling', 'jam', 'secera', 'oke', 'kurang', 'jasa', 'guide', 'pandu', 'guide', 'lebih'];0
139;['bau', 'karpet', 'lorong', 'apek', 'tdk', 'nyaman', 'jalan', 'lorong', 'sirkulasi', 'udara', 'kamar', 'kurang', 'layan', 'senang', 'lift', 'turun', 'lambat', 'butuh', 'maintenance', 'suasana', 'hotel', 'bagus'];0
140;['sarap', 'keluarga', 'toko', 'oen', 'menang', 'branding', 'masakan', 'minum', 'harap', 'harga', 'mahal', 'kelas', 'harga', 'hotel', 'buruk', 'mes', 'nasi', 'goreng', 'asin', 'fresh', 'juice', 'dingin', 'layan', 'counter', 'roti', 'cemberut', 'senyum', 'for', 'sure', 'not', 'coming', 'back', 'to', 'this', 'restourant'];0
141;['tanggal', 'desember', 'kemarin', 'rombong', 'kantor', 'rencana', 'jalan', 'dinas', 'kota', 'malang', 'browsing', 'putus', 'inap', 'hotel', 'minggu', 'rencana', 'pergi', 'sdh', 'booking', 'kamar', 'hotel', 'tgl', 'des', 'transfer', 'dpnya', 'yg', 'lebih', 'charge', 'hotel', 'kota', 'malang', 'alangkah', 'kejut', 'chek', 'in', 'kamar', 'sedia', 'front', 'desk', 'bantu', 'cenderung', 'remeh', 'proses', 'tunggu', 'krg', 'lebih', 'jam', 'baru', 'kamar', 'yg', 'beda', 'yg', 'pesan', 'smoking', 'room', 'panjang', 'chek', 'out', 'boleh', 'alas', 'kamar', 'pes', 'kereta', 'berangkat', 'jam', 'sore', 'titip', 'barang', 'loby', 'tunggu', 'jadwal', 'berangkat', 'kereta', 'sebal', 'ambil', 'barang', 'titip', 'tugas', 'mengijinkan', 'alas', 'kartu', 'ambil', 'barang', 'titip', 'kartu', 'titip', 'barang', 'tugas', 'jaga', 'beda', 'tugas', 'yg', 'ganti', 'shift', 'kurang', 'menit', 'berangkat', 'kereta', 'debat', 'tugas', 'bersikukuh', 'barang', 'tiket', 'baru', 'keluar', 'id', 'card', 'debat', 'lepas', 'barang', 'lari', 'kejar', 'kereta', 'nya', 'muas', 'hotel', 'menu', 'b', 'fast', 'yg', 'lengkap', 'lebih', 'kecewa', 'layan', 'hotel'];0
142;['layan', 'order', 'aja', 'susah', 'makan', 'mnt', 'ice', 'cream', 'lebih', 'dr', 'mnt', 'solusi', 'ambil', 'makan'];0
143;['kali', 'inap', 'sayangx', 'tanggal', 'maret', 'kemarin', 'kecewa', 'inap', 'sprei', 'kamar', 'ganti', 'meja', 'kamar', 'tata', 'rapi', 'tulis', 'web', 'complimentary', 'breakfast', 'checkin', 'breakfast', 'dapet', 'suruh', 'bayar'];0
144;['atur', 'inap', 'kurang', 'fleksibel', 'resepsionis', 'kurang', 'sahabat', 'ganggu', 'nyaman', 'libur', 'gak', 'fan', 'kamar', 'mandi', 'jd', 'rada', 'bau', 'lembab', 'lokasi', 'strategis', 'pandang', 'balkon', 'pagi', 'sejuk', 'mata'];0
145;['nilai', 'jelek', 'antri', 'ueddan', 'tenan', 'gila', 'banget', 'teman', 'biasa', 'kereta', 'kenal', 'nilai'];0
146;['hotel', 'jorok', 'lantai', 'lengket', 'makan', 'cecer', 'cangkir', 'kerubut', 'semut', 'toilet', 'bekas', 'bab', 'warna', 'kuning', 'bersih', 'bed', 'sheet', 'noda', 'sarung', 'bantal', 'lubang'];0
147;['istri', 'gym', 'anggota', 'minggu', 'siang', 'sore', 'istri', 'milik', 'alam', 'keri', 'hotel', 'olahraga', 'ambil', 'mandi', 'kamar', 'mandi', 'gym', 'afterbath', 'duduk', 'sofa', 'tunggu', 'istri', 'gigil', 'ponsel', 'coba', 'mandi', 'pegang', 'ponsel', 'pintu', 'kamar', 'mandi', 'ponsel', 'blok', 'arah', 'kaget', 'gerak', 'sudut', 'tunggu', 'orang', 'pergi', 'sayang', 'istri', 'dapat', 'salah', 'staf', 'biaya', 'staf', 'laki', 'laki', 'shift', 'standby', 'orang', 'melambang', 'pengaruh', 'siang', 'sore', 'pm', 'kali', 'fyi', 'gym', 's', 'pintu', 'kamar', 'mandi', 'milik', 'senjang', 'sisi', 'staf', 'laki', 'laki', 'bebas', 'masuk', 'toilet', 'wanita', 'toilet', 'perempuan', 'bersih', 'staf', 'layan', 'batas', 'staf', 'perempuan', 'alam', 'keri', 'latih', 'manajemen', 'hotel', 'ambil', 'catat', 'didik', 'moral', 'staf', 'perilaku', 'patut', 'harap', 'tidak', 'hotel', 'tamu', 'anggota'];0
148;['inap', 'kertanegara', 'maret', 'kamar', 'lantai', 'kesan', 'inap', 'bagus', 'ukur', 'guest', 'house', 'layak', 'sebut', 'klaim', 'premium', 'guest', 'house', 'catat', 'okok', 'aktif', 'siap', 'kecewa', 'hotel', 'ketat', 'atur', 'larang', 'rokok', 'kamar', 'kamar', 'mandi', 'ancam', 'denda', 'juta', 'paksa', 'tandatangan', 'tuju', 'pasal', 'area', 'rokok', 'kafe', 'balkon', 'lantai', 'repot', 'pilih', 'inap', 'siap', 'kecewa', 'sarap', 'harga', 'rp', 'pax', 'sarap', 'sungguh', 'masuk', 'akal', 'pilih', 'menu', 'lokasi', 'bagus', 'sayang', 'suara', 'bising', 'jalan', 'dengar', 'kamar', 'inap', 'malam', 'minggu', 'siap', 'dengar', 'raung', 'gank', 'motor', 'biasa', 'mangkal', 'jl', 'ijen', 'malam', 'ribut', 'car', 'free', 'day', 'minggu', 'pagi', 'kamar', 'bersih', 'tugas', 'bersih', 'seprai', 'handuk', 'tangan', 'ganti', 'inap', 'lebih', 'biasa', 'sarap', 'bising', 'minggu', 'pagi', 'layak', 'timbang', 'cari', 'inap', 'malang'];0
150;['tau', 'lot', 'layan', 'tamu', 'tamu', 'order', 'makan', 'ice', 'cream', 'pesanananya', 'mohon', 'baik', 'jaga', 'nama', 'besae', 'toko', 'oen'];0
151;['malam', 'santai', 'kamar', 'tamu', 'kamar', 'masuk', 'kamar', 'kartu', 'beda', 'operator', 'cek', 'kamera', 'cctv', 'tunggu', 'besok', 'nya', 'check', 'out', 'maaf', 'nyaman', 'nya', 'kamera', 'cctv', 'woow', 'kelas', 'hotel', 'atria', 'perlu', 'tingkat', 'nyaman', 'nya', 'kunci', 'grendel', 'pintu', 'masuk', 'kamar', 'jangan', 'tinggal', 'barang', 'geletak', 'sembarang', 'barang', 'hilang', 'hotel', 'tanggung', 'kamera', 'cctv', 'sungguh', 'kecewa'];0
152;['mahal', 'gila', 'gk', 'banding', 'makan', 'layan', 'lamaaaaaaaaaa', 'jam', 'menit', 'nunggu', 'makan', 'dateng', 'not', 'recomended', 'harga', 'rupa', 'gak', 'laku', 'restoran', 'cuman', 'menang', 'nama', 'aja', 'krn', 'udh', 'dr', 'jaman', 'baheula'];0
153;['biasa', 'aja', 'lupa', 'salah', 'spot', 'museum', 'seragam', 'tentara', 'indonesi', 'noda', 'darah', 'aura', 'ga', 'enak', 'banget', 'trus', 'kl', 'malam', 'latih', 'wushu', 'kamar', 'mandi', 'yg', 'mennnn', 'rem', 'banget', 'merinding', 'parah', 'sampe', 'ga', 'berani', 'liat', 'kiri', 'kanan'];0
154;['mahal', 'enak', 'ice', 'cream', 'sgt', 'biasa', 'harga', 'yg', 'bayar', 'berbaloi', 'restaurant', 'cozy', 'tp', 'kotor'];0
155;['kamar', 'bersih', 'lengkap', 'kamar', 'mandi', 'kurang', 'gelas', 'bersih', 'bekas', 'bibir', 'orang', 'lengkap', 'mini', 'bar', 'kurang', 'telepon', 'staff', 'isi', 'tanggulang', 'kamar', 'lift', 'ribut', 'suara', 'lift'];0
156;['luas', 'desain', 'museum', 'pintas', 'sempit', 'kuras', 'informasi', 'artefak', 'replika', 'tempat', 'sesuai', 'timeline', 'pandu', 'kuasa', 'materi', 'cocok', 'cinta', 'sejarah', 'lokal', 'saran', 'siswa', 'usia', 'sd', 'bawah', 'materi', 'jelas', 'berat', 'baik', 'museum', 'cari', 'investor', 'tambah', 'pindah', 'lebih', 'luas'];0
157;['kesini', 'weekend', 'sabtu', 'mallnya', 'penuhh', 'macet', 'pintu', 'masuk', 'mall', 'mallnya', 'lumayan', 'biasa'];0
158;['not', 'recommended', 'minggu', 'putus', 'libur', 'malang', 'salah', 'tuju', 'malang', 'hawa', 'waterpark', 'info', 'yg', 'dengar', 'wahana', 'buka', 'performance', 'yg', 'bagus', 'yg', 'dpt', 'kecewa', 'yg', 'saran', 'larang', 'bawa', 'makan', 'minum', 'mohon', 'sedia', 'loker', 'simpan', 'makan', 'minum', 'unjung', 'jangan', 'buang', 'jalan', 'surabaya', 'bawa', 'snack', 'd', 'bis', 'd', 'hotel', 'buang', 'sana', 'periksa', 'barang', 'bawa', 'dengar', 'org', 'komplain', 'belakang', 'rombong', 'beli', 'tiket', 'masuk', 'deposit', 'top', 'up', 'baris', 'antri', 'isi', 'deposit', 'top', 'up', 'tdk', 'tunjuk', 'yg', 'antri', 'antri', 'yg', 'top', 'up', 'deposit', 'antri', 'd', 'antri', 'deposit', 'trnyata', 'antri', 'top', 'up', 'mana', 'urut', 'deposit', 'top', 'up', 'alhasil', 'antri', 'belah', 'antri', 'yg', 'tdk', 'jadi', 'aja', 'waterbom', 'bal', 'surabya', 'wasting', 'time', 'butuh', 'jam', 'urus', 'bom', 'sewa', 'ban', 'sewa', 'loker', 'deposit', 'karyawan', 'sana', 'galak', 'tdk', 'bs', 'senyum', 'wahana', 'layan', 'rame', 'waterpark', 'awal', 'trending', 'the', 'new', 'place', 'tdk', 'repeater', 'jengkel', 'karyawan', 'parah', 'tdk', 'dengar', 'nama', 'panggil', 'ambil', 'makan', 'dgn', 'lantang', 'karyawan', 'bicara', 'makan', 'panggil', 'tp', 'gak', 'dtg', 'tendang', 'kardus', 'mie', 'instan', 'bidang', 'jasa', 'unjung', 'bayar', 'gratis', 'yg', 'coba', 'contoh', 'waterboom', 'bal', 'karyawan', 'sgt', 'ramah', 'sapa', 'unjung', 'beda', 'air', 'kaporit', 'banyal', 'muka', 'merah', 'pulang', 'dr', 'sni', 'tdk', 'unjung', 'tdk', 'bawa', 'keluarga', 'teman', 'kunjung', 'ksni', 'terima', 'kasih', 'alam'];0
159;['sayang', 'yg', 'harap', 'toko', 'oen', 'krna', 'tayang', 'televisi', 'tp', 'alangkah', 'kejut', 'langsung', 'toko', 'suasana', 'jadul', 'sieh', 'tp', 'bersih', 'nya', 'parrraaah', 'tau'];0
160;['lokasi', 'balaikota', 'pinggir', 'sungai', 'kolam', 'renang', 'murah', 'hewan', 'hewan', 'pelihara', 'kondisi', 'kandang', 'jalan', 'setapak', 'samping', 'sungai', 'rusak', 'kotor', 'kurang', 'awat'];0
161;['persis', 'balai', 'kota', 'malang', 'tiket', 'masuk', 'gratis', 'bayar', 'parkir', 'kendara', 'taman', 'biasa', 'simpan', 'aneka', 'satwa', 'lengkap', 'kolam', 'renang', 'bayar'];0
162;['kali', 'kesini', 'antri', 'gak', 'nahan', 'yaaa', 'panjanggggg', 'yg', 'layan', 'cuman', 'orang', 'hadehhh', 'makan', 'cuman', 'sebentar', 'gak', 'worth', 'it', 'bgt', 'ngantrinya'];0
163;['layan', 'check', 'in', 'mati', 'lampu', 'konyol', 'hotel', 'bintang', 'check', 'server', 'rusak', 'sebal', 'kondisi', 'kamar', 'furniture', 'bagus', 'kasur', 'nyaman', 'temu', 'rambut', 'hand', 'dryer', 'meja', 'jorok', 'makan', 'malam', 'sarap', 'enak', 'jengkel', 'menu', 'saji', 'daging', 'sapi', 'rekomendasi', 'peluk', 'hindu', 'larang', 'makan', 'daging', 'sapi', 'koneksi', 'internet', 'cepat', 'suasana', 'cafe', 'cantik', 'staff', 'ramah', 'obat', 'sebal'];0
164;['breakfast', 'bagus', 'parkir', 'basement', 'khusus', 'tamu', 'hotel', 'kamar', 'kurang', 'gede', 'kalo', 'banding', 'hotel', 'kelas', 'atria', 'masalah', 'inti', 'aq', 'inep', 'smoking', 'room', 'floor', 'aneh', 'aq', 'komplain', 'bauk', 'rokok', 'kamar', 'sampek', 'kasih', 'alat', 'hilang', 'bauk', 'hotel', 'maksud', 'lho', 'tamu', 'ama', 'bauk', 'rokok', 'yah', 'jangan', 'inep', 'smoking', 'room', 'floor', 'donk', 'hotel', 'jangan', 'kasih', 'smoking', 'floor', 'kalo', 'emang', 'tamu', 'yg', 'inep', 'kaga', 'rokok', 'biarpun', 'so', 'k', 'sial', 'rokok', 'jgn', 'smoking', 'floor', 'donk', 'aq', 'kasih', 'komen', 'keras'];0
165;['bakso', 'president', 'biasa', 'standar', 'istimewa', 'ngantri', 'pesan', 'kenal'];0
166;['sayang', 'dgn', 'hotel', 'kelas', 'bintang', 'layan', 'bintang', 'dr', 'room', 'kulkas', 'yg', 'mati', 'kmr', 'mandi', 'kotor', 'layan', 'bar', 'yg', 'lambat', 'lupa', 'pool', 'yg', 'tdk', 'asbak', 'restoran', 'yg', 'tunggu', 'jam', 'lebih', 'meja', 'yg', 'isi', 'meja', 'yg', 'yg', 'fatal', 'manager', 'yg', 'tdk', 'profesional', 'tdk', 'tanggung', 'jwb'];0
167;['bakso', 'sih', 'biasa', 'aja', 'standard', 'pas', 'tambah', 'minum', 'makan', 'suruh', 'antri', 'tipikal', 'layan', 'malas', 'sampe', 'adu', 'argumen', 'aja', 'deh'];0
168;['main', 'nya', 'seru', 'kayak', 'nya', 'kaporit', 'pulang', 'wajah', 'ku', 'gosong'];0
169;['inap', 'malam', 'tanggal', 'april', 'perlu', 'perhati', 'meja', 'kamar', 'lengkap', 'kursi', 'sulit', 'diskus', 'rekan', 'kamar', 'kerja', 'butuh', 'letak', 'laptop', 'dokumen', 'meja', 'power', 'source', 'batas', 'hitung', 'kamar', 'toilet', 'hair', 'dryer', 'angin', 'kencang', 'butuh', 'ering', 'rambut', 'room', 'service', 'coba', 'ulang', 'kali', 'beda', 'breakfast', 'inap', 'malam', 'bosan', 'tiga', 'variasi', 'menu', 'beda', 'dessert', 'makan', 'variasi', 'makan', 'khas', 'malang'];0
170;['hotel', 'bagus', 'diri', 'layan', 'restauran', 'sarap', 'pagi', 'kecewa', 'masuk', 'breakfast', 'pegawai', 'yg', 'tugas', 'pakau', 'extrabed', 'beliau', 'menyatakanbahwa', 'utk', 'anak', 'anak', 'kena', 'charge', 'erti', 'hotel', 'atur', 'sendiri', 'tugas', 'tsb', 'juli', 'pagi', 'kaget', 'harga', 'yg', 'fantastis', 'usia', 'anak', 'atur', 'sosialisasi', 'check', 'in', 'orang', 'indonesia', 'travelling', 'jarang', 'bawa', 'keluarga', 'alam', 'atria', 'nyaman', 'unrecommended'];0
171;['tunggu', 'makan', 'order', 'makan', 'biasa', 'aja', 'krn', 'sdh', 'kali', 'sih', 'ndak', 'kesini'];0
172;['nama', 'musiun', 'masuk', 'tarik', 'rumah', 'bangun', 'tua', 'isi', 'barang', 'manurut', 'dikreteriakan', 'musium', 'recommend', 'beda'];0
173;['terrible', 'waterpark', 'in', 'malang', 'mahal', 'banget', 'tiket', 'masuk', 'rb', 'yg', 'bikin', 'mahal', 'maenannya', 'ga', 'safety', 'lantai', 'licin', 'dinding', 'seluncur', 'keras', 'waterpark', 'bilas', 'sempit', 'jorok', 'ga', 'yg', 'bersihin'];0
174;['kecewa', 'layan', 'toko', 'oen', 'bener', 'bener', 'gak', 'helpfull', 'bilang', 'acuh', 'gak', 'ramah', 'ramah', 'ice', 'cream', 'biasa', 'gak', 'istimewahnya', 'roti', 'kuno', 'sih', 'lumayan', 'enak', 'krn', 'bilang', 'bahan', 'awet', 'resep', 'kuno', 'nice', 'too', 'try', 'tp', 'toko', 'kayak', 'enggak', 'deh'];0
175;['hmmmm', 'siang', 'ahri', 'panas', 'taman', 'letak', 'jalan', 'burung', 'yg', 'jual'];0
176;['kes', 'horor', 'wisma', 'shooting', 'tayang', 'uji', 'nyali', 'versi', 'tukul', 'trans', 'tv', 'kunjung', 'wisma', 'temu', 'model', 'model', 'lokal', 'potret', 'plang', 'pasang', 'wisma', 'bangun', 'tua', 'renovasi', 'graha', 'tumapel'];0
177;['bayang', 'mati', 'lampu', 'hotel', 'kelas', 'jam', 'mandi', 'layan', 'lambat', 'jangan', 'keluarga', 'inap', 'rabu', 'juni', 'kamar'];0
178;['alam', 'yg', 'buruk', 'baju', 'tinggal', 'lemari', 'gantung', 'temu', 'telepon', 'h', 'check', 'out', 'payah', 'karyawan', 'jujur', 'polo', 'shirt', 'bagus', 'mahal'];0
179;['kecewa', 'makan', 'gak', 'banding', 'antri', 'jam', 'harga', 'kurang', 'pas', 'gak', 'banding', 'rekomendasi', 'makan', 'lebih', 'cari', 'bakso', 'enak', 'lebih', 'daerah', 'malang'];0
180;['kamar', 'kotor', 'bedcover', 'hitam', 'hitam', 'makan', 'pilih', 'enak', 'ac', 'dingin', 'lapor', 'tindak', 'hotel', 'lengkap', 'kamar', 'mandi', 'lengkap'];0
181;['tingkat', 'layan', 'housekeeping', 'lebih', 'cepat', 'terima', 'minta', 'tamu', 'bersih', 'kamar', 'kaca', 'bercak', 'air', 'kotor', 'greeting', 'staff', 'area', 'kurang', 'banget', 'diem', 'frendly', 'tamu'];0
182;['lobby', 'hotel', 'consierge', 'tanggap', 'bawa', 'koper', 'gerobak', 'rombong', 'orang', 'bawa', 'koper', 'kamar', 'kedap', 'suara', 'ganggu', 'kenyam', 'mana', 'kamar', 'belah', 'geser', 'ranjang', 'meja', 'timbul', 'bunyi', 'derit', 'kencang', 'dengar', 'kamar', 'suara', 'orang', 'kamar', 'belah', 'dengar', 'kondisi', 'kasur', 'keras', 'kurang', 'kenyam', 'istirahat', 'tissue', 'sedia', 'kamar', 'mandi', 'tissue', 'ukur', 'sulit', 'jangkau', 'tissue', 'kamar', 'breakfast', 'muas', 'segi', 'kes', 'perhati', 'kualitas', 'masakan', 'nyaman', 'atria', 'hotel', 'malang', 'luar', 'harap', 'banding', 'harga', 'tawar', 'mohon', 'maaf', 'utara', 'kritik', 'bangun', 'atria', 'hotel', 'malang', 'terima', 'kasih'];0
183;['inap', 'maret', 'satu', 'tugas', 'yg', 'sepi', 'turun', 'koper', 'masuk', 'lobby', 'bellboy', 'bawa', 'koper', 'menit', 'bellboy', 'sembari', 'tunggu', 'bellboy', 'masuk', 'lobby', 'cari', 'duduk', 'set', 'kursi', 'sana', 'set', 'kursi', 'duduk', 'orang', 'set', 'kursi', 'sofa', 'orang', 'tidur', 'nyenyak', 'nya', 'set', 'kursi', 'sofa', 'orang', 'tidur', 'kaki', 'selonjor', 'pilih', 'duduk', 'meja', 'resepsionis', 'staf', 'nama', 'dessy', 'mbak', 'koq', 'sofa', 'nya', 'tidur', 'orang', 'emang', 'sdr', 'desy', 'ngga', 'bu', 'trus', 'koq', 'diam', 'sdr', 'dessy', 'longok', 'arah', 'sofa', 'percaya', 'orang', 'tidur', 'ngomong', 'bilang', 'coba', 'mbak', 'check', 'liat', 'kondisi', 'nya', 'sayang', 'sdr', 'dessy', 'diam', 'ambil', 'inisiatif', 'apaapun', 'malas', 'gerak', 'sofa', 'nya', 'malas', 'tegur', 'orang', 'yg', 'tidur', 'sofa', 'sy', 'kurang', 'tau', 'layan', 'hotel', 'santika'];0
184;['warga', 'kota', 'malang', 'prihatin', 'maju', 'renovasi', 'tanah', 'lapang', 'area', 'jl', 'merbabu', 'sulap', 'taman', 'trunojoyo', 'kota', 'malang', 'taman', 'akses', 'warga', 'wisatawan', 'bangun', 'taman', 'merbabu', 'lebih', 'optimal', 'taman', 'edukasi', 'keluarga', 'cerdas', 'sulap', 'paro', 'lahan', 'keseluhan', 'area', 'tanah', 'keras', 'semen', 'kurang', 'serap', 'air', 'tanah'];0
185;['sy', 'dtg', 'dg', 'ekspetasi', 'layan', 'yg', 'harga', 'tiket', 'yg', 'tdk', 'murah', 'tp', 'dr', 'loket', 'informasi', 'sdh', 'tdk', 'yg', 'menyebabkn', 'sy', 'hrs', 'antri', 'kali', 'utk', 'beli', 'tiket', 'anak', 'sy', 'usia', 'bln', 'hrs', 'bayar', 'tiket', 'penuh', 'loket', 'yg', 'dbuka', 'loket', 'pdhl', 'libur', 'layan', 'd', 'foodcourt', 'sgt', 'tdk', 'ramah', 'malas', 'utk', 'merekomendasikn', 'dtg', 'lg', 'kesini'];0
186;['letak', 'hutan', 'daerah', 'malang', 'taman', 'pohon', 'harris', 'malang', 'properti', 'jarah', 'bangun', 'belok', 'hotel', 'embel', 'embel', 'hotel', 'keluarga', 'furnitur', 'murah', 'abai', 'awat', 'standar', 'shower', 'rusak', 'jamur', 'kamar', 'mandi', 'alam', 'harris', 'hotel', 'maskapai', 'terbang', 'murah', 'warna', 'cerah', 'iklan', 'kesan', 'nilai', 'barang', 'keras', 'lemah', 'utama', 'hotel', 'hadir', 'keluarga', 'anak', 'anak', 'bangun', 'pagi', 'anak', 'anak', 'lari', 'teriak', 'teriak', 'lorong', 'pikir', 'buruk', 'kedap', 'suara', 'suara', 'bebas', 'halang', 'hotel', 'tenang', 'lantai', 'keluarga', 'anak', 'anak', 'kualitas', 'tidur', 'lebih', 'kecewa', 'biasa', 'keluarga', 'anak', 'anak', 'hindar', 'cari', 'tinggal', 'damai', 'quality', 'hotel', 'sayang', 'hotel', 'murah', 'harga', 'kamar', 'lebih', 'malang'];0
187;['plafond', 'kamar', 'pengap', 'alir', 'buang', 'air', 'kamar', 'mandi', 'lancar', 'internet', 'via', 'wifi', 'lambat', 'sinyal', 'penuh', 'kuat', 'sinyal', 'kamar', 'suara', 'berisik', 'masuk', 'kamar', 'check', 'in', 'kamar', 'jam', 'malam', 'istirahat', 'bromo'];0
188;['museum', 'koleksi', 'senjata', 'alat', 'transportasi', 'bagus', 'kurang', 'pelihara', 'kes', 'kotor', 'kuno', 'bangun', 'kunjung', 'kunjung', 'anak', 'sekolah'];0
189;['kesana', 'dlm', 'lapar', 'pegawai', 'jutek', 'mknan', 'mahal', 'enak', 'bgt', 'review', 'yg', 'panas'];0
190;['layan', 'restoran', 'kurang', 'cepat', 'beda', 'tamu', 'pribumi', 'turis', 'eskrim', 'biasa', 'mahal'];0
191;['suasana', 'resto', 'padu', 'ornamen', 'ornamen', 'jawa', 'sentuh', 'modern', 'menu', 'pesan', 'nasi', 'goreng', 'bontut', 'un', 'flavour', 'es', 'cendol', 'nya', 'fresh', 'goda', 'coba', 'layan', 'pria', 'layan', 'kurang', 'senyum', 'kes', 'acuh', 'judes', 'kurang', 'nyaman', 'makan', 'malam', 'harga', 'menu', 'mahal', 'banding', 'nya', 'bagus', 'kalo', 'siang', 'kalo', 'malam', 'nyeremin'];0
192;['museum', 'kes', 'sepi', 'tua', 'rumah', 'letak', 'gang', 'pasar', 'kota', 'malang', 'hirup', 'pikuk', 'macet', 'tarik', 'peraltan', 'sejarah', 'jarang', 'orang', 'unjung'];0
193;['jadi', 'uji', 'nyali', 'salah', 'stasiu', 'tv', 'indonesia', 'bukti', 'lokasi', 'angker'];0
194;['harga', 'mahal', 'biasa', 'enggak', 'yg', 'istimewa', 'kenal', 'ice', 'cream', 'enggak', 'lembut', 'hati', 'hati', 'krn', 'menu', 'kandung', 'pork'];0
195;['kali', 'dtg', 'suka', 'dgn', 'suasana', 'uda', 'sen', 'telp', 'an', 'sampe', 'lokasi', 'jam', 'dgn', 'harap', 'pas', 'buka', 'makan', 'sdh', 'sedia', 'sampe', 'adzan', 'minum', 'yg', 'tunggu', 'sgt', 'perut', 'yg', 'sdh', 'perih', 'krn', 'buka', 'puasa', 'paksa', 'skali', 'lapar', 'tdnya', 'harap', 'nyenengin', 'ortu', 'mlh', 'jd', 'laper', 'bbrp', 'meja', 'sampe', 'mogok', 'sblm', 'makan', 'saji', 'komplain', 'berat', 'makan', 'br', 'an', 'sungguh', 'trauma', 'buka', 'krg', 'tau', 'kl', 'hri', 'biasa', 'mgkn', 'pesan', 'makan', 'haru', 'shari', 'sblmnya', 'dr', 'pagi', 'bs', 'buka', 'pd'];0
196;['april', 'lihat', 'hewan', 'hewan', 'kandang', 'awat', 'kandang', 'kotor', 'lama', 'sayang', 'rawat', 'alternatif', 'wisata', 'warga', 'malang', 'raya'];0
197;['pesan', 'nasi', 'goreng', 'putih', 'hongkong', 'biasa', 'nasi', 'lembek', 'saji', 'yg', 'ala', 'kadar', 'teman', 'pesan', 'bakmi', 'goreng', 'biasa', 'aroma', 'makan', 'aneh', 'unjung', 'muslim', 'harap', 'hati', 'hati', 'pilih', 'menu', 'krn', 'tmpat', 'sedia', 'menu', 'masakan', 'bahan', 'babi', 'layan', 'rumah', 'makan', 'bilang', 'kurang', 'rumah', 'makan', 'yg', 'kenal', 'layan', 'ogah', 'ogah', 'sambut', 'tamu', 'tanggap', 'menu', 'unjung'];0
198;['nothing', 'special', 'rasa', 'jorok', 'porsi', 'bakso', 'temu', 'kaki', 'kecoa', 'potong', 'goreng', 'lapor', 'lihat', 'karyawan', 'perempuan', 'dapur', 'reaksi', 'apa', 'kecewa', 'mahal', 'padan'];0
199;['museum', 'milik', 'tni', 'kurang', 'awat', 'kelola', 'timbang', 'remaja', 'fasilitas', 'lingkung', 'museum', 'lampu', 'barang', 'pajang', 'yg', 'lebih', 'estetik', 'dr', 'lampu', 'biasa', 'tulis', 'terang', 'gambar', 'cetak', 'printer', 'kertas', 'hvs', 'bias'];0
