no	tweet	sentiment
1	"Kolaborasi seru @KineriaMovie : Angga Dwimas Sasongko Siap Garap ""FILOSOFI KOPI"" http://www.kapanlagi.com/showbiz/film/indonesia/angga-dwimas-sasongko-siap-garap-filosofi-kopi-333b35.html � @FILM _Indonesia @anggiakharisma"	positive
2	"Wah :)) Filosofi Kopi harus sama bagus nya atau lebih @MirLes : @anggasasongko @GlennFredly Anggia, Film Cahaya Dari Timur bagus! @kineforum"	positive
3	"RT@looohh : Rio Dewanto: Penonton Film  ""Filosofi Kopi The Movie"" Bisa Dapat Pengetahuan Tentang Kopi http://dlvrit.com/83Dxkb .."""	positive
4	oh .. jadi mau ada film baru yang berasal dari novel judul nya Filosofi Kopi . Pokok nya aku wajib nonton!	positive
5	"Bacaan sore tentang Filosofi Film eh, Kopi RT @candra_aditya : Moral Berharga Yang Gue Dapatkan Dari Film Filosofi Kopi http://www.provoke-online.com/index.php/cand ra-aditya/9946-moral-berharga-yang-gue-dapatkan-dari-film-filosofi-kopi �"	positive
6	"""Filosofi kopi 2 : Ben & Jody"". Buat gua ini bukan cuma sekedar film . Karena dari awal gua terbuka dan menjadi punya perhatian yang sangat besar di Industri Per KOPI an Indonesia.� https://www.instagram.com/p/BWfmRjVDJ6Q/"	positive
7	"Keren - keren nih pemain film Filosofi Kopi 2, istimewa nya lagi bisa menikmati screaning film nya� https://www.instagram.com/p/BWKe39hl6_r/"	positive
8	"sekuel filosofi kopi dibuat menarik nya, film ini tidak hanya terjebak dalam satu lokasi saja, melainkan juga akan mengunjungi tempat-tempat khusus seperti Bali, Yogyakarta ..#filosofikopi2 https://www.instagram.com/p/BO9zXL0Af_5/"	positive
9	Oke. Tahun baruan banyak film Indonesia bagus. Pengin nonton Filosofi Kopi	positive
10	Menghilangkan penasaran sama Kopi Tiwus. Kaya di film nya gitu. Haha (at Filosofi Kopi ) � https://path.com/p/3EIzVm	positive
11	Udah nonton film filosofi kopi ? Belum afdol kalau belum ke kafe nya langsung!� (w/ @Tommy at Filosofi Kopi ) [pic] � https://path.com/p/4lzyYS	positive
12	Beda beda tipis lah ganteng nya. Akting Rio bagus banget di film Filosofi Kopi . Kamu harus nonton� https://instagram.com/p/2dDA5TQ785/	positive
13	"Makasih filosofi kopi , film ini hebat!"	positive
14	"Filosofi Kopi & Guru Bangsa belum di tonton, film bagus Indonesia lain nya sudah mau tayang :("	positive
15	"gue ga terlalu suka film indonesia, tapi waktu nonton filosofi kopi ini keren! wajib nonton ya ,apalagi pecinta kopi cc @filkopmovie"	positive
16	Rekomen: Film filosofi Kopi keren sampai nonton 2x begini ini (with @Mom at @cinema21 ) � https://path.com/p/3Dwwaj	positive
17	"hidup ini gak sempurna ya begini ada nya #Filosofi Kopi Tiwus, keren banget film nya @GlennFredly"	positive
18	"Ayo RT @maulidash : Ayo bitra RT @KopiID : Bagi para pecinta kopi , film ini masuk kategori wajib tonton; "" Film Filosofi Kopi"	positive
19	"Selamat kak raffinagita1717 untuk film ""The Secret Suster Ngesot Urband Legend"" film nya banyak rasa nya lucu, baper, sedih juga nonton ya besok 26 april di bioskop kesayangan kamu https://pic.twitter.com/WuwAidUOov"	positive
20	Berhasil bikin parno ? Danur (with @yusuf at @cinema21 ) � https://path.com/p/4hOTe5	positive
21	"Mengharukan banget, sampai menangis nonton danur ,, sukses buat kak @PrillyBie semoga penontonnya� https://www.instagram.com/p/BSlrf22jbQe/"	positive
22	"Seru dan bikin ketawa ngakak wkwk ? Danur (with @Yessa, @RAHADIMAS, and 2 others at @cinema21 ) � https://path.com/p/1oYFMt"	positive
23	"50. Danur 2: Maddah #Danur2Maddah alami peningkatan di banyak aspek dari film pendahulu nya. Meski tak terlalu istimewa dari segi cerita, Awi Suryadi setidak nya mampu menjaga deretan jump scares di film ini agar tetap pada jalur nya dan tak melenceng jadi murahan. 3/5 https://pic.twitter.com/JkjHvuJcoN"	positive
24	Untuk ke-5x nya nonton ini film dan tetap ga bosan dan� ? Cek Toko Sebelah (w/ @BaimBat & @Andika at @cinema21 ) � https://path.com/p/17x830	positive
25	Untuk ke 2 nya. Cintai film indonesia. Buat yang bagus doang� ? Cek Toko Sebelah (w/ @Icha & @Abe at @cinema21 ) � https://path.com/p/2K8kZN	positive
26	"Selesai nonton film yang lucu, kocak, sedih dan mengharukan . . #cektokosebelah � https://www.instagram.com/p/BPfTVSzDK4K/"	positive
27	"film sederhana tapi memakjlebkan hati.. ""harta yang paling berharga adalah keluarga""� ? Cek Toko Sebelah (w/ Maria Caroline & maryo at Gading XXI) � https://path.com/p/4pzAUD"	positive
28	"Ini film kata nya bagus dan di rekomen, jadi ingin juga� ? Cek Toko Sebelah (w/ @Meny & @Natanael at @cinema21 ) � https://path.com/p/1Q34jB"	positive
29	Film #CekTokoSebelah keren banget!! Lucu banget!! Tertawa terbahak-bahak satu bioskop!! Mengharukan� https://www.instagram.com/p/BPuwZqggWED/	positive
30	Salah satu film Indonesia yang sukses bikin & hebat! Keren� ? Cek Toko Sebelah (w/ @Intan at @puri_indah_mall ) � https://path.com/p/1vljDW	positive
31	Habis nonton cek toko sebelah film oleh @ernestprakasa .. film yang kocak dan penuh makna.. @Cinema� https://www.instagram.com/p/BO4h8fHBchK/	positive
32	"Menurut gw sih film hangout nya radit kalah sama film cek toko sebelah nya ernest, lebih lucu� (at Gading 21) � https://path.com/p/3kBaSz"	positive
33	"Cek Toko Sebelah , salah satu film Indonesia yang gue tonton 2x. Tonton sendiri� (w/ @Rachel at @cinema21 ) [pic] � https://path.com/p/ciSaX"	positive
34	"Cek Toko Sebelah , ini film rekomen banget, kocak banget, drama nya dapat (at @cinema21 ) � https://path.com/p/tvIHv"	positive
35	"Sebuah kebanggaan bagi DC dan WB. Karena sebelumnya film DC yang telah di produksi mengalami kegagalan, seperti Justice league dan Suicide Squad ."	positive
36	"Oh My God! Film ini musuh nya tolong jangan terlalu jelek ya, bikin pengin muntah. Will Smith charming abis dan Margot berhasil menjadi pencair suasana.  8,5/10? Suicide Squad (w/ Ayu at @epiwalk ) � https://path.com/p/4aM7Uw"	positive
37	Ada 8 kali nonton sumpah ga bikin bosen karena di dalam film ini begitu banyak  cinta :D� ? Suicide Squad (at @RentZyzGames) � https://path.com/p/1cCrqc	positive
38	"Nah ini film yang anti mainstream penjahat lawan penjahat ? Suicide Squad (at @globaltvseru ) � https://path.com/p/2PjMS9"""	positive
39	"Penasaran sama nih film yang kata nya bagus banget� ? Suicide Squad (w/ @Yuni, @fathimaafp, & @aprillia at XXI pejaten village) � https://path.com/p/1AAhZY"	positive
40	99 cahaya di langit eropa bagus banget .. orang nonton eh @rickyrechez malah tidur (with @rickyrechez at @cinema21 ) � https://path.com/p/184Zs5	positive
41	"Bagus tau ini film nya.-.  RT @hani_vernan : Ingin nonton 99 cahaya di langit eropa mas --"""	positive
42	"Keren banget film 99 cahaya di langit eropa , benar-benar bikin aku bangga sama islam sama agama ku {}"	positive
43	Keren banget 99 cahaya langit di eropa ... Lanjut part 2 nya nanti ... (with @Nurzenah at @cinema21 ) � https://path.com/p/1yiqDZ	positive
44	"Film inspirasi banget, 99 Cahaya di Langit Eropa :')"	positive
45	Netes air mata lihat film ini 99 cahaya di langit Eropa . Banyak banget pelajaran nya (at Karawang) [pic] � https://path.com/p/3mDHcX	positive
46	99 Cahaya di Langit Eropa adalah film Indonesia terbaik yang pernah gue tonton setelah Rumah Dara dan Habibie Ainun.	positive
47	Waktu di bioskop Nonton 99 cahaya di langit eropa ....1 bioskop Menangis Hahaha Pas yang kedua nya pada menangis pijar ..pokok nya keren tuh film	positive
48	Subhanallah. film 99 cahaya di langit eropa bagus banget. Menginspiratif + menambah ilmu keislaman saya. terima kasih @hanumrais karya yang luar biasa	positive
49	RT @venessaar : Subhanallah keren banget film 99 Cahaya di Langit Eropa :')	positive
50	Tenang pak .. :D RT @JusufKalla : Film 99 cahaya di langit Eropa bagus & wajib di tonton masyarakat (cont) http://twitter.com/n0t3qj	positive
51	Truth or dare kek nya boleh di tonton. Yaelah Sab mau sok-sokan nonton film ada pembunuhan nya gitu. Nonton nya dari celah-celah jari tangan aja.	positive
52	Truth or dare - seru banget nih film :-D	positive
53	Oh gitu sebentar download deh RT @GP_MchlWeisman : Sejenis film truth or dare tapi beda banget kok RT @GP_Nick : Iya.. mirip kaya film apa?	positive
54	Seru film nya.... Meski telat banget baru nonton sekarang... Hahaha ? Zootopia (at @cinema21 ) � https://path.com/p/2ShNBI	positive
55	Bagus.... Pantesan rating nya di rottentomatoes sampe 99%... Telat baru nonton� ? Zootopia (at Gading XXI) � https://path.com/p/2qmXn8	positive
56	Film animasi seperti ini yang harusnya diperbanyak!! ? Zootopia (with @Nastiti at XXI Taman Anggrek) � https://path.com/p/4bP63T	positive
57	Bagus banget ya film nya. ? Zootopia (with @Braven at @cinema21 ) � https://path.com/p/10XRPO	positive
58	Senang banget nonton zootopia Film nya suka ih.. #seharianngemall � (w/ @Aryo at @cinema21 ) [pic] � https://path.com/p/3KOtxP	positive
59	"Penasaran banget sama film ini yang kata nya lucu � ? Zootopia (w/ @Devlina, @Sonya, & 2 others at @cinema21 ) � https://path.com/p/YMeZq"	positive
60	"Kesimpulan dari film ini adalah jangan percaya domba berbulu halus nan lembut, Fox alias rubah yang penampakan luar nya ganas, malah baik hati *_*� ? Zootopia (w/ @Danar at @cinema21 ) � https://path.com/p/4mAZQ3"	positive
61	"Pantes aja rating nya 8,4. Ternyata memang bagus film nya, terbaik versi film animasi tentang atau cerita nya tentang Binatang. Semua umur bisa nonton pula. Gue yakin ini film bisa mengalahkan Trilogi nya Madagaskar....? Zootopia (at Taman Banten Lestari) � https://path.com/p/2O4Cg1"	positive
62	"Film horor yang berbiaya murah, biaya produksi gak sampe 10 juta dollar tapi sudah box office di seantero ???? dengan meraup lebih dari 35 juta ???? dollar.. #EnjoyThen� ? Don't Breathe (at @cinema21 ) � https://path.com/p/3cznq"	positive
63	yang punya penyakit Jantungan.. Jangan tonton film ini ya #dontbreathe � ? Don't Breathe (at Purnawarman Residence Kav. 5) � https://path.com/p/R7u5O	positive
64	Tegang parah nih film :') ? Don't Breathe (with @Ani at @cinema21 ) � https://path.com/p/4Clyx6	positive
65	"Pegal sekali ini film . 7.5/10 omong-omong, bukan horror tapi bikin kaget dan ngos-ngos-an lah Anjay pokok nya --""� ? Don't Breathe (w/ @Debbial at @cinema21 ) � https://path.com/p/kCQqe"	positive
66	Ouija film berdurasi 89 menit bikin satu studio terkaget kaget Terima Kasih pesek @alicemutiara	positive
67	Kata orang - orang film nya gak bagus.. Tapi buat gw bagus kok.. Gw suka!! Seru malah.. Penutup soundtrack nya bagus.. Si neng Selena Gomez bukan sih?? #eh ;D 7.8/10 � ? The Divergent Series: Allegiant (at Platinum Screens) � https://path.com/p/BUaTF	positive
68	"Ga mau menghakimi karya dari ratusan orang di balik film menghibur. Toh gue cuma bayar 35K IDR saja � ? The Divergent Series: Allegiant (at One BelPark XXI) � https://path.com/p/5C3wi"""	positive
69	"Dialog sepanjang film ditambah tambahan dialog dari Fithry yang durasi nya sepanjang film juga ""Ya Allah Tar Four ganteng banget"" � ? The Divergent Series: Allegiant (w/ @Fithry at @cinema21 ) � https://path.com/p/1wVZst"""	positive
70	Apalagi kalo ada yang ke 2 nya :3 RT@AnggaraSopanR: Gak bosan-bosan nonton Pacific Rim . Keren banget ini film 	positive
71	"Keren itu ken walaupun mungkin kaya film ultraman, musuh nya monster - monster dino gak jelas hehe RT @KennyAnindio Fix pacific rim , next list"	positive
72	"Habis nonton ""pacific rim"". Sumpah ini film keren banget.. https://pic.twitter.com/VWdcc2cyor"	positive
73	Dua film dibulan maret yang cukup bikin capek....kalau pacific rim uprising itu berasa kita lari lari nya mengendarai robot penuh aksi dan perjuangan....pokok nya paling bagus banget deh....keren 100% bikin ketagihan nonton lagi ... https://www.instagram.com/p/BhE0gaCAbqi/	positive
74	Kalo kata penikmat film sih ini bagus.. #dunkirk #dunkirkmovie #hollywood #goodmovie @Taman� https://www.instagram.com/p/BW7TudngTa3/	positive
75	"DUNKIRK OH my Nolan kelam kali pun, film epik nan emosional yang di kemas elegan nan sederhana sayang nya tanpa rasa Nolan yang biasanya memaksa menyita perhatian khusus memperhatikan cerita dengan seksama #dunkirk ... https://www.instagram.com/p/BWzlWCvA4SC/"	positive
76	Semoga film Dunkirk yang dibintangi tom hardy tayang di xxi. Aktor kesukaan	positive
77	"RAMPAGE (IMAX 2D) http://wbpictures.id Sebuah film yang diperankan @therock , akting nya tidak diragukan� https://www.instagram.com/p/BhfxlNklfo1/"	positive
78	"Rampage belum bisa move on dari film ini, keren kali. https://www.facebook.com/story.php?stor y_fbid=1802145109835093&id=100001188658309 �"	positive
79	Nonton Red Sparrow subtitle Indonesia #film ini bercerita tentang seorang mantan penari balet bernama Dominika Egorova (diperankan oleh Jennifer Lawrence) http://www.bioskoponline.org/red-sparrow/	positive
80	RED SPARROW (20thcenturyfoxid) Film yang sangat menegangkan mencampur aduk emosi dan berfikir film ini memiliki banyak teka teki di awal film dan akan terjawab kalau kamu bisa memahami film ini dan mengikuti alur nya. Film tersadis yang pernah gua tonton� https://www.instagram.com/p/BfvXCL7jfxH/	positive
81	14. RED SPARROW (2018) 5/10 Mbak Jennifer Lawrence cakep sih main nya. https://pic.twitter.com/61qJFLYibD	positive
82	Film nya bagus banget terbaik lah Dilan 1990 #dilan1990 @iqbaale @vaneshaass pengin nonton lagi� https://www.instagram.com/p/BetBTQYlLoW/	positive
83	Nonton #dilan1990 bareng bunda @MFauzia . Film yang bagus untuk di tonton (y) . Berasa balik ke jaman sma :D� https://www.instagram.com/p/BekoWKpB1FD/	positive
84	"Mau Review film film. dilan1990 nih. Mulai baca Novel dilan cetakan XVI , dari pertama baca sangat amat suka sama karakter dilan. Gila ya ada nya cowok kaya begini di dunia nyata � https://www.instagram.com/p/BeX59_FjVo1/"""	positive
85	Gue yakin sih semua artis remaja yang merasakan pacaran juga pasti kaya gitu. Hanya saja gak banyak orang yang cari tau. maka nya gak ada yg tau. iqbal kebetulan lagi naik daun dengan sukses nya dia di film #Dilan1990 di tambah kabar bahagia dia yang lulus dari UWC sebomming pernikahan nya harry - meghan :D	positive
86	#Dilan1990 menurutku adalah sebuah film yang mengembalikan ingatan terhadap zaman sekolah.  Sebuah film ringan tentang anak remaja yang mempunyai kebahagiaan tersendiri.  Telatah Dilan yang berusaha mencuri hati Milea dengan berbagai cara akan mengundang..	positive
87	Arini .... Masih ada kereta yang akan lewat Benar-Benar film yang bagus banget Goals Baru� https://www.instagram.com/p/BhRJ3dgjQrQ/	positive
88	"Mending nonton film arini ya kan, manis manis manja gitu"	positive
89	#PengabdiSetan mengingatkan kita betapa kisah dan hantu - hantu dengan kearifan lokal itu jauh lebih seram ketimbang yang di luar sana.	positive
90	Pengabdi Setan bangsat! Joko Anwar tahu banget cara bikin orang sini menjerit - jerit. Salah satu pengalaman nonton horor paling mengesankan! 4/5	positive
91	"Apalagi bawa - bawa mayat, kafan, keranda, kuburan, tahlilan, sampai adegan salat yang super menakutkan itu. Gue nyerah! #PengabdiSetan"	positive
92	Dan gue senang Joko Anwar tidak terpancing bikin film nya jadi sok pintar. #PengabdiSetan tetap bakal disukai penonton kebanyakan	positive
93	Pengabdi Setan Raih Film Terbaik Overlook Film Festival 2018 di Amerika http://kompas.com/AFyZq8	positive
94	Aduh Pengabdi Setan kalah sama film Dilan :))) Aing ah apa apaan ini! Padahal pengabdi setan seru banget! seram kaco parah sih! Soal nya aing ga nonton kalo film dilan hahaha	positive
95	Akhirnya memberanikan diri untuk nonton bareng Pengabdi Setan Seram? Pasti Menguras energi� https://www. instagram.com/p/BZ_pkV3g0ix/	positive
96	"#MarsMetVenusPartCowo mampu mempertahankan rasa manis dan hangat dari Part Cewe dengan humor yang lebih asyik, lebih menggigit. 3,5/5"	positive
97	"Secara sinematik #Dunkirk jelas ada di level yang luar biasa. Visual yang memukau sekaligus mengintimidasi, ditambah skor yang gila."	positive
98	"#Sweet20 tampil kocak, hangat, dan menyenangkan terutama berkat performa luar biasa Tatjana Saphira. Remake yang asyik dan memuaskan! 4/5"	positive
99	Dan #Sweet20 punya penutup yang nggak kalah mengejutkan dengan versi original nya. Pecah!	positive
100	Apa cuma gw doang yang ga nunggu-nungguin banget Infinity War? Biasa aja gitu kayak film lain nya.. malah lebih pengin nonton Terbang besok kalau sempat :')	positive
101	"4. Insidious: The Last Key Meski atmosfer horor nya gagal di bangun dengan baik dan rajutan kisah nya tak matang, #InsidiousTheLastKey masih punya beberapa jump scare yang cukup mengasyikkan. 3/5 https://pic.twitter.com/plMDiIHvHC"	positive
102	"Gue kira antri @FilmKoalaKumal pakai perjuangan cuma hoax. Ternyata beneran, sayang nya gue lupa foto bang @radityadika KEREN BANGET !!!"	positive
103	adegan favorit di film Koala Kumal .. Pas lidahnya @radityadika keseleo.. :D @FilmKoalaKumal	positive
104	Suka banget sama akting kakak cantik yang satu ini di film koala kumal ditambah lagi sama soundtrack nya yang hits @sherylsheinafia	positive
105	Koala kumal .. Film nya bikin nyesek tapi lucu sampai sakit perut @Metropolitan Mall Cileungsi https://www.instagram.com/p/BHuX3btj9bq/	positive
106	"Sejujur nya, saya pribadi lebih suka film Sabtu Bersama Bapak daripada Koala Kumal . Walapun memang Koala Kumal adalah film tebaik Radit sejauh ini."	positive
107	"""@sherylsheinafia hai sheryl gila film koala kumal bagus banget parah. Lo beda banget sama yang di breakout. Gokil. Lagu nya juga enak."	positive
108	"Sampai mimpi hidup kayak di A Quite Place , hebat di mimpi aku bisa jadi pendiam, dan jadi jagoan, dan muat ngumpet di lemari"	positive
109	"Kalau a quite place mengajarkan jadi orang jangan bacot, avengers infinity war mengajarkan jangan ajak ketemuan pas ada perlu nya aja nanti mati."	positive
110	"2. Yowis Ben #YowisBen jadi kejutan yang menyenangkan! Memang tak ada yang istimewa dari cerita nya, namun rentetan guyonan berbahasa Jawa yang tepat sasaran jelas punya keistimewaan tersendiri untuk pasar nya. Sulit untuk berhenti tertawa! 3,5/5 https://pic.twitter.com/aLe2uHrPao"	positive
111	"Setelah sukses film komedi berdialog bahasa Jawa Timur #YoWisBen, sekarang boleh di tunggu #Jancuk, drama-komedi pasangan muda suku dan agama https://pic.twitter.com/dHPgcEG8zV"	positive
112	"Contoh nya seperti film yang menurut saya bagus, misalnya, love for sale dan infinity war. Penonton sudah beranggapan bahwa akhirnya pasti menang/ happy ending. Dan kemudian ""kecewa"" dengan ending nya"	positive
113	"Yang belum nonton Love for Sale, berikut review nya. Cepat keburu turun film nya, padahal bagus lo �. http://www.sebelumnonton.com/201/03/review-film-love-for-sale-yang-jomblo.html � @CenayangFilm =)"	positive
114	"Guys, nonton #LoveForSale buruan. Asli bagus. Gue lihat penontonnya masih sedikit. Jangan di tunda kalo mau nonton. Sayng banget kalau sampai sebentar doang yang tayang di bioskop. Berangkat gih. Percaya lah. Bagus!"	positive
115	"37. Tomb Raider Meski kisah nya ngalor ngidul entah mau nya gimana, #TombRaider versi baru ini punya deretan aksi yang seru banget. Alicia Vikander jelas pilihan tepat! 3/5 https://pic.twitter.com/SOKV5Pf4f2"	positive
116	"""Tomb Raider"" memang gagal ambil alih posisi juara box office domestik dari ""Black Panther"", tapi film aksi Lara Croft tersebut adalah film internasional terlaris pekan ini: http://flickmagazine.net/news/4830-tomb-raider-gagal-ambil-alih-juara-box-office-dari-black-panther.html ..."	positive
117	strategi nya sama kayak mengeluarkan black panther sebelum infinity war. Sama - sama juga menikahkan latar sebagai film solo pertama superhero kulit hitam (black panther) atau superhero wanita (captain marvel) pertama dari MCU juga	positive
118	Black Panther jadi film Marvel yang paling menguntungkan. Kok mati di Avengers Infinity War? Alur cerita film sepenuh nya diatur bisnis. Spiderman juga lagi film nya tahun depan. http://www.bbc.com/indonesia/majalah-43368382 � 	positive
119	"Review pendek yang telat untuk ""The Conjuring 2"" � sisi religius nya yang justru membuat film nya tambah menarik."	positive
120	"Film horor ""A Quiet Place"" sukses mencuri perhatian publik! Bahkan film ini mengalahkan ""The Conjuring"" di Box Office! Berikut 7 fakta dari film horror ""A Quiet Place"" yang wajib kita ketahui. Pokok nya wajib banget nonton film ini!"	positive
121	"1. The Greatest Showman Banyak nya detail penceritaan yang dilewatkan membuat kekuatan emosi dalam #TheGreatestShowman terasa naik turun. Namun film ini mampu membawa banyak kebahagiaan lewat deretan momen musikal yang cukup magis. 3,5/5 https://pic.twitter.com/72hN5P9b9e"	positive
122	"Baru tau film The Greatest Showman bagus banget :"") , dan aku sendiri emang suka film musikal gitu tapi yang bawaan nya ringan!! omg suka banget telat banget baru nonton aku nya"	positive
123	Kemana aja kau pani RT @faniasiik: Baru nonton the greatest showman jadi semakin suka mendengarkan never enough	positive
124	"Pas nonton happy death day juga gitu trailer nya menjanjikan banget � pas nonton, ya bagus aja sih tapi ga masalah kalau nonton nya di laptop"	positive
125	"Udah nonton Happy Death Day? Film jenius, susah bikin film yang banyak adegan di ulang tapi dengan akhir yang berbeda. Karakter dan dialog kuat. Makanya waktu bikin film lagi dengan judul TRUTH or DARE, pasti seru! https://pic.twitter.com/EDPslKbyC2"	positive
126	Cuman bisa bilang KEREN BANGET... TOP ABIS itu film HABIBIE AINUN ... Semua cerita ada di film itu..... Top banget ;)	positive
127	"#habibie . Habibie-Ainun , tidak sekedar drama kesetiaan rumah tangga, ada etos anak negeri menggapai harga diri bangsa"	positive
128	"Subhanallah film habibie&ainun sedih banget sampe menangis aku hahaha,eh eh tapi ada @chris_nelwan nya juga loh peran nya jadi anak nya habibie&ainun"	positive
129	"Ayo lah RT @mallandut : Harus wajib nonton Habibie & Ainun nih, kapan lagi indonesia bikin film bagus kaya gini."	positive
130	"Keren yu sedih RT @ayuputriandira2 : Aku besok nonton nya :( RT @muthiamuchlis : Habibie ainun bikin air mata menetes"""	positive
131	"Juara!! RT "" @AdrieSubono : Habibie & Ainun telah memecahkan rekor perfilman Indonesia. 1,030,000 penonton hanya dalam 7 hari! Alhamdulilah!!!"""	positive
132	"WAH RT"" @detikcom : �Habibie & Ainun� Tembus 700 Ribu Penonton dalam 5 Hari http://detik.com/3Yt3a via @detikhot"	positive
133	RT @kompasiana : #TrendingArticles | Habibie-Ainun : Kesetiaan Lelaki Terlihat dari Kecerdasan nya http://kompas.com/ADVLow	positive
134	"Akting nya reza rahardian nyawa nya film habibie ainun banget, butuh pendalaman karakter yang lama itu pasti ,salut."	positive
135	"RT @mimelinda : Masih terkagum - kagum sama akting nya Reza Rahardian di film Habibie & Ainun .. Satu kata, professional!"	positive
136	"""HABIBIE & AINUN"" bagus banget!! Salut sama akting nya Reza Rahadian & BCL, super keren! ""Saat di bioskop kesayangan :))"	positive
137	"Bagus ka,,pakai menangis pula hehehe RT @fithriatarissa : Bagus gak?? RT @famonce : Habibie & Ainun with ... http://tmi.com/DEsU4"	positive
138	Gimana ya kalo kamu jadi pilot nya aku jadi co-pilot nya kaya di pacific rim . Pasti aku bisa tau memori kamu <3	positive
139	"Bagus RT @chrisyebororing : Ada yang sudah menonton Pacific Rim ? Gimana Film nya, bagus ga ?"	positive
140	"Oke oke bisa dicoba RT @Sharqie : Enak ini RT @adissttrr: Seru kagak? RT @Sharqie : aku sudah nonton  RT @adissttrr: Pacific rim bisa kek nya"""	positive
141	"Udah, pokok nya film nya keren, wajib nonton RT"" @AhSpeakDoang : Udah nonton Pacific Rim ? menurut kamu bagus gak film nya?"""	positive
142	":3 RT @TamaPranedya : Tambah GUNDAM juga :3 RT umamagafi: Apa jadi nya megazord, transformer, sama pacific rim jadi 1 film? Wah keren banget"	positive
143	"Pacific Rim bang, seru deh RT"" @MokxyJ : Film apaan? RT"" @YunidarPurba : Film nya keren banget, nyesel kalo ga nonton. Hi hi :p"""""	positive
144	Seru!!! Memang bukan sampe ke level menegangkan sih...tapi kaya nya ini impian masa kecil tiap� ? Pacific Rim � https://path.com/p/1VXsQi	positive
145	"#tips kalau pengin nonton pacific rim wajib ! Harus tonton yang 3D guys , biar lebih merasa ada didalam film saranin yg imax 3D"	positive
146	8 dari 10 buat Pacific Rim ... Demen banget sfx sama musik - musik nya.. Di tambah adegan geret kapal bikin greget :)))	positive
147	"Buat lo LAKI yang dulu kecil gemar nonton Evangelion atau Gundam , Pacific Rim tuh kaya ngebayar lunas fantasi� � https://path.com/p/1lD836"	positive
148	"nih film makanan nya dapat banget.... dan kemampuan pemeran utama nya gak yang ""super"" banget ? Elysium � https://path.com/p/2ptOFJ"	positive
149	"#elysium film humanisme + sci-fi yang berbumbu action. Pesan moral nya kena banget, menyindir orang bergelimang harta yang� � https://path.com/p/3eZStJ"	positive
150	"Film tentang pengorbanan, untuk jutaan penduduk bumi.. Seru!!! ? Elysium (at @cinema21 ) � https://path.com/p/32JfPl"	positive
151	Sindiran atau saran buat kedokteran mungkin ini film . Misi kemanusiaan yang kena banget. ? Elysium � https://path.com/p/4C8BzR	positive
152	Iya San .. hehehe keren film nya meski di awal seperti terlalu sadis ;D RT @awajisan : @arhcha wah asik :p lumayan film nya elysium	positive
153	Mampus dah ! Film Carrie keren mampus ! Keren !	positive
154	"Film nya keren.. banyak pesan moral.. mari nonton.. ? Carrie (with @Novita, @Ray, and @Fidel at @blitzmegaplex ) � https://path.com/p/28OntT"	positive
155	Iya ini pertama kali nya sepanjang sejarah aku nonton film horror menangis banyak dapat pelajaran dari film carrie ini	positive
156	film mama anjir seram banget masih kebayang setan nya ka!!?!!	positive
157	"Film MAMA sukses bikin takut sendiri astaga : | jadi parno mau melakukan sesuatu, setan nya ... ? Mama � http://path.com/p/wdUCm"	positive
158	"Sudah ada mantap abis film nya haha RT @sandraaadi : Udah ada ya kebbi? @st_ftmh : Itu film ""MAMA"" horor abis!!"	positive
159	"Demi apapun ini film ""mama"" seram mampus :| (with @aidharosadi at @cinema21 ) � http://path.com/p/3dugcI"	positive
160	"lumayan seram ternyata om.RT @jokoanwar : Udah lama ga jerit - jerit nonton film horror. Terima Kasih, MAMA"	positive
161	"lumayan buat terapi jantung say RT@_IkkaVH: Film 'nya bagus gak say ? RT @dherynlaza : Menonton "" Mama "" untuk kedua kalinya di @blitzmegaplex "	positive
162	"haha payah, penakut :p RT @Oktaaaaav : Film mama bikin jantung aku ingin copot o__o  Abis si @Arvan_Persie aku remas kalo pas ada hantu nya"	positive
163	"Nah ini baru film ! Ga kaya tadi, uweks.. #Dikerjain :( ? After Earth � https://path.com/p/YhzQ9"	positive
164	"Nih si hitam dari jaman film The pursuit of happiness, karate kids sampe after earth selalu keren ga bosan-bosan."	positive
165	"Kaset aku wkwkwk "" @suryantosagala : Keren nih film ""After Earth"". Film motivasi yang cerita nya memiliki banyak pesan yang baik (y)"""	positive
166	Akhirnya selesai juga nonton ini film ! Keren nya pake banget JADEN SMITH alah ganteng nya ? After Earth � https://path.com/p/4kbdtA	positive
167	Keren film baru after earth ! Harus nonton	positive
168	Info bagus RT @WitwickyCurse: After Earth seru banget! @Audya_Regina : Yang sudah nonton acung jari nya dong! Seru ga film 'nya? Tiba tiba pengin nonton	positive
169	ini film keren banget! wajib tonton .. alan turing salah� ? The Imitation Game (w/ @roni at Premier Senayan City) � https://path.com/p/Y8X9Y	positive
170	Terjebak dalam film yang mengharuskan berpikir keras� ? The Imitation Game (w/ Resa at XXI Cinere Bellevue Mall) � https://path.com/p/aiuTo	positive
171	"Film kalau anak IT bilang Kriptografi� ? The Imitation Game (w/ @Yohana, @Ninta, & @IreneAnasthesia at @cinema21 ) � https://path.com/p/13TbSb"	positive
172	Film yang belakangan ini aku tonton bergizi semua ya. :3 - Boyhood - Whisplash - Nightcrawler - The Imitation Game Juaranya Whiplash	positive
173	Film yang bikin mikir (banget) tapi keren (banget) ? The Imitation Game (with @Agung at @cinema21 ) � https://path.com/p/3P0dqx	positive
174	"Yang suka film berat, mikir, dan keluar bioskop pusing. tonton deh the imitation game , film di awal tahun 2015 yang bagus banget!"	positive
175	Salah Satu film terbaik Tahun ini! Maaf ya! aku nonton duluan � ? The Imitation Game (w/ @kutzna at @cinema21 ) � https://path.com/p/3T6Iqd	positive
176	"Oy, penggila IT (Security/Networking) Rekomen Film : "" The Imitation Game "" http://twitter.com/1ylcjZO via: @BekasiUrbanCity"	positive
177	"`@INDIKA9160FM film nya rekomen banget bro , the imitation game .. menyesal banget kalo ga nonton #MovieOfTheWeek"	positive
178	"Setuju! RT@ipeh_heidy: Udah pada nonton film scarlet johanssen yang baru belum #Lucy ,keren banget science fiction gitu, bagus, gak menyesal #Rekomen"	positive
179	Bagi pecinta film .. Film LUCY .. rekomen banget.. apalagi yang suka ilmu pengetahuan tentang otak.. Keren banget..	positive
180	Sudah nonton film lucy ? Bagian terlemah dari tubuh manusia tapi memiliki kekuatan pengendalian terbesar adalah otak https://pic.twitter.com/uhMG1uWgKf	positive
181	"Habis nonton film "" LUCY "" & kagum dengan kekuatan super serta hipotesis ilmiah nya. :D (@Djakarta Theater XXI) https://www.swarmapp.com/mirzablue/checkin/53f5fe74498e261a715af547?s=TGlkjSDHwx0hl0pKlaUW6k6PoDE&ref=tw �"	positive
182	Film tercerdas tahun ini ? Lucy (with @awansyaputra18 at XXI Blok M Plaza) � https://path.com/p/1IKms9	positive
183	"Setuju sih sama pesan film Lucy , kalau tujuan hidup itu untuk legacy. Setuju banget"	positive
184	Film Annabelle lumayan bikin kaget juga hahaha	positive
185	Nonton film lucu dulu sebelum istirahat ? Annabelle � https://path.com/p/4FigMV	positive
186	RT @979FeMaleRadio terakhir nonton itu film annabelle . seram. #happymorning	positive
187	"Ini film menurut aku ga horor banget, tapi bikin spot jantung. #Annabelle http://twitpic.com/echyzy"	positive
188	"#review film Annabelle, inti nya rapi, semua di susun rapi tidak ada yang terburu - buru, timeline nya pas atau tidak janggal, dan teror nya dapat https://pic.twitter.com/BfDP52Kf00"	positive
189	aku kalo melihat jendela kamar suka teringat yang pas di film Annabelle	positive
190	film annabelle ga terlalu seram .tapi membuat kaget	positive
191	Lumayan seram sih RT@askfm_Indo : #askfm Menurut lo film Annabelle seram gak ?	positive
192	Film annabelle itu lucu yah :-D sampai buat si abang teriak =)) aku aja diam :-P :-D	positive
193	"Benar kata orang - orang ya kalau film annabelle yang ini bikin jantungan --"""	positive
194	Sumpah ini film lebih seram dari pada counjuring edun habis film ini rumah� ? Annabelle (at Cinema 21 Cilegon) � https://path.com/p/GilcC	positive
195	"Surga Yang Tak Dirindukan . Film yang bagus, banyak hikmah didalamnya.. Tapi, saya dini bukan Mbak� (at @cinema21 ) � https://path.com/p/BmGcs"	positive
196	Ya akhirnya aku sudah menonton film ka @bellaudya829 Surga Yang Tak Dirindukan benar-benar menguras air mata https://pic.twitter.com/IGrSnfXakuz	positive
197	Suka banget sama film surga yang tak dirindukan . Ada dua kalimat yang sudah aku lakukan dalam� (at @cinema21 ) � https://path.com/p/3DLZJb	positive
198	Di bikin bengep nih mata sama film surga yang tak dirindukan .. Bagus film nya (with Nurma at @mccibubur) [pic] � https://path.com/p/451xx2	positive
199	"""Allah hanya menerima orang - orang yang sabar dan ikhlas"" tidak sia-sia nonton film Surga Yang Tak Dirindukan ."	positive
200	Surga yang tak dirindukan film pelajaran banget #goodMovie (with @tatu at @cinema21 ) � https://path.com/p/3KC4ux	positive
201	Senang!! Hari ini dapet banyak pelajaran dan motivasi dari film surga yang tak dirindukan	positive
202	"wajib nonton surga yang tak dirindukan ,film nya bagus banget sampai bikin orang menangis @bellaudya829 � https://instagram.com/p/5RpdqUThtx/"	positive
203	"Wajar sih, memang pecah gila tuh film RT @987Genfm : Ga sampai 2 minggu tayang dibioskop, film ""Comic 8 "" tembus 1 juta penonton uh .. nih"	positive
204	Ternyata film COMIC 8 memang benar-benar lucu & gokil pemain nya.:#	positive
205	Suka banget sama jalan cerita film Comic 8 . Semacam reinkarnasi warkop DKI dalam versi modern tapi bukan plagiasi. BAGUS!! @Comic8TheMovie	positive
206	"Dan kalian tau kalo film comic 8 itu lucu total keren abis dah, ini rekomendasi buat kalian kalau mau nonton tapi bingung mau nonton apa :)"	positive
207	"review sebentar tentang film Comic 8 , kocak dan akhir film yang ga ketebak. sekian review dari saya. (at @pondokindahmall ) � https://path.com/p/27LHkF"	positive
208	"@Indro_Warkop om film Comic 8 gokil banget, jadi mau nonton lagi, di tunggu film selanjutnya"	positive
209	"Film Comic 8 keren! Salah satu film indonesia yang bikin mikir, bikin nebak-nebak sampe akhir"	positive
210	"Hahaha kocak film comic 8 gak kebaca jalan ceritanya , jadi susah di tebak hahahaha keren abis"	positive
211	Mau nonton my idiot brother lagi :( sumpah itu film berhasil banget bikin aku menangis sesegukan :')	positive
212	Sukses banget film my idiot brother bikin menangis ga berhenti-berhenti	positive
213	cerita nya menguras air mata :( my idiot brother #sad #ending #film #MyIdiotBrother #today #cinema #XX1 � http://instagram.com/p/t0Ksq	positive
214	Film my idiot brother sukses bikin menangis. jadi inget kalian! (with @echojunanto at @nonniipriincess) � https://path.com/p/1tUwv2	positive
215	Film my brother idiot bikin aku keluar - keluar studio bengep mata nya hahahaha gila keren	positive
216	Lebih seru juga my idiot brother ya ka RT @aronashab : Film Annabelle ga seru.	positive
217	Sukses buat yang bikin film my idiot brother sukses buat orang nangis 1 studio	positive
218	"Pujian insan perfilman buat My Idiot Brother , terima kasih buat yang sudah nonton (with @Ferry153 at Fast Film ) [pic] � https://path.com/p/2fNjDt"	positive
219	"My brother idiot ternyata seru banget. Ada geli, jijik, sebel, kesel, lucu, ketawa - ketawa, yang paling mengesankan terakhir film kita menangis pijar :"" ."	positive
220	Oke fix film my idiot brother nya bikin aku cengeng :'( sumpah bagus dan disitu ka kim cantik pake banget @kimbrlyryder ^^	positive
221	"Kesimpulan dari film supernova ""Junot ganteng banget"""	positive
222	"Film supernova itu film ""terbrengsek"" tahun ini!!! Keren & ga ketebak!! (at Mall kota kasabelangka) � https://path.com/p/49xu0N"	positive
223	Huh ini film Supernova film paling kocak yang pernah kutonton	positive
224	"Baru kali ini nonton film bioskop mikir keras, dari alur cerita sampe dialog nya yang berhasil bikin nyut-nyutan kepala lokasi nya keren - keren #supernova"	positive
225	"menurut situs newyorker ini film drama terbaik tahun kemarin, hem patut di coba� ? American Hustle � https://path.com/p/2ip1su"	positive
226	Jadi suka sama Jennifer Lawrence gara - gara film american hustle :D	positive
227	"Kalo ada pembuat film yang mau membuat film tentang KPK ya cara paling gampang buat lah yang Kayak ""American Hustle"". Film dengan tema berat tapi di buat cukup ringan."	positive
228	"wah RT @solehsolihun jennifer lawrence dan gaun terseksi nya di film ""american hustle"" yang keren. https://pic.twitter.com/ckOni7SoLZ"	positive
229	"""American Hustle"" . Irving Rosenfeld. Film tentang Korupsi, Kolusi dan Nepotisme. Penipu ulung. Rekomen. Sugoi!!!"	positive
230	"Film american hustle cukup rumit, tapi keren lah!"	positive
231	"Nonton ""American Hustle"" itu udah kaya nonton ""Inception"". Musti jeli sama dialog-dialog di awal film biar bisa mengerti ke belakang - belakang nya"	positive
232	The Call ... Film bagus ini. Lebih puas nonton ini daripada man of steel yang Zonk!! [pic] � https://path.com/p/2w5y1K	positive
233	"Yang bilang The Conjuring itu udah cukup seram dan mengaggetkan, coba tonton The Call . Bukan film horror tapi jelas lebih menyeramkan dan mengaggetkan"	positive
234	"The Call keren... Sepanjang film kejang - kejang :)) (at @cinema21 ) � https://path.com/p/Q9BKd"""	positive
235	PUAS BANGET SAMA AKHIRNYA!!!!! Keren nih film !!! ? The Call � https://path.com/p/2jLxua	positive
236	Menegangkan setiap detik nya 9/10 buat film ini bagus ? The Call (at @cinema21 ) � https://path.com/p/1dKACF	positive
237	Efek film ini setara dengan cardio 300 menit jantung akan sehat ? The Call (at @jocmons ) � https://path.com/p/4iwy7p	positive
238	Sumpah ini film keren banget.. Dari mengantuk sampe buat aku tidak bisa tidur.. Sukses dah sutradara nya� ? The Call � https://path.com/p/2hkyUF	positive
239	"Penasaran! Tonton deh besok RT @detikcom : Menjelajah Angkasa dalam Film ""Gravity"" #Gravity http://detik.com/tErYg via @detikhot "	positive
240	"Review #Gravity : film ini menceritakan wanita yang terjebak di luar angkasa dan dia harus berusaha untuk kembali ke bumi, sendirian!! Seru :-D"""	positive
241	"Sepertinya "" Gravity "" bakal jadi film sci-fi paling epik tahun ini. Bahkan dapat #CertifiedFresh 98% RottenTomatoes dan 88% IMDb. :)"	positive
242	Ada 3D nya ga kak? RT @realtamiii : Film Gravity itu surga buat orang seperti saya. Bisa lihat isi ISS sama Soyuz nya walaupun gak asli. Tapi � https://twitter.com/ardictatian/status/387227902833475584	positive
243	"Film nya bikin pintar karena jadi tahu gimana sebenarnya di luar angkasa itu ;);) RT @jflowrighthere : Lagi ada film - film menarik nih, Gravity , Prisoners, MSS nya @radityadika , hmm #apalagi ya?"	positive
244	"Habis menonton gravity .... Langsung cabut lagi lah, memang ada yang peduli? Gak ada kan... Huh huh huh film nya keren abis!!� #Gravity"	positive
245	`@Mujiastono @oland_ bagus banget. Sampai-sampai akting nya Lupita Nyong'o menyabet Oscar. Alasan menonton film 12 Years a Slave ya karena itu.	positive
246	"WAH RT @ryanhadefi : Gravity sama 12 Years A Slave sama - sama 97% di @RottenTomatoes , tapi rating nya lebih tinggian Gravity gitu :|"	positive
247	Lagi nonton 12 years a slave ... Keren...!!!	positive
248	"Benar-benar :(( nonton film 12 years a slave aja menangiskan ;""("	positive
249	"Ini tuh Jelas film yang Berkelas pake banget, Rekomen!! ? 12 Years a Slave (at @cgk_ap2 ) � https://path.com/p/48ERTa"	positive
250	"Nonton 12 years a slave bikin pilu #pffft ,,tak heran jadi salah satu film nominator (menang) kategori beberapa penghargaan film bergengsi #fb"	positive
251	"Pada heboh film filosofi kopi akhir - akhir ini, padahal pers nya sama cerita nya sudah buming semenjak bulan november di senayan .. Pada telat update .."	negative
252	"Yakin di film in?? RT @OhKutipanBuku : Teaser poster untuk film Filosofi Kopi !!!!!! https://pic.twitter.com/1kFOm8aDds"""	negative
253	"omong-omong perawi film Filosofi Kopi itu siapa? jangan - jangan dhaif, jadi tak persis seperti novel nya."	negative
254	Masih berlangsung nya film filosofi kopi satu yang gw dapet adalah. Kuku jempol nya chiko jeriko jelek :))	negative
255	"Nonton film indonesia "" filosofi kopi "",mata pegal layar nya gerak - gerak� (w/ @Kiko, @Caroline, & @BerthaRia at XXI cipinang Indah Mall) � https://path.com/p/49XGnO"	negative
256	The secret suster ngesot urban legend itu film horror apa iklan mobil	negative
257	"""The Secret : Suster Ngesot Urban Legend"" Pengorbanan Cinta Berujung Petaka Kepul http://hotdetik.com/read/2018/04/2 5/114708/3989688/229/the-secret-suster-ngesot-urban-legend-pengorbanan-cinta-berujung-petaka"	negative
258	"The Secret Suster Ngesot Urban Legend batal tayang di daerah Palopo, Sulawesi Selatan setelah diprotes oleh asosiasi perawat karena penggunaan kata "" suster "". Kalo judul FTV Indosiar: Akibat Kebanyakan Gimmick dan Settingan, Filmku Di boikot dan Batal Tayang https://pic.twitter.com/ozzSSWv7bz"	negative
259	Ih Ngeri.. Ada Yang Kesurupan Saat Promo Film The Secret - GO SPOT https://youtube.com/BP-PKca5_Y8 lewat @YouTube	negative
260	Iklan film the secret aja bikin seram gak mau lihat kanan - kiri kalau lampu kamar udah mati. Apa lagi nonton nya huh	negative
261	"Nagita Slavina Ternyata Terpaksa Bermain di Film Raffi Ahmad, The Secret Suster Ngesot http://dlvrit.com/QQwrt6"	negative
262	: gue : temen gue : eh pengin nonton horror deh. Saran film horror dong : itu... Yang the secret of apa tuh... Secret of suster ngen EH ngesot	negative
263	Film The Secret : Suster Ngesot Dibuat dengan Logika Ngesot https://ifttt.com/2JCwkUV #perfilmanindonesia #filmindonesia	negative
264	"pengin nonton the secret walaupun gua takut sama film horor apa lagi pas temen yang udah nonton bilang seram banget gua semakin kepo kan"""	negative
265	Tidak sesuai ekspektasi. #Danur . (at @cinema21 ) � https://path.com/p/42L5wt	negative
266	"Danur 1&2. Gajelas banget cerita nya, apalagi yang kedua gantung parah (nonton juga lagi gw wkwk), alur nya biasa aja, banyak yang nonton waktu part 1 karena pemasaran nya aja kali itu bagus bikin penasaran dan masuk film horor indonesia terbanyak penonton nya."	negative
267	"DANUR nya kurang seram, masih seraman DANUR kuning nikahan mantan . . . . . #danur #danurmovie � https://www.instagram.com/p/BSqPTEhAwA9/"	negative
268	Biasa aja ah ? Danur (with @AhmadSyahruji at @cinema21 ) � https://path.com/p/JxfSm	negative
269	Gak seram uang balikin ? Danur (with @Sari at @cinema21 ) � https://path.com/p/4tjRZs	negative
270	Lumayan bikin takut juga suara nya tapi durasi film nya kurang panjang ? Danur (with @intan at @cinema21 ) � https://path.com/p/37NnTq	negative
271	"Gak ada seram-seram nya ah ? Danur (with @Dwi, @salsabilah, and 5 others at Gading XXI) � https://path.com/p/3HqlnP"	negative
272	Nggak seram pisan deh ? Danur (with @Indra at Cinemaxx Mal Lippo Cikarang) � https://path.com/p/3oLPIk	negative
273	Ga seram ah danur .... (with @Debby at @teraskotabsd ) � https://path.com/p/aTgDt	negative
274	Paling malas nonton beginian ? Danur (with @Shafa and @PUTZALLEA at @cinema21 ) � https://path.com/p/1wIM2p	negative
275	"harus melewati jumlah si film ngesot yang sebelum nya kalau bisa mengalahkan danur kalau gak mah berani-berani tapi ujung nya ditertawakan jadi bahan ""ejekan"" baru setelah rafathar...ya minimal lebih dari rafathar .."	negative
276	Hahahahhahaha ekspresi kakak - kakak gua ketika nonton film Danur orang pada nonton kedepan� https://www.instagram.com/p/BSnZ-w0F97u/	negative
277	8.... film cek toko sebelah (berniat sekali ingin menonton karena rating yang bagus) maka saya tidak akan menonton nya.	negative
278	Nonton film yang katanya rating nya jelek ? Suicide Squad (with jayanti at @cinemaxxtheater ) � https://path.com/p/2dtwVM	negative
279	Gak seru ah.. Cerita nya klasik banget dan mudah ketebak ? Suicide Squad (with @Lia and @Fadhila at @cinema21 ) � https://path.com/p/570Dj	negative
280	Baru nonton udah basi banget ? Suicide Squad (at Pt Ace Bio Care) � https://path.com/p/3by6FK	negative
281	"diawal film nggak ngerti siapa aja pemain nya, agak gak nyambung sama jalan cerita nya :D� ? Suicide Squad (at @cinema21 ) � https://path.com/p/1VjIJG"	negative
282	"Film Suicide Squad itu, kaya tampang pacar kamu.. Biasa"	negative
283	99 cahaya di langit eropa . Ga terlalu bagus. (@Detos 21 - @cinema21 w/ 6 others) http://4sq.com/1dHyqfQ	negative
284	Tau aja kak RT@Aprilahfadiyah1 : Nanti stefen yang sering makan daging babi di film 99 Cahaya di langit eropa 2 di tabrak mobil	negative
285	Karena ga ada film terpaksa nonton 99 cahaya di langit eropa . Padahal mah najis banget nonton nya	negative
286	Ternyata film 99 cahaya di langit eropa itu cuma setengah doang dari novel nya. Dan nanti ada yang part 2 nya..	negative
287	Truth or Dare bagus ga ya ? Dengar-dengar kayak Final Destinantion .. kalau benar gitu gw mundur ga bisa nonton film genre gitu..	negative
288	"#TruthorDare movie Ini film ga tau genre nya apa, romansa ada, horor ada, thriller ada, kek nya semua genre jadi satu. Terlalu mengintimidasi penonton, alias mengerikan. Kaya kita ikutan main permainan gitu"	negative
289	"59. Truth or Dare #TruthOrDare awal nya lumayan menyenangkan meski permainan dan drama nya receh banget. Namun makin lama kok makin jelek, makin ngelantur, dan makin sulit dimengerti ini film mau nya gimana, faedah nya apa, dan kenapa saya masih terus menyaksikan nya... 1,5/5 https://pic.twitter.com/Yr4KUsPFHy"	negative
290	"#TruthorDare ternyata film religi. Barang siapa menjalani perintah agama, hidup nya akan terhindar dari kesialan dipaksa - dipaksa main truth or dare berujung maut. He he."	negative
291	"Teori Hobbes om. Ciptakan ketakutan, maka kau akan menguasai nya. Di film animasi Zootopia , teori ini dikreasikan dalam budaya populer bahkan bisa dinikmati anak - anak.. Sok atuh di tonton."	negative
292	Kita sudah cukup tua sebenarnya buat nonton film ini ? Zootopia (with @TyasAri at @cinema21 ) � https://path.com/p/1OzF42	negative
293	"Film bangkai gak bisa nonton tenang Usulan sapa sih nih nonton beginian --"" :""� ? Don't Breathe ( at One BelPark XXI) � https://path.com/p/2rAUPo"	negative
294	"Terandom nonton jam segini spot jantung 2x karena film dan papasan sama orang random :"" :)� ? Don't Breathe (at @cinema21 ) � https://path.com/p/2k9PrP"	negative
295	"Gara - gara nih film ga jadi tidur , bikin tegang doang ? Don't Breathe (at dewa ciracas) � https://path.com/p/24ZOJj"	negative
296	Beneran jadi susah napas nonton film ini ? Don't Breathe (with @Galih at @cinema21 ) � https://path.com/p/3zWdnO	negative
297	Film yang bikin capek habis nonton Tegang banget dari awal sampai akhir ? Don't Breathe (w/ @Yusak & @oim at @cinema21 ) � https://path.com/p/2QrF5D	negative
298	"Lebih hina bikin kaget nya,. dari pada film hantu #boleh Di Coba di tonton turutin mau nya pacar tersayang #malam minggu Kita :) � ? Don't Breathe (w/ @SekarPrabashanti at @cinema21 ) � https://path.com/p/2Zo8tg"	negative
299	"Kalau lo berharap ini bakal kayak Jumanji atau Ouija , Lupakan! Ular tangga cuma sekedar pemanis dan kambing hitam"" yang di bikin supaya kelihatan beda sama film horror indonesia lain. Terus kenapa ada lagu Lengsir Wengi juga coba??? Satu-satunya yang bagus cuma akting nya Danish Skor: 4/10 https://pic.twitter.com/7TdshkYkY5"	negative
300	Film apaan ini?? tidak ada seram -seram nya... ? Ouija : Origin of Evil (at Mana Aja Boleh Yang Penting Happy) � https://path.com/p/2pxa45	negative
301	"Jijik banget ini film !!! Mengesalkan!!! Dari awal sampai akhir ga dikasih napas gila� ? Ouija (w/ @Ibrohim at Platinum Screen XXI, Margo City) � https://path.com/p/39CTx2"	negative
302	"Apa - apaan sih film ""Ouija"" ini... Horror kelas teri, membosankan."	negative
303	"Cowok dua orang sebelah gw nonton film ginian aja tutup muka, yang satu pake tangan yang satu pake topi� ? Ouija (at XXI Taman Anggrek) � https://path.com/p/v6IxH"	negative
304	"Ingat dong ini film horor bukan film drama, jangan senyum senyum nonton nya :p ? Ouija (with prm at @cinema21 ) � https://path.com/p/4CGBLN"	negative
305	"Untuk kedua kali nya ini kita mbak nonton ini film ,semoga ga ada yang tarik-tarik keluar teater,biar bisa nonton sampai akhir ya :D --""� ? Ouija (w/ @Ulfaziah at @cinema21 ) � https://path.com/p/2ShndQ"	negative
306	NAH ITU KESIMPULAN FILM OUIJA ! RT @naddevdes : @Tivamns_ jangan percaya sama nenek nenek/?	negative
307	"Dilampu gantung tolol RT @hadipratamas : @hendrian30494 lo gua grayangin kalau gua mati, terus gua gantung di pohon cabe biar kaya film ouija #mati "	negative
308	"Indonesia masih menjuarai kalo masalah film - film horor, hanya kualitas gambar yang gambar yang membedakan nya :)� ? Ouija (at @cinema21 ) � https://path.com/p/1Qx8D0"""	negative
309	"Film gak mutu ... maksud nya mau science fiction, tapi science-gak dapat, fiction - nya juga gak jelas... #edisi nonton sama my angel� ? The Divergent Series: Allegiant (at @21cineplex ) � https://path.com/p/1BVQ93"	negative
310	Gantung aja terus ini film ? The Divergent Series: Allegiant (with Dominic at @cinema21 ) � https://path.com/p/4l8rGQ	negative
311	Udah nonton insurgent terus baca allegiant itu rasa nya aneh. Habis insurgent buku sama film beda banget	negative
312	Kelamaaan dek. Bagus novel nya gak terduga banget apalagi yang allegiant RT@aghitsa_zirra: @Anindhita_25 ada film nya juga... nunggu i	negative
313	"RT @bhimapasanova : RT @RezhaNusantara: @soyidiyos coba nonton film falcon and the snowman , biar kamu makin benci sama CIA :) http://myloc.com/riInf"	negative
314	"Malam jumat nonton film horor, tapi film nya jelek ? Rings (at @cinema21 ) � https://path.com/p/3xJyMI"	negative
315	Buset dah dari awal sampai habis ini film boros dah ah ? Rings (at @cinema21 ) � https://path.com/p/4GuMs0	negative
316	"Agak males sih ,, berhubung cuma ini yang belum di tonton film nya hahaha ? The Bye Bye Man (at @cgvblitz ) � https://path.com/p/fRzvb"	negative
317	"45. Pacific Rim: Uprising Jika tayang 20 tahun lalu, #PacificRimUprsing tentu jadi tontonan yang mengaggumkan. Namun karena ini 2018, jatuh nya jadi sekedar ajang pamer efek visual dengan kisah yang tipikal dan membosankan. 2,5/5"	negative
318	Kemarin nonton film action ini... Eh masa ada yang menangis hahaha :p ? Pacific Rim (with @muliyarahma ) � https://path.com/p/Dpjpz	negative
319	":'( :'( RT @amrazing : Agak sakit hati lihat film sebagus Pacific Rim baru dapet 52,2 juta dollar di Amerika."	negative
320	"Kenapa sih monster di film Pacific Rim dinamakan Kaiju, kayak nama pokemon ga sih? Ga ada seram-seram nya"	negative
321	"Film gak jelas mendingan film si KOMO RT @detikcom : ""Pacific Rim 2"" Telah Diumumkan Tanggal Rilisnya http://detik.com/Vq4Sb6 "	negative
322	"#Dunkirk mempunyai cinematic nyata, skor dari Hans Zimmer yang amat membuat tegang serta akting menawan dari jajaran pemain, namun sayang film perang ini tampak kurang maksimal dalam pemaparan perangnya (3,5/5) https://pic.twitter.com/TEAKjdKQ0H"	negative
323	"Ga terlalu hype sih sama ini film , menceritakan jaman WWII yang kejadian nya di Dunkirk , tapi karena yang sutradara nya Christopher Nolan, otomatis gw nonton, fans berat film - film dia.#dunkirk #wwii� https://www.instagram.com/p/BWz-1U3FARB/"	negative
324	"Oh iya deng pada dasarnya memang gak suka yang fantasi - fantasi begitu. Monster - monster, terus genre action yg kejar - kejaran sepanjang film . Pasti ketiduran. Dua kali begini soalnya. Nonton Fast&Furious terakhir sama Rampage ... tidur... capek berisik"	negative
325	Setiap film yang ada karakter binatang reptil nya jadi raksasa lalu meraung (atau mengaum apa lah itu) harus siap-siap resiko malah bikin penonton ingat nya sama Godzilla... Kasian. #RAMPAGE	negative
326	Seru mana RAMPAGE atau INFINITY WAR ? � Ga dua-dua nya http://askfm.com/igoto/45DKECN7	negative
327	tapi red sparrow memang parah sih wkwk ga kebayang gue nonton itu di bioskop wkwk	negative
328	red sparrow seru parah gini tapi rating nya sedikit aduh	negative
329	KPU Larang Film Dilan 1990 Ditayangkan di TV http://www.suaradewan.com/kpu-larang-film-dilan-1990-ditayangkan-di-tv/ �	negative
330	Jangan rindu. Ini berat. Kau tak akan kuat. Biar aku saja. - dilan1990 @JlHJian cipete utara� https://www.instagram.com/p/BSvmstqApXU/	negative
331	"53. Arini Morgan dan Aura Kasih tak tampak seperti pasangan dengan perbedaan usia yang jauh sehingga premis utama yang ingin disampaikan jadi gagal tercapai. Pada akhirnya #Arini terasa datar. Tak ada rasa. Tak ada gelora. 2,5/5 https://pic.twitter.com/rpwt86iNCh"	negative
332	"Pengabdi setan ,film jadul. RT @film_indonesia : #dibantu #tanyamalam --? "" @Imamul_ Mau tanya, film horor (cont) http://tl.com/89ogfq"	negative
333	Ini adegan paling kampret di PENGABDI SETAN https://pic.twitter.com/oHHeSpsR24	negative
334	"#GerbangNeraka memberikan variasi baru nan segar dalam perfilman Indonesia, walau seharusnya misteri nya bisa hadir lebih matang lagi. 3/5"	negative
335	"Tiba-tiba merinding ingat adegan ketok - ketok jendela (^.^) RT @jokoanwar : Yuk minta @sunilsamtani Rapi Films suruh gue nge-remake ""Pengabdi Setan"". :))"	negative
336	Gak tau harus ngomong apa lagi #PengabdiSetan beneran SETAN !!! #maafBerkataKasar Sangat� https://www.instagram.com/p/BZZLLW6hzZS/	negative
337	Nonton Pengabdi Setan siap-siap ketakutan ah belum nonton aja kok gw deg-deg an wkwk � https://www.instagram.com/p/BZvtvf4HnOE/	negative
338	Pengabdi Setan jalan cerita nya bagus... Cuma kenapa akhirnya bikin drop... . .� (w/ sugih & Rendi at @cinema21 ) � https://path.com/p/JxGZh	negative
339	"#AnnabelleCreation awalnya terlihat meyakinkan, namun lama kelamaan jadi tak jauh menyebalkan dari film pendahulu nya. 3/5"	negative
340	"Seringkali menyebalkan dan guyonan nya tak selalu tepat sasaran, namun sulit untuk mengatakan #TheUnderdogs adalah sajian yang buruk. 3/5"	negative
341	"#TheDoll2 berjalan cukup asyik dan meyakinkan hingga akhirnya masuk ke paruh ketiga yang penuh dengan momen - momen menggelikan. 2,5/5"	negative
342	"Cuma harus diakui, saya sulit untuk terikat secara emosional dengan karakter - karakter nya karena cerita latar belakang yang sangat minim. #Dunkirk"	negative
343	"#DespicableMe3 kehilangan momen - momen segar yang ada di dua film pendahulu nya. Yah, walau sesekali masih mampu bikin tersenyum. 3/5"""	negative
344	"#Jailangkung sibuk menyajikan gambar - gambar bagus hingga lupa tugas utama nya untuk menghantarkan ketakutan kepada penonton. 2,5/5"	negative
345	"Punya deretan pemain yang berlakon apik, sayang nya #SuratKecilUntukTuhan terasa berusaha terlalu keras menguras air mata penonton. 2,5/5"	negative
346	"#TheLostCityofZ Perjalanan menggugah sekaligus mencengkeram dengan penampilan karismatik Charlie Hunnam. Namun kadang terasa melelahkan. 3,5/5"	negative
347	"Dengan cerita dan latar terbatas, #47MetersDown efektif menghantarkan ketakutan pada penonton. Sayang penutup nya sangat mengecewakan. 3,5/5"	negative
348	#Mantan punya konsep menarik walau penyampaian emosi nya kadang tak mulus dan terlalu meledak - ledak. Aktris - aktris nya bermain bagus. 3/5	negative
349	"56. Terbang: Menembus Langit Sebagai film yang niat nya menginspirasi, sangat disayangkan #TerbangMenembusLangit hanya menyajikan masalah demi masalah tanpa mau memberikan solusi nya. Padahal performa Dion Wiyoko bagus nya bukan main. 3/5 https://pic.twitter.com/2UrbLluz37"	negative
350	"Nonton Exorcist The Beginning setelah tadi siang nonton Insidious . The Last Key jadi berasa gak ada apa - apa nya. Exorcist, film klasik yang menyeramkan membekas, macam The Omen"	negative
351	"Bukan ketawa aja sih, ini film kok bikin mikir juga ya~ ? Koala Kumal (at GrandMetropolitan XXI) � https://path.com/p/30j2KM"	negative
352	Banyak yang patah hati.. pantas pada ngajakin nonton nih film .. ? Koala Kumal (with All at @cinema21 ) � https://path.com/p/32nJQF	negative
353	#Film - A Quite Place untuk Indonesia yang Banyak Bacot - https://isgd.com/Fi5upU https://pic.twitter.com/UNiNbUQhRE	negative
354	"Monster nya a quite place muncul di infinity war, harus nya si regan ada nih biar monster nya pada cepat mati :((("	negative
355	"dulu waktu nonton film Yowis Ben dinyinyirin ""wah kamu nonton film ini gara - gara sekolah yang di pakai syuting itu dulu mantan mu sekolah disitu ya?"" , gak nyambung! (1)"	negative
356	"44. Love for Sale #LoveForSale membangkitkan memori betapa mencintai seseorang bisa sangat menyakitkan. Ketimbang film cinta, lebih cocok disebut film horor. Bangsat nya minta ampun. 4/5 https://pic.twitter.com/meoDjKTGLc"	negative
357	#loveforsale - film cinta yang tak memuja cinta tapi tak juga mengolok - olok cinta. Ia hanya menyindir kita yang terlalu banyak alasan untuk tidak terlihat mendamba cinta. Padahal dicintai dan mencintai adalah soal menjadi manusia. #loveforsalemovie - keren http://askfm.com/igoto/45DKECN75V62DDAUPY6IQO7C5KGTJLAR	negative
358	"Sial nonton love for sale sesedih itu, pas sendirian pula nonton nya ga bisa ndusel :(("	negative
359	Ternyata film Tomb Raider yang tahun ini biasa aja ya � Masih bagusan yang main Angelina Jolie sebagai  Lara Croft � #IMO	negative
360	"tengah - tengah nonton Black Panther, istri gw tidur, gw terus ganti nonton NJPW. jelek banget anjir film ini"	negative
361	Sumpah kaget banget sih!!!  ?  The Conjuring 2 (with @Deepty at @cinema21) � https://path.com/p/3xEurD	negative
362	Terlalu lucu ini film. ?  The Conjuring 2 (at @cinema21) � https://path.com/p/3uTtzi	negative
363	FILM MACAM APA INI ?  The Conjuring 2 (with @Farrah at @cinema21) � https://path.com/p/3Kx2lv	negative
364	yang udah nonton dua kali bakalan lebih takut sama yang baru perdana. ?  The Conjuring 2 (w/ @Meilina at @cinema21) � https://path.com/p/1l0blL	negative
365	"Pegal woy seriusan, pulang - pulang rasa nya butuh koyo wkwk mana nonton the conjuring lagi setan nya di depan muka :((("	negative
366	Pelanggaran Falcon Pictures di Film Benyamin Biang Kerok http://www.abadikini.com/read/26/04/201	negative
367	Ody Mulya angkat bicara soal sengketa hak cipta film Benyamin Biang Kerok http://nasional.kontan.co.id/news/ody-mulya	negative
368	"Film ""Benyamin Biang Kerok"" ternyata tidak berhasil menggapai target 6 juta penonton. Dan Menurut Max Pictures, itu salah penulis naskah nya Kalau menurut kalian gimana? Hem -- #Asumsi"	negative
369	Review Film: Keisengan Remaja Yang Berujung Maut di Truth Or Dare https://idbookmyshow.com/blog-hiburan/review-film-truth-or-dare/	negative
370	"Sejak habis nonton film ini tadi, kalau ada yang mengajak gue main truth or dare gue gak bakalan mau, lo main aja sendiri :D :D #TruthOrDareMovie"	negative
371	Truth or dare ini adalah film hantu tapi hantu nya ga nampak. Aku kan penasaran sama calex kah culex kah siapa ya lupa haha. Mengagetkan sih karena backsound nya. Jadi inti nya kalau kalian mau main truth or dare pilih lah truth hem :D	negative
372	Film terburuk apa yang pernah kamu tonton seumur hidupmu? - Happy Death Day Parah lah film itu https://askf.com/chelle_js/answers/147946249915?	negative
373	"Film nya kurang bagus, walaupun di media rating nya mengalahkan Civil War #latepost � ?  Don't Breathe (at Cinema XXI Plaza Depok) � https://path.com/p/1d3Wfr"	negative
374	"Sedih deh, film macam apa coba nih .. Mata sampai bengkak begini :"" � ? Warcraft (w/ @Fadli at XXI Cinere Bellevue Mall) � https://path.com/p/2zVYY0"	negative
375	"Tegang banget nih film, rating memang ga bisa bohong ?  Don't Breathe (with @Aviseina at Bassura XXI) � https://path.com/p/4EC9I8"	negative
376	"Cacat nya di film habibie & ainun adalah, memang nya tahun 90an udah ada e-tol ya? �� dan sponsor nya gaul deh. Chocolatos sama wardah. Hahaha"	negative
377	"Skrip itu yang buat aku iri :) RT @kakaanya : ""Jikalau aku harus mengulang hidup ku lagi, aku akan tetap memilih mu"". #Habibie &Ainun"	negative
378	"9. Kepercayaan penonton awam yang sudah terbangun karena film - film keren seperti 5cm dan Habibie & Ainun , akan hancur lagi karena film - film sampah."	negative
379	"Betul tidak RT @mstikasari : hahaha RT @ynsiregar: Orang masa kini mesti nya kaya habibie & ainun , jangan baru nikah terus besok nya diceraikan"	negative
380	"Asyik sekali kata :D ""efekFilm"" RT@indhykhansaa: Jika kelak ku di takdirkan hidup kembali, aku tetap akan memilih mu! #Habibie &Ainun"	negative
381	"Cie yang habis nonton RT@intanayudautami: Film Habibie & Ainun nya menyentuh amat sekali banget :"") {}"""	negative
382	"Di film habibie ainun , orang Indonesia ternyata sangat mudah terprovokasi oleh media - media yang ada di Indonesia. Benar bisa jadi salah dan sebaliknya"	negative
383	"ah jelek RT@husein_saefudin: Habibie-ainun rul berangkatin RT @vharul : yuk ah nonton RT@PudingCTC: Hobit rul keren.. "" @vharul : """	negative
384	"Hm film habibie ainun sebenarnya bagus, tapi pemilihan peran nya kurang pas *masa anak lebih tua dr papa mama nya --"""	negative
385	Setelah menonton film #TemanTapiMenikah jadi merasa bersalah ke teman sendiri. Huh huh	negative
386	Sorry to say #TemanTapiMenikah kurang bagus cerita nya datar tidak ada konflik dan klimaks tapi visual film nya bagus. Coloring nya juara.	negative
387	"Kemarin banyak yang tidak setuju Iqbal berperan sebagai Dilan karena dinilai terlalu kalem (kurang nakal kata nya). Sekarang Iqbal lagi heboh di beritakan karena foto ciuman pada tidak terima juga kata nya Dilan kok nakal, Dilan kok jahat. #Dilan1990"	negative
388	"55. Rampage. Ketimbang sekadar memberikan deretan aksi demi aksi, #Rampage mencoba untuk banyak bercerita. Sayang nya cerita nya jelek dan dipenuhi teori-teori sok pintar yang terasa konyol. Hasil nya malah jadi sangat menjemukan dan tak seru sama sekali. 2/5"	negative
389	"ga jadi nonton deh.. RT @detikcom : Mengapa ""Pacific Rim"" Melempem di Box Office? http://detik.com/jZmk7 via @detikhot"	negative
390	"`@mrazino iya sih yos, agak membosankan memang. Animasi nya dewa parah haha. Pacific rim siap untuk disaksikan nih roman nya he he"	negative
391	Ga seru mam RT @idsantos_94 : apa cuma aku disini yang gak tertarik sama film Paranormal Activity : The Marked Ones ?	negative
392	Fix ga ada greget nya nih film -_- ? Paranormal Activity : The Marked Ones � https://path.com/p/3s2cqL	negative
393	"aku tuh ya kok ga pernah suka film ini. agak terlalu maksa gitu jadi nya. PARANORMAL ACTIVITY : THE MARKED ONES https://pic.twitter.com/2snu3EYpXr"""	negative
394	"Film aneh banget --"" ? Paranormal Activity : The Marked Ones (at @cinema21) � https://path.com/p/4h872C"	negative
395	"tegang sepanjang film RT""@tattaarinda : Asik, next week ya Mas :D "" @avicenna_topenk : @tattaarinda elysium http://twitter.com/15mlRFg """	negative
396	Elysium .... Entah film apa itu hahaha (@LOTTEBintaroXXI - @cinema21 w/ 6 others) http://4sq.com/14Ro6gn	negative
397	"Ya Allah, kenapa engkau memberikan cobaan film Elysium kepada Moviefreak yang lagi minim budget"	negative
398	"Kelihatan kumuh tapi realistis untuk film sci-fi, keren. ? Elysium � https://path.com/p/KcGty"	negative
399	Genius banget yang buat film Elysium astaga kok aku ketakutan ya nonton nya ??	negative
400	"Jadi kurang tertarik sama Carrie setelah tau ternyata itu cuma film recycle yang dulu udah pernah tayang, sayang banget padahal kayak nya seru </3"	negative
401	"Review film : carrie . Pendapat saya untuk film ini, hm boleh lah buat sekedar film akhir pekan, tapi kalau saya lebih mengkategorikan film ini drama remaja ketimbang horror, ga da horror - horror nya� � https://path.com/p/14FjIT"	negative
402	Film ini dikira horor gimana gitu... ternyata bukan hantu gitu.... tapi seru ga menyesal� ? Carrie (w/ @Adrian at @cinema21 ) � https://path.com/p/fNd9V	negative
403	Film psycho yang aneh dan ga jelas awal dan akhirnya x( ? Carrie (at @cinema21 ) � https://path.com/p/16QjGO	negative
404	Tadi kulihat memang remake of Carrie udah di bioskop. Malas tapi nonton horror sendiri. Film asli tahun 76 sih popular dulu. Silahkan yang mau nonton tuh.	negative
405	"Carrie .. Hmmmmm. Yang pasti itu bukan horror, tapi film tentang prom, dan sedikit thriller di akhir. Alur nya lambat, twist nya kurang. Buat penggemar horror sih agak mengecewakan� � https://path.com/p/42B4yu"	negative
406	"Pondasi kokoh ""Carrie"" di awal roboh di pertengahan film ke belakang. Terlihat konyol. Atau karena orang belum mengenal Hugh Jackman di 1976?"	negative
407	"Barusan lihat ada film horror lagi Killer Toon. Ogah ah, kemarin nonton Carrie aja mata ditutup sebelah ewang :|"	negative
408	"Carrie bagus mah kak RT"" @galuhkeanu : Dan aku menyesal! Film apakah itu!! #crap #Emergo!"""	negative
409	"Asli.. Demi apapun juga aku tidak suka film horor... ? Mama (w/ @NallinoJS , @cdhinia , & 3 others at Blitz Megaplex MOI) � http://path.com/p/2NvPG8"	negative
410	"Kak @foreethatehsusu kita mesti banget nih nonton film horor ""Mama"" seram.. http://myloc.com/raEDK"	negative
411	"Memang iya kan ga terlalu seram kan film nya hi hi RT @Harry84Boy : Kata dia gak seram � @AdrienResya RT @Yahoo_ID : 10 fakta seputar film ""Mama"""	negative
412	"Entah kenapa aku merasa film MAMA agak lebay ya..Coba kalo si MAMA nya itu gak bisa menyentuh manusia, mungkin bisa lebih diresapi sebagai makhluk gaib nya"	negative
413	"Persis banget? RT @MeggaNavita : Film luar, udah ada di bioskop RT @NONAKIKY : Film indonesia ya itu? RT @MeggaNavita : Film ""Mama"" sama persis kaya cerita nya ""Insidious"""	negative
414	"Btw, jangan nonton film Mama sendirian. Ga baik buat jantung. Parah! Horror abis Mama- nya --"""	negative
415	Gara - gara film MAMA terus ditakut- takutin sama mas @yudacastelo jadi parno di loker sendirian hi	negative
416	"--"" RT@Ndra_Neeh : Parno itu adalah lihat kupu - kupu nempel di dalam kamar yang tertutup rapat setelah nonton film ""MAMA"", masuk lewat mana tuh kupu - kupu ya?"	negative
417	Masih bingung dengan film ini ? After Earth (at Casablanca Mansion) � https://path.com/p/2uRfwt	negative
418	Dan ini adalah film yang membosankan kedua yang saya tonton setelah after earth (with @Arumii at @cinema21 ) [pic] � https://path.com/p/2sSb85	negative
419	"Demi apa ini film ga jelas banget ... sama aja kaya after earth ,untung nonton pake tiket gratis jadi ga menyesal banget sih --"" http://myloc.com/rY5M2"	negative
420	Film buluk dan bikin ngantuk. ? After Earth � https://path.com/p/2aL0Np	negative
421	"Kurang greget ini film . Jauh sama film nya di MIB 1, 2, 3 atau Bad Boys 1, 2. Rating nya 5/10. Haf ? After Earth � https://path.com/p/2sAujX"	negative
422	Yang membingungkan dari film after earth itu.... Bulat bulat yang kegunaan nya pengganti oksigen	negative
423	"Film nya standar...musuh nya cuma binatang satu ekor,� ? After Earth (w/ @robertrocky & @Lidya at @blitzmegaplex ) � http://path.com/p/nKG0k"	negative
424	Menangis kelar nonton film ini.. film yang berdasarkan Ide will smith ini benar-benar tentang puncak� ? After Earth � https://path.com/p/2jInay	negative
425	"After Earth gitu doang film nya, kurang seru! http://myloc.com/rBVNY"	negative
426	Tapi Film yang aku kasih bagus kan mas io RT @RioRani0 After earth gak bagus ah film nya	negative
427	"film budget yak :-D RT @nitaeuy : Rugi nonton After Earth , sepanjang film yang ada cuma 2 org... :|"	negative
428	Belum ada poster nya di path.. film yang cuman keren bagi yang suka� ? The Imitation Game (w/ @mamakyimi at @cinema21 ) � https://path.com/p/2HWFhI	negative
429	Ga tau film apa ga tau tentang apa ga tau nonton apa� ? The Imitation Game (w/ @EkaPridaSadewa at XXI Blok M Plaza) � https://path.com/p/40L4kg	negative
430	Memang dasar otak ga sampai kali ya.. ga mengerti sama ini film � ? Lucy (w/ @abdielktg at Blitz Megaplex - Central Park) � https://path.com/p/2zq5aH	negative
431	"Hi hi hi cerita nya mirip - mirip kayak film ""carrie"" versi sains hi hi hi � ? Lucy (w/ @ogieanakbaik at Blitz Velvet) � https://path.com/p/2h9tY2"	negative
432	"Jadi inti film "" LUCY "": Jangan terlalu sering pakai otak, sebentar lo jadi flashdisk :)) (at @cinema21 ) � https://path.com/p/3IkHV1"	negative
433	Kocak sial film nya mending film ini daripada film lucy yang kemarin aku tonton	negative
434	"Gara - gara kemarin nonton film "" lucy "" jadi aja kebawa parno sesaat pas tadi imigrasi cek hihi (at @cgk_ap2 ) � https://path.com/p/3HaMAg"	negative
435	Jantung nya copot gak? hahaha RT@Mhmdrohadi : film annabelle gak seram cuma bikin jantungan doang	negative
436	Oke! aku akhirnya tau kenapa lo bilang film ini rasis! Wkwk ? Annabelle (with @mpazzhole at @cinema21 ) � https://path.com/p/s5JoC	negative
437	"Siap-siap tutup mata sepanjang film .� ? Annabelle (w/ @rachmat_al , @adindaadprila_ , & @agung_darmaji at @cinema21 ) � https://path.com/p/pT4ti"	negative
438	RT @ronzzykevin : padahal asli nya Annabelle gak se busuk yang di film sih lucu https://pic.twitter.com/NeQmfECfQF	negative
439	"Annabelle tidak jelas film nya anjir --"""	negative
440	"Sumpah nih film , ga ada romantis nya... ? Annabelle (with @Imelda and @Marihot at @tatankhan ) � https://path.com/p/BN0za"	negative
441	Asli lebih merinding nonton film horror nya Suzzanna dari pada annabelle atau ouija	negative
442	"Ini film seram nya dimana --"" di ulang-ulang sama aja ah ~ ? Annabelle (at Perumahan Duta Kranji) � https://path.com/p/odgyC"	negative
443	Aku berani RT @anna_fat21 : bagaimana? RT @riamnks Akibat gak suka film horror hari gini baru nonton annabelle bareng @anna_fat21 ...itu pun pake di tutup mata	negative
444	"Kritikus film bilang film ini tidak seram. Tapi baru nonton beberapa menit durasi nya, aku dah spot jantung. Mungkin karena aku penakut. #annabelle"	negative
445	"Film Annabelle bakalan kalah seram nya sama orang yang pacaran bilang ""Aku tidak bisa hidup tanpa kamu"" dan nyata nya setelah putus ga mati mati"	negative
446	Ini film gak ada seru-seru nya !!!! ? Annabelle (with @ayuningnong at @cinema21 ) � https://path.com/p/2vXUdJ	negative
447	"Biasa aja ah RT@dindinNOV : Benar kata orang - orang ya kalau film annabelle yang ini bikin jantungan --"""	negative
448	Aku kira itu film nya wah tapi klimaks nya aja gak berasa #Annabelle (at Cinema 21 Cilegon) [pic] � https://path.com/p/3tml6G	negative
449	"@dewiyuliaaa_ , linda, purbo Tft banget buat hari ini. Puas ya kita ketawa - ketawa dengan film annabelle yang LUCU PARAH(?)!!!!!HAHAHA"	negative
450	"Sebenar nya ga suka dan ga pengin nonton nih film , cuman kepo aja� ? Annabelle (w/ @ansy_ardi at XXI Puri Mall) � https://path.com/p/UG4s2"	negative
451	Ini film Seram sih engga cuma sadis aja SIAL !!!!! ? Annabelle (at @cinema21 ) � https://path.com/p/4jZ4DX	negative
452	Biasa aja RT @KapanLagicom : Sudah nonton film ANNABELLE belum nih KLovers? gimana film nya? sukses bikin jantungan nggak? #kamisteri 	negative
453	"Tidak seram hanya membuat kaget :( RT @KompasTV : Menurut kamu sendiri, seseram apa sih film Annabelle , Sahabat KompasTV? #KompasFilm "	negative
454	Lebih seram hidup sepi daripada Film horror The conjuring atau AnnabeLLe *udah gitu aja *teparah *bye!	negative
455	RT @Metro_TV : [Populer] 8 Kesalahan Film Annabelle yang Mungkin Tidak Anda Sadari http://showbiz.metrotvnews.com/read/2014/10/0 8/302183/	negative
456	`@octaviaputrit film annabelle ngbosanin karena mirip sama rosemary's baby + alur nya gampang di tebak... Hantu nya malah keluar bentar doang..	negative
457	Nonton film surga yang tak dirindukan sendirian. Sumpah jelas banget aku cewe yang kecewa sama lelaki� (at @cinema21 ) � https://path.com/p/36zpXN	negative
458	"Nonton film surga yang tak dirindukan , banyak yang jualan bawang kayak nya di sini, mata perih (at @cinema21 ) � https://path.com/p/2XnQZh"	negative
459	Surga yang tak dirindukan .. sampai bosan saya nonton nya..hahaha :p (with @Tri at @cinemaxxtheater ) � https://path.com/p/4vIVPY	negative
460	Nonton film comic 8 . Gak lucu. Tapi mbak-mbak dibelakang ketawa nya heboh x( (@Blitz Megaplex Grand Galaxy Park) http://4sq.com/1jW0ToX	negative
461	"Alur cerita film comic 8 , mirip-mirip now you see me"	negative
462	`@farhanadi96 oi ya memang film comic 8 seru ya?	negative
463	"Iya, tapi banyak adegan yang datar, kurang greget RT@PlasaMSN : Prediksi Jokowi tentang laris nya Film ""Comic 8 "" ternyata benar http://on-msn.com/1ifgexH"	negative
464	Film my brother idiot benar-benar dah autis benar  hahaha	negative
465	"film ke 2 ""Supernova"" film terlama dan gak ngerti apa maksud nya� (at @cinema21 ) [pic] � https://path.com/p/3dVqQU"	negative
466	"Yang hampir hilang dari film supernova : parallel universe saat tokoh-tokoh yang dibuat Dimas Ruben satu-satu muncul jadi nyata, cuma di akhir saja, gak kaget."	negative
467	Supernova ! perlu mencerna pikiran lebih dalam buat tau isi film (with @anithaf24 at blitzmegaplex) [pic] � https://path.com/p/3qd5LL	negative
468	Agak sedikit mual.. Mungkin efek nonton film supernova semalam belum abis..	negative
469	"Ternyata kantor nya Rana di film supernova gak se bagus yang di lihat hahaha --"""	negative
470	"Supernova .. Adalah film yang membuat saya mikir keras dari pertama mulai sampai akhir, dengan kata - kata yang diksi dan perlu pemahaman o_o"	negative
471	lah gimana kakak ? RT @sssthi : Kelar nonton #supernova aku ga bisa cerita ulang tuh film tentang apa dan maksud nya apa. Ga puas aja rasa nya	negative
472	"RT @gagalman : Supernova : ""Banyak nanya. Sana bikin ask.fm"" Begitu kira - kira harapan penonton film SUPERNOVA saat di dalam bioskop."	negative
473	Berat banget nih film cc: @nizanizaniza ? Supernova (at @21cineplex ) � https://path.com/p/3qSqD2	negative
474	Film Supernova film paling gak jelas yang pernah aku tonton	negative
475	Salah satu film Indonesia yang lumayan bikin kram otak.... :D #latepost ? Supernova (w/ @Edrick at Summarecon Bekasi XXI) � https://path.com/p/3v3auQ	negative
476	Baru selesai nonton supernova sama calon kakak ipar :p .. ini film paling kompleks� (w/ @Risyky at XXI Belieview Cinere) � https://path.com/p/3ZKaDF	negative
477	Di bikin mengantuk dan kebingungan nonton film tapi makasih ya sayang � ? American Hustle (w/ Fadhel at Summarecon Mall Bekasi XXI) � https://path.com/p/3Gq3Hg	negative
478	30 menit pertama.. Salah pilih film kaya nya ini ? American Hustle (at @gramedia ) � https://path.com/p/3nTMHj	negative
479	Nonton film American Hustle malah tidur... bikin mengantuk ga tahan... *_*	negative
480	Ini film mengenai apa sih??? Seriusan aku ga mengerti dari tadi� ? American Hustle  � https://path.com/p/25jqMn	negative
481	"Kalau American Hustle jadi film terbaik, aku percaya yang di bilang propaganda. He he. Tidak bagus, imho :( Mending 'Her' atau 12 years a slave"	negative
482	"Ini film sangat menyebalkan, awal nya keren, kenapa akhirnya gak jelas, untung gak nonton dibioskop� ? The Call (w/ Candita & Ajeng) � https://path.com/p/2dhDti"	negative
483	Film the call itu. Ah sudah lah. Pegal - pegal badan ini rasa nya (with @panjinyoto)	negative
484	The call lumayan menegangkan! Hahaha salah pilih film *_* (@Cinema XXI) http://4sq.com/19xiYWb	negative
485	Sialan ... Ini film ... Bikin tegang plus parno... Sadis..� ? The Call (at XXI Mall Bale Kota Tangerang) � https://path.com/p/4r3bE8	negative
486	"Masih ga ngerti akhir film the call itu bagaimana --"""	negative
487	Gila nih film !! Bikin aku teriak-teriak tengah malam gini !! ? The Call � https://path.com/p/4bHlU1	negative
488	"The call stress sendiri nonton film nyaaa (with Botak at @cinema21 ) � https://path.com/p/xwvvd"""	negative
489	"film The Call ! parah kayak nonton horror aku, Ikut deg-deg kan, tegang banget nonton nya, Tapi kekurangan nya AKHIRNYA kenapa cuma gitu aja --"""	negative
490	"Thriller, tapi aku gak ngerti film nya RT @novaputri : The call film apasih? RT @Ricormdhn : Gak ada RT @mubdiafrizal : Gak ada seperti nya ._. RT @novaputri : Da film apa yang bagus? RT @mubdiafrizal : @Ricormdhn @novaputri jadi sih"	negative
491	"#MovieReview Gravity . Buat yang suka film dengan plot yang berat dan action yang banyak, jangan nonton inilah. Pemain nya aja sedikit benar gimana mau rame"	negative
492	"Tapi aku tetap mempertanyakan rating tinggi nya gitu, karena dari kacamata orang awan film ini flat dan bikin bosan. Iya, terlalu realistis. #Gravity"	negative
493	"Gravity Film yg terlalu sederhana untuk ukuran rating tinggi. Dan sampai saat ini aku masih bingung bagian mana nya yang menjadi acuan rating. --"""	negative
494	Ya ampun ini film ga benar banget.. Enyes - enyes. Tips harus 3d dan sedikit tips akan jadi� ? Gravity (at @Cinema21 ) � https://path.com/p/44OXc0	negative
495	"@benakribo film nya agak membosankan karena pemain nya cuma 2 orang, cerita nya juga kurang greget. #Gravity :-& RT @benakribo: Film Gravity kayak nya keren banget�.."	negative
496	Bikin sesak napas juga hahaha tapi keren sandra bullock nya RT@juuwita : Wah film gravity rame bukan? Wah wah wah wah	negative
497	"Udah tonton film Gravity tapi menurut aku kurang seru...biasa aja yang main aja sih oke, sandra bullock si sexy dan cantik:*.. hem @GrahaCijtung #Gravity"	negative
498	Film bikin emosi ini sih... ? 12 Years a Slave (at Menteng Dental Clinic) � https://path.com/p/1iPqug	negative
499	untuk biografi perbudakan kaum kulit hitam lebih enak nonton the butler kebanding 12 years a slave	negative
500	"""12 Years A Slave""  Nonton film ini miris banget, sangat biadab bagaimana ketidakadilan rasial jaman dulu. Kalo hari gini masih rasis?"	negative
