teks;;;label
Diklat Implementasi Kurikulum  versi Revisi #kurikulum;;;1
Materinya tentang Nilai Mata Uang. #kurikulum;;;1
Siap edar, buku panduan bagi pendidik SD, SMP, SMA penerapan pembelajaran Kurikulum . #kurikulum;;;1
Anak SD sekarang udah di suruh buat main map .. #kurikulum;;;1
Peserta In Asistensi Kurikulum  #kurikulum;;;1
Enak ya anak sekolah jaman sekarang pergi lihat sunrise pulang lihat sunset berasa di pantai #kurikulum;;;1
Semoga ilmu yang didapat bermanfaat *mode alim #diklat #pelatihan #kurikulum #kurikulum…;;;1
Dinas Pendidikan se-Jatim Sepakat Lanjutkan #kurikulum;;;1
Kurikulum  dihentikan dan kembali ke kurikulum . Kabar baik buat pendidikan nasional. Pencetus Knya kudu diminta tanggung jawab.;;;1
Ada  hal dalam integritas : . Jujur . Tekad #pendidikan #kurikulum;;;1
Meningkatkan yang dimiliki, Mendorong yang berhenti, Menaikkan yang masih rendah.  #kurikulum;;;1
Pergi lihat sunrise pulang lihat sunset . Jam .-. #Kurikulum;;;1
Peran guru sebagai fasilitator atau motivator dpt diterapkan dg kurikulum apapun . Bukan monopoli #Kurikulum;;;1
Tahun ajaran baru nanti kemungkinan bakal ngajar Simulasi dan Komunikasi Digital. Belajar dulu. #kurikulum;;;1
alhamdulillah... #Kurikulum dibatalkan..... kembali ke kurikulum lama :)) *gak susah-susah bikin rapotnya*;;;1
Wamendikbud Bidang Pendidikan, Musliar Kasim: Wapres Boediono ingin agar implementasi Kurikulum  dapat berjalan dengan lancar,”;;;1
Sepertinya gua kena karma 'cinta datang terlambat' sama kurikulum  deh :') ternyata emang nyamanan sama k deh #kurikulum;;;1
ada beberapa tanda suatu negara dikatakan berhasil, diantaranya adalah suksesnya pola didik terhadap pemuda - pemudanya. #kurikulum_;;;1
semoga pemimpin indonesia di  thn mendatang amanah dengan janji yang diucapnya, semoga tdk sekedar retorika belaka #kurikulum_;;;1
siapa pun yang menjadi pemimpin negara ini nanti haruslah yang terbaik dan tulus untuk negara ini #kurikulum_;;;1
seberat apapun masalah yg anda hadapi percayalah pasti ada jalan keluarnya :) #kurikulum_;;;1
#kurikulum: mengapa kurikulum berubah? krn telah terjadi prubhan kebutuhan ,tlh pula terjadi prkmbngan akademik, industri & sosial - budaya.;;;1
#kurikulum: kompetensi adl kata kunci dlm kurikulum. didlmnya mencakup  kompetensi, yaitu sikap, pengetahuan, dan keterampilan.;;;1
#kurikulum: pendekatan kurikulum, siswa diberanikan utk mencari informasi dri sumber belajar yg tersedia / terbentang luas disekitarnya;;;1
Bahkan sampai ada guru besar yang mengatakan #Kurikulum ini bagus. Saya sungguh sedih dg sesama akademisi yg dpt mendukung kur ini.;;;1
#kurikulum: peningkatan kinerja pendidikan melalui kurikulum ,guru dan lama tinggal di sekolah;;;1
#kurikulum:Berbagai kritik & serangan trhdp Kurikulum ternyata tak menyurutkan pmrntah. Terbukti Kriklm akan ttap dilksnkn Juli.;;;1
#kurikulum: PGRI mengusulkan agar Kemendikbud mempertimbangkan masukan dari banyak pihak untuk melakukan uji coba terlebih dahulu.;;;1
#kurikulum: Tingkat kepuasan thdp plksanaan Kurikulum  lbh tinggi dri pd thdp Kurikulum  yg lbh dikenal dgn KBK. bgmna dg ?;;;1
#kurikulum: kreativitas guru dituntut utk memperkaya buku dgn kegiatan lain yg sesuai dan relevan dimana buku ini diajarkan.;;;1
Tak penting siapa yg salah dlm #kurikulum. Sudahlah. Sekarang selamatkan anak-cucu kita, selamatkan masa depan Republik ini.;;;1
punya anak yg dapet kurikulum  di sekolah, ortunya harus kreatif dan siap ditodong membuat tugas sewaktu...;;;1
Alhamdulillahnya gak pernah mengeluh, sekarang bangun jam  pagi gak perlu lg dibangunin #kurikulum;;;1
lanjutkan kurikulum . Tidak usah d rubah lagi.;;;1
@BeasiswaGratis #Kurikulum RT : Kemdikbud : Kurikulum Tidak Akan Gonta-Ganti , sumber : layar TVE;;;1
Jaman sekarang bukannya guru berjasa pada murid ini malah murid berjasa pada guru #kurikulum;;;1
#kurikulum: peran guru sangat penting utk menyesuaikan daya serap siswa dgn ketersediaan kegiatan yg ada pada buku.;;;1
#kurikulum: tantangan pengembangan kurikulum meliputi kompetensi dan tantangan masa depan perkembangan pengetahuan ,dan pedagogi.;;;1
#kurikulum: mata pelajaran agama dan budi pekerti di SD jadi  jam, pramuka ekstrakulikuler wajib di semua jenjang. ;;;1
#kurikulum: kesempatan kembangkan kreatifitas guru.;;;1
#kurikulum: besarnya anggaran karena jangkauan dan jumlah sasaran yg hendak diberikan pelayanan terhadap kurikulum  begitu besar.;;;1
#kurikulum: anggaran langsung Rp , M utk penyiapan dokumen ,uji publik dan sosialisasi ,pengadaan buku, pelatihan guru.;;;1
#kurikulum: anggaran langsung ,artinya ,anggaran murni yg diusulkan dan didedikasikan karena adanya kurikulum ;;;1
#Kurikulum bukan di stop total, tapi hanya untuk sekolah yang sudah mampu..;;;1
Siklus hidup buku pelajaran Inggris, AS, Finlandia, Singapura  tahun. Indonesia  tahun. Kaya amat! #Kurikulum;;;1
#Kurikulum pd dasarnya baik, selain dinamis + kreatif jg meminim spambot texting;;;1
Hanya terjadi di Indonesia, penulis buku pelajaran pemerintah bisa selesaikan naskah dalam  bulan. #Kurikulum;;;1
Peran orang tua di keluarga lebih penting dan peran guru di sekolah mendukungnya, sudah saatnya tdk terlalu memanjakan anak.. #Kurikulum;;;1
Dengan #Kurikulum , anak-anak Indonesia langsung bisa bersikap ... Guru harus memfasilitasi mengajar dengan baik ... Jangan mengeluh;;;1
Terlepas dari masih ada kekurangan #Kurikulum , tapi prosesnya sangat baik buat kemajuan Indonesia ... Jangan dicabut tapi evaluasi;;;1
#Kurikulum hanya sistem kontrol pendidikan yg harus dievaluasi jd lebih baik. & please lahirkan guru yg hebat untuk anak yg hebat!;;;1
Dukungan Penghentian Kurikulum  Terus Mengalir #Kurikulum;;;1
Memiliki kepedulian & tanggung jawab thdap makanan & rantai makanan serta kesehatan melalui pemanfaatan Bahasa Indonesia. #Kurikulum;;;1
Untuk yang bertanya-tanya soal #CabutK. Ini adalah #Kurikulum yang harus di perbaiki. #PendidikanIndonesia;;;1
Akhir kata, kembali lgi, klo mau nangguhkan kurtilas, di akhir taun ajaran baru aja... #Kurikulum #kurtilas;;;1
#kurikulum dihentikan sementara dibeberapa sekolah,Gunakan aja International Baccalaureate (IB) , dan segera Bangun sekolah untuk guru;;;1
Satu lagi, pd setiap buku dalam  materi akan ada kolom komunikasi guru, siswa, dan orang tua murid #kurikulum;;;1
Sebagai solusinya pemerintah mengambil langkah menghilangkan ketakutan siswa tersebut dgn cara #kurikulum;;;1
alhamdullilah, kurikulum  mulai di hentikan pada saat semester genap depan: D #Kurikulum;;;1
Untung gue msh pki Kurikulum  kesian bgt adik kelas gue yg udh Kurikulum  :D Sabarr ya adik- adikku;;;1
sekarang rasanya adik kelas lebih pintar dari kelas XII. efek #Kurikulum;;;1
Kami sudah setahun lebih menjalani kurikulum , tapi masih hidup dengan sehat dan bahagia sampai detik ini #Kurikulum;;;1
. #kurikulum :pengembangan kurikulum sampai pada buku teks dan buku pedoman guru;;;1
. #KTSP :pengembangan kurikulum sampai pada kompetensi dasar, #kurikulum;;;1
Boleh aja ngeluhin kurikulum , asal ngeluhnya sambil ngerjain semua tugas. Jadi pas ngeluh selesai, tugas selesai.;;;1
kurikulum  hentikan lebih baik aktifkan lagi PMP pendidikan moral Pancasila &  butir Pancasila & praktek pel agama ditambah;;;1
Trending topik hari ini #kurikulum;;;1
bandingkan dengan negara finlandia, seorang anak sekolah dasar yang bisa menjabarkan setiap formula yg diberikan oleh gurunya #kurikulum;;;1
buat yang masih ngefans sama #Kurikulum :v kita masih akan bersenang senang tong :v;;;1
Kurikulum Berbasis Kompetensi (KBK), menciptakan tamatan yg kompeten dan cerdas dalam membangun identitas budaya & bangsanya #Kurikulum;;;1
wahai bapak @aniesbaswedan kami butuh perbaikan sistem, biarkan ttap berjalan #kurikulum ini, dan perbaiki kinerja dan kualitas pengajar;;;1
Naskah Akademik yg mengevaluasi pendidikan dibuat saat #Kurikulum sdh djlnkn. Skrg Nasdik ini jd pembenar K. Krg lucu apa lagi, sih?;;;1
Buka baut mesin aja kudu dengan cara yg santun berdasarkan kejujuran didasari keinginan luhur #Kurikulum;;;1
Ini adalah salah satu cara mengedukasi pajak disamping memasukkan materi pajak ke kurikulum pendidikan. Demikian pak.;;;1
Pendidikan yg baik memerlukan guru dan iklim sekolah yg baik. #kurikulum;;;1
Membentuk Sumber Daya Manusia Yang Siap Bersaing @Kemdikbud_RI @Mohammad_Nuh_ #Kurikulum #K;;;1
Seharusnya kurikulum  itu mengkaji ulang sejarah PKI yang lebih dari tiga puluh tahun termanipulasi. Demi siswa hebat bung!;;;1
Pendampingan kurikulum  Semoga memberi manfaat !!;;;1
Hari ini telah dilaksanakan pelatihan () Penilain & Pembuatan Raport Otomatis di SDN Margahayu  jam  #kurikulum #gurupintar;;;1
Dukung terus perbaikan kualitas ajar dari guru, untuk hasil didikan yang berkualitas, untuk masa depan bangsa yang cemerlang #Kurikulum;;;1
Terima kasih Menteri Pendidikan dan Kebudayaan (Mendikbud) Pak Anies Baswedan yg telah memberhentikan pelaksaan #Kurikulum;;;1
Semangat buat yang sekolahnya udh ngejalanin Kurikulum  selama  semester... karena perjuangan msh berlanjut #semangat #Kurikulum;;;1
Karena cita dari Pak @aniesbaswedan adlh ciptain suasana belajar brdsrkn pengalaman & kreatifitas. Ga cm terpaku pd program. #kurikulum;;;1
Lewat review #kurikulum ini, proses belajar diharapkan bisa jd menyenangkan & menghasilkan para pembelajar.;;;1
#Kurikulum mengajarkan siswa untuk menciptakan masalah dan menyelesaikan masalahnya sendiri. Guru cuma ngelurusin doang.;;;1
Setelah dipelajari (silahkan yg mau mempelajari) ternyata #kurikulum itu tujuannya sangat baik, jauh diluar prediksi;;;1
lupakan sejenak #hentikanUN atau #kurikulum, lebih baik fokus pada perbaikan guru nya dalam teknologi mengajar nya;;;1
Seneng bgt pulang cepet kayak gini.. Jgn cuma ujian, Kalau bisa seterusnyaa.. Jam  aja pulangnya, cukup dah buat aku :') #Kurikulum;;;1
Tahun Depan,  SMP di Solo Terapkan Kurikulum ;;;1
Wamendikbud Harap Jokowi Tak Hapus #Kurikulum Kurikulum  ini mendidik anak-anak untuk menghadapi...;;;1
dan sekarang #kurikulum diganti ktsp lagi, harus nya ada perubahan lebih baik. tapi harus merubah gaya belajar anak-anak sekolah lagi.;;;1
Pak mentri oh pak mentri berikan kami keringanan dalam belajar, beri kami hari sabtu libur, kurangi tugas kami #Kurikulum;;;1
Kalau setiap guru harus menguasai minimalnya Word/Excel dan penggunaan Projektor, itu memang tuntutan. Harus, meskipun tanpa #Kurikulum;;;;1
Libur tanpa tugas di kurikulum  tuh ibaratkan nemu koper isi uang di pinggir jalan... Seneng!!! #kurikulum;;;1
Adalah lebih penting tersedianya Guru Yg Berkompeten &Cukup, dibanding #Kurikulum yg di agung kan bisa memenuhi kebutuhan pendidikan anak;;;1
Klo alasannya cuma belum siap, lalu kapan siapnya?. Indonesia butuh kurikulum pendidikan yg revolusioner, ya itu #kurikulum;;;1
#Kurikulum distop sama mendikbud yg sekarang bkn karena kurikulum ini gk baik tapi karena pemerintah skr pengen beda dg yg sebelumnya;;;1
Ilmu itu indah... #kurikulum;;;1
sekarang tidak ada yang santa semuanya giat kerja tugas karena banyak tugas #kurikulum;;;1
cukup antusias jg sih mendengar kabar klo sekolah lain sdh mulai kembali menggunakan #Kurikulum namun merasa miris juga karena sekolah tempat gw ngajar gak bisa ikutan tahun ini;;;1
Kualitas pendidikan sangat tergantung pada ilmu guru, metode/kurikulum, bakat/ketekunan murid sendiri, dan jg kesempatan.;;;1
Pemerintah siapkan kurikulum ekonomi digital untuk mempersiapkan SDM bersaing di era digital saat ini;;;1
Terbukti kan klo kurikulum indonesia itu jauh lebih baik dri US ...jd kpn lg kita bangga dgn bangsa sendiri.. ;;;1
Perbaikan sistem pendidikan meliputi meratanya di setiap daerah, infrastruktur pendidikan, kualitas kurikulum dan tenaga pendidik;;;1
Bertepatan Ramadhan  H kemarin. Telah dilatih guru sekolah sasaran #Kurikulum . Dilatih karena ada penyempurnaan kurikulum nya.;;;1
Setiap kabupaten / kota mengusulkan kepada Kemendikbud sekolah yang akan melaksanakan penerapan #Kurikulum;;;1
Tahun ini secara bertahap pemerintah melalui Kemendikbud mencicil pelaksanaan #Kurikulum disetiap sekolah di seluruh Indonesia.;;;1
#kurikulum: Komitmen terhadap siswa, inovasi, dan kreatifitas guru merupakan faktor pendukung terbesar dalam proses pendidikan.;;;1
Standar penilaian #kurikulum menggunakan penilaian otentik, yaitu mengukur semua kompetensi sikap, keterampilan & pengetahuan;;;1
Mau buka toko buku-buku paket kurikulum  di setiap sekolah agar pembelajaran di sekolah tidak tersendat dan lebih maksimal;;;1
Boleh, motivasinya bisa dimulai dari keluarga, kurikulum, tempat ibadah, tempat kerja, sampai teladan pimpinan masing.;;;1
Liburan ini akan aku gunakan untuk menenangkan Pikiran dari hirup pikuknya suasana Pembelajaran #Kurikulum;;;1
#Attitude itu, salah satu hal yang menjadi penilaian di kurikulum  dan penunjang kenaikan kelas seorang pelajar.;;;1
SMP Pelaksana Kurikulum  di Kota Bekasi - … #kurikulum;;;1
SMK di Kabupaten Bekasi Pelaksana Kurikulum  Tahun  - … #kurikulum;;;1
Karena Mas Anies, kesiapan siswa dan guru diutamakan dalam pelaksanaan kurikulum , shg tdk menimbulkan keresahan sekolah;;;1
Anak  SD  minggu masuk sekolah. Soal di buku: sebutkan jml hrf konsonan pd kata perempuan. Keren! #kurikulum;;;1
SMA Wiyata Dharma Mulai Gunakan K- Tahun Ini #WiyataDharma #Kemdikbud #Kurikulum #Fulldayschool #Sekolah;;;1
Tahun Ajaran Baru, SMA Angkasa Medan Mulai Pakai K- #Mendikbud #SMA #Remaja #Kurikulum;;;1
Mau tidak mau pelaksanaan proses pembelajaran harus tetap berjalan karena tahun pelajaran telah mulai. apapun kondisinya #Kurikulum;;;1
Sehingga Tahun Pelajaran / dimulai #Kurikulum yang telah direvisi dapat dilaksanakan di sekolah sasaran tersebut.;;;1
Baru thn ini gw sklh ga ada yg nmanya 'UTS' ya itulah kelebihan #Kurikulum tp lbih bnyak kekurangannya drpd kelebihannya #Kurikulum;;;1
Diklat Guru Sasaran SMKN  PLERED -// #Kurikulum;;;1
Diklat Kurikulum  (lagi) #diklat #kurikulum .. . @ SMKN  Ciamis;;;1
Hari terakhir pelatihan Kur . #pelatihan #kurikulum…;;;1
cari data berapa sekolah pelaksana #kurikulum tahun . mohon bantuannya / ada yang punya lampiran II sk dirjen dikdasmen tidak ya?;;;1
Modul diklat implementasi Kurikulum  edisi revisi #kurikulum;;;1
Sedikit tawa bisa meringankan suasana #Pelatihan #kurikulum;;;1
Revisi K- Permudah Guru Dalam Penilaian Siswa? - #Kemendikbud #Kurikulum;;;1
Revisi Kurikulum  Dijamin Mudahkan Guru #kurikulum;;;1
Pelatihan #Kurikulum dilanjutkan kembali thn ini. Target pd tahun / sdh % sekolah yg aplikasikan K.;;;1
cukup antusias jg sih mendengar kabar klo sekolah lain sdh mulai kembali menggunakan #Kurikulum;;;1
Pemerintah Kab. Badung dukung penuh implementasi #Kurikulum & peduli dgn pendidikan dgn anggarkn lbih dr % APBD;;;1
Dialog Pendidikan ttg #Kurikulum hadirkan Kepala Puskurbuk Tjipto Sumadi, anggota Kom. X Wayan Koster,& Wabup Badung I Ketut Suiasa;;;1
Semoga pada esok pengumuan kelulusan. Bisa lulus % amin. Allah bles s me #pendidikan #smp #kurikulum;;;1
Ratusan Sekolah Penuhi Syarat dan Layak Terapkan Kurtilas #kurikulum #kurtilas;;;1
Kurikulum  Disederhanakan #Kurikulum #Pendidikan;;;1
Revisi Kurikulum  Ide desain dokumen implementasi Kurikulum  diselaraskan & diterapkan secara bertahap.;;;1
semangat ya dek untuk kurikulum nya;;;1
Justru, kurikulum, yg sangat kuat dlm pembinaan karakter/mental ditangguhkan (baca:dibatalkan) oleh @aniesbaswedan #hardiknas;;;1
Semoga saya kuat untuk menjalankan #kurikulum ini, Ya Alloh. Semoga Engkau ringankan beban dalam diri kami ini, aamiin.;;;1
Kurikulum  dihentikan, semoga jadi akhir dan awal yang baik bagi dunia pendidikan;;;1
Penyandang disabilitas pun akan dijamin mendapat perlakuan sama dengan masyarakat pada umumnya. #Kabinet_ Jokowi #Kurikulum;;;1
Ya, ini contoh mengagumi mukjijat alam melalui ilmu biologi. #kurikulum;;;1
Ibas Yakin Kurikulum  Melahirkan Generasi Berkarakter #Kurikulum;;;1
Dalam #Kurikulum sekarang tidak hanya ada Budi, Wati, dan Iwan - Musliar Kasim (Wamendikbud -);;;1
Pelatihan #Kurikulum dilakukan berjenjang. @Kemdikbud_RI Lakukan Pendampingan;;;1
. Penyandang disabilitas pun akan dijamin mendapat perlakuan sama dengan masyarakat pada umumnya. #Kabinet_Jokowi #Kurikulum;;;1
. () Penguatan literasi dan pembelajaran; () Pelatihan dan pendampingan berbasis sekolah. . #Kabinet_Jokowi #Kurikulum;;;1
Maksudku sekolah di Indonesia yang menggunakan kurikulum nasional plus dan kurikulum internasional. Yang negeri pun ada yang terapkan juga.;;;1
Revisi Buku Pelajaran #Kurikulum Sesuai Kompetensi Dasar;;;1
#Kudus #SMA #Kurikulum SMA  Bae Segera Terapkan Kurikulum ;;;1
#Kudus #Kurikulum SMA Sederajat Diharapkan Pakai Kurikulum ;;;1
#Kudus #Kurikulum #SMA  Guru SMA  Kudus Sudah Tak Gagap Kurikulum ;;;1
Siap edar, buku panduan bagi pendidik SD, SMP, SMA penerapan pembelajaran Kurikulum . #kurikulum;;;1
Kurikulum  Berlaku untuk Semua Sekolah #kurikulum;;;1
Dengan semua ini,kehidupan saya jadi lebih berwarna terimakasih. #kurikulum;;;1
Berhasil mempertajam spiritual. #kurikulum;;;1
SD Kratonan  salah satu #sekolahdasar di #kota solo yang masih menggunakan #kurikulum ...mantap;;;1
Amunisi jam pertama besok Matematika Wajib dan Matematika Peminatan #kurikulum…;;;1
Ya Allah aku bersyukur kepada Mu karena di sorga Mu aku akan lupa dengan #kurikulum;;;1
#kurikulum bagus ko.:)) bikin disiplin gitu.;;;1
Perubahan menuju kebaikan itu harus.. prosesnya yang harus secara komprehensif dan diawasi #kurikulum;;;1
Nilai rapor siswa sekarang tdak hanya tergantung pda kemampuan siswa tapi jga kemampuan guru wali dlam menggunakan excel #kurikulum;;;1
Setelah ditunda, sekarang #kurikulum masuk tahap berikutnya: mendapat masukan masyarakat luas sebagai bahan untuk tahap revisi;;;1
Materi disesuaikan dg mengacu pada Kompetensi Inti dan Kompetensi Dasar #Kurikulum - Tersedia untuk SD/MI;;;1
Kompetensi Harus Ditingkatkan Agar Menjadi Guru Yang Profesional;;;1
#Latepost #kurikulum praktikum kimia tentang #atom menggunakan balon dan plastisin;;;1
Ada  topik yg diharapkan dapat masukan: Kompetensi Dasar #kurikulum dan Pembelajaran Tematik-Terpadu di SD/MI.;;;1
Sekarang saat yg tepat memberi masukan #kurikulum, suara masyarakat didengarkan.;;;1
pendidikan harus mampu menuntun tumbuhnya karakter dalam hidup Sang Anak didik supaya (mengutip Ki Hajar) #kurikulum;;;1
Bahkan Pihak perduli Pendidikan Sumbar memaparkan !!...  keunggulan #Kurikulum dibanding K-.;;;1
Pemprov Sumbar menilai #Kurikulum Bagus & wajib dilanjutkan kembali krn mengajarkan pendidikan karakter yg baik untuk anak didik.;;;1
Solusi untuk Guru yang Kekurangan Jam Mengajar #Pendidikan #JamMengajar #KTSP #Kurikulum;;;1
Semangat bagi tim #gurupintar yg hari ini sedang keliling ke sekolah #kurikulum;;;1
#Kurikulum jual penilaian autentik, padahal di kurikulum sblmnya, /KTSP juga sudah pakai. Pak Agung tunjukkan berkasnya #PPAutentik;;;1
masa' Sma bukan masa buat kita santai karana pada masa SMA itulah saatnya kita banyak tugas :) #kurikulum;;;1
Untuk Kelas XI Hari ini di wajibkan untuk Pramuka - Kepemimpinan hingga besok Minggu... Jgn sampai terlambat, Mulai Jam : #Kurikulum;;;1
Kemajuan di segala bidang ini disebabkan krn Sistem Kurikulum Pendidikan berbasis Al-Quran. Pengetahuan tdk boleh bertentangan dgn Quran.;;;1
#kurikulum Pramuka menjadi ekstrakuler wajib;;;1
Serasa bangga n tepat, memilih sekolah untuk Si Kecil yg tegas memberi statement bahwa akan terus menggunakan #Kurikulum SDM GKB Gresik;;;1
Kurikulum  dihentikan sementara, semoga ini tanda baik dunia bagi pendidikan Indonesia.;;;1
Kunci kurikulum ada pada para guru #kurikulum;;;1
#kurikulum mandiri dalam belajar.;;;1
Barangkali ingin melihat murid tidak hanya dari angka raportnya (kepintarannya), tp sikap sbg seorang anak manusia #kurikulum;;;1
Seberapa jauh kemampuan dan penyerapan si murid dlm suatu mata pelajaran dan sikap yg ditunjukan dlm kehidupan bersekolahnya #kurikulum;;;1
Ternyata rapor siswa di #Kurikulum formatnya bagus. Format nilainya IPK, ortu yg bingung nilai maksimalnya cuma  bkn  juga ada.;;;1
Pak @aniesbaswedan smg perbaikan #Kurikulum ga lama. Thn ajaran esok berlaku lgi..ini kurikulim bagus pak..* testimoni;;;1
. Mulai dari sisi kurikulum, tenaga pendidik, peralatan pembelajaran, program studi dan bidang keahlian, serta teaching factory.;;;1
Kemenperin terus kerja sama & dg @Kemdikbud_RI utk memfasilitasi penyesuaian kurikulum, penyediaan alat lab, serta kerja sama dg industri.;;;1
#kurikulum Yg berlaku sekarang adalah piramida makanan. Sesuai porsi/komposisinya untuk asupan harian.  sehat  sempurna #kurikulum;;;1
Memaafkan kesalahan seseorang itu ibarat mata pelajaran tersulit dalam kurikulum moral kehidupan.;;;1
ketika kurikulum baru ada untuk menaikkan peringkat univ itu sendiri, tapi kita semua tau itu ga efetif ?????? hmm rasanya ingin ...mengubah;;;1
Kurikulum yg anda yakini baik... maka perjuangkan dan pertahankan... tidak mesti sama persis % dgn kurikulum ;;;1
Ini memberi ide contoh bentuk implementasi sila ketiga dlm rangka mewujudkan sila kelima Pancasila! **catat di kurikulum sd**;;;1
Kutip isi artikel: kalao banyak yg LUPA Pancasila kenapa tidak dikembalikan jadi kurikulum sekolah seperti dulu?;;;1
Pagi ini dimulai dengan diskusi ringan tentang kurikulum pendidikan dasar dan lesson- learned dari para ortu...;;;1
Padukan Ideologi Pancasila Dalam Kurikulum, Segera Diterapkan;;;1
Bersyukurlah kalian yang lulus sebelum kurikulum baru ini terbentuk.;;;1
.… pandangan hidup bangsa perlu dimasukkan ke dalam kurikulum maupun kegiatan pendidikan nonformal lainnya. #Indonesia #AntiRadikalisme;;;1
Jokowi Minta Nilai-nilai Pancasila Dimasukkan dalam Kurikulum;;;1
Setiap sekolah asrama dijalankan berbeda-beda sesuai dengan program dan kurikulum dari pengelolanya #papuabicara;;;1
Selamat hari pendidikan nasional. Semoga pelajaran melupakan dan mengikhlaskan seseorang masuk di mapel wajib kurikulum  #hardiknas;;;1
Belajar itu mengikuti Kata Hati Bukan ikut Kurikulum Berevisi Kurikulum yg berubah tanpa henti Berevisi bak buku berseri #Kompasianival;;;1
() Buku itu dikeluarkan dari kurikulum sekolah. Buku itu tidak lagi menjadi bahan kajian dan ajar di sekolah. Buku itu dijauhkan dr siswa.;;;1
Agak syok dengan sistem kurikulum angkatan . Kurikulumnya ngedukung buat lulus cepet..;;;1
Kurikulum SMK Harus Diadaptasikan Dengan Kebutuhan Kerja;;;1
Pelatihan Kurikulum  Tetap Dilakukan #Kurikulum;;;1
#PenguatanPendidikanKarakter tidak akan mengubah struktur kurikulum, tp memperkuat Kurikulum  yang sudah memuat pendidikan karakter.;;;1
Sebenarnya film ini mau menonjolkan aspek apanya ...kalau aspek sejarah sebenarnya sdh masuk dlm kurikulum sekolah;;;1
Akhirnya rangkaian kegiatan Implementasi Kurikulum  Sejak Bulan Mei Selesai hari ini, Majulah Pendidikan...;;;1
Dengan menganut kurikulum  dari Menteri Pendidikan Indonesia, anak-anak juga bisa membaca buku secara gratis di perpustakaan sederhana.;;;1
PENDIDIKAN INDONESIA : Kurikulum  Akan Disederhanakan #Solo #Tuit;;;1
Jenis kurikulum di Indonesia Kurikulum  Kurikulum  Kurikulum  Kurikulum  Kurikulum  Kurikulum  Kurikulum  #fb;;;1
Dengan begitu, kini dua kurikulum pendidikan yang berlaku di Indonesia yaitu KTSP  dan Kurikulum .;;;1
Kurikulum  di lanjutkan di Jawa Barat sebagai percontohan pendidikan di Indonesia #kemendikbud;;;1
pendidikan di indonesia sekarang  lebih maju alhamdullilah,,,, bertahankan lah  kurikulum ;;;1
Saya setuju dengan kebijakan Pemerintah untuk menkaji ulang Kurikulum , semoga Pendidikan Indonesia semakin baik.;;;1
Kementerian Pendidikan: Kurikulum  Dilanjutkan tapi Terbatas #Indonesia;;;1
. Guru anak lu disuruh nyusun kurikulum baru lagi, padahal kurikulum  sdh sangat baik n tercakup pendidikan karakter;;;1
Demi mewujudkn #pendidikan yg lebih baik bagi anak, menyelenggarakn Lokakarya Kurikulum  bagi #guru PAUD;;;1
Sebenarnya sistem pendidikan pada Kurikulum  itu sudah sangat bagus untuk membina anak- didik menjadi pribadi yg baik.;;;1
pokoknya mau pake kurikulum / KTSP yg penting tujuan baiknya tercapai, berharap pendidikan indonesia semakin baik dan maju :-);;;1
tvOneNews: Guru Besar Pendidikan: Kurikulum  Lebih Baik daripada ;;;1
Keputusan Menteri Kebudayaan, Pendidikan Dasar dan Menengah Anies Baswedan menghentikan penerapan kurikulum  disambut baik;;;1
Bukankah keinginan kita, siswa bkn sekadar nilai akademis, tp jg moral, akhlak, perilaku? Semua ad di rapor #Kurikulum;;;1
Maka,dr awal saya kasih saran ke teman yg pakai #Kurikulum utk pakai ABC saja utk nilai harian. Nnti bs diolah lg ke angka.Lbh mudah.;;;1
Kalau penilaian spt kuliah (ABC-->angka) pasti lbh simpel. Knp tak diterapkan di #Kurikulum ? Yg dipakai justru sebaliknya.;;;1
Kali ini #Kurikulum kyaknya jadii trending topic. Penasaraan -__-;;;1
interview: Pendidikan harus jadi kegembiraan … #kurikulum;;;1
Menteri Anies Keluarkan Peraturan Kurikulum . #Kurikulum #Kemendikbud #Lekslawyer #JakartaLawyer...;;;1
Itu belum ditambah proses pembuatan nilainya, belum diskripsi nilainya! #kurikulum #sempurna;;;1
Untuk itu, Menteri Pendidikan harus mengevaluasi Implementasi Kurikulum , shg guru mampu menerjemahkan dg baik di kelas;;;1
Kemendikbud @aniesbaswedan Bentuk Tim Investigasi Dugaan Korupsi #Kurikulum;;;1
K- Dihentikan, Buku Paket Tetap Dipakai #kurikulum;;;1
Muhammadiyah Pakai K- #kurikulum;;;1
Hasil raport semester ganjil anak didik. Semoga di semester genap bisa terus meningkat! #Kurikulum;;;1
Lumayan deh besok kalo jadi guru udah kagak kaget lagi kalo buat nilai rapot dan lembur hari kaya gini. Latihan sabar juga #Kurikulum;;;1
Berkutik dengan nilai.. #kurikulum;;;1
Tak mungkin #Kurikulum dibuat secara asal & tak berpasal. Pasti ada banyak hal  yang bisa diserap. Pelajari dulu, baru putuskan.;;;1
Semangat rekap nilai rapor ini #kurikulum;;;1
Pendidikan senantiasa harus menjadi ruang kegembiraan, bukan penderitaan. Ruang penuh rasa, bukan terpaksa. #Kurikulum;;;1
Guru Jadi Kunci Penerapan Kurikulum  #Kurikulum;;;1
Sekolah yang mampu melaksanakan #Kurikulum silahkan mengaplikasikan dg baik;;;1
Verifikasi Sekolah yang Siap Lanjutkan K- #kurikulum;;;1
Raport kurtilas hanya di beri huruf dan deskripsi. Penilaian yg d cantumkan ada  ranah, Keterampilan, Pengetahuan,dan sikap.#Kurikulum;;;1
Klasifikasi » Komunikasi » Inverensi » Intervretasi » Kesimpulan #Kurikulum;;;1
Kreatifitas » Kritis » Inovasi #Kurikulum;;;1
seharusnya jika mau uji coba / mengkaji #Kurikulum maka sampel sekolah harus disebar disemua provinsi shg keputusannya mewakili;;;1
iya mgkn ini kesalahan pak anies, bebaskan penerapan #Kurikulum bagi yg sudah melaksanakan  semester tanpa melihat wilayah;;;1
sekitar , T biaya persiapan #Kurikulum tidak sia kok, krn kajian akan dilanjutkan, daripada generasi penerus jadi korban.;;;1
tapi jika data itu kebalik...misal % sudah siap dg #Kurikulum & % yg tidak, maka berlakukan saja;;;1
Ya kurikulum  murid dituntut aktif, saking aktif dan cerdasnya kek gini nih. #kurikulum;;;1
Hati-hati dengan Ujian Nasional Ganda; Sekolah Harus Berani Ambil Keputusan #kurikulum #k;;;1
Sejak #Kurikulum Diterapkan, Sikap Siswa Terlihat Berubah;;;1
#Kurikulum jangan hapus :( udah adaptasi ini kapan majunya pendidikan kalo gak siap terus , kalo gak siap sekarang kapan siapnya coba !;;;1
#Kurikulum Guru menuntut murid untuk bisa memahami semua materi dengan belajar sendiri tanpa diajarkan terlebih dahulu.;;;1
#Kurikulum Mending disempurnakan dulu, kalau udh Sempurna baru deh Dilaksanakan, biar lebih Efisien. Dan tdak ada Kontroversi;;;1
#kurikulum saya mewakili siswa sma menurut saya dilanjutkan saja yg sudah lanjut krna biaya pembelian buku berkurang untuk siswa miskin.;;;1
#Kurikulum saya setuju saja kalau kurikulum ini di adakan, tetapi disesuaikan dengan kemampuan murid yg di ajarkan!;;;1
#Kurikulum itu bagus mengajak siswa tidak hanya menghafal tapi menganalisa masalah sayang kalau distop;;;1
#kurikulum masukkan pelajaran penghijauan, agar lahan eks tambang bauksit di #Kepri direklamasi #tanjungpinang;;;1
slh satu OutPut yg d rancang dlm #Kurikulum al membentuk generasi yg cerdas komperhensif;;;1
Klo #kurikulum ditarik cmn krn berkaitan dgn doa di setiap memulai kelas ya itu emang ngga ada kerjaan dan pendek akal.;;;1
prakarya & kewirausahaan menggali potensi lingkungan sekitar menjadi sebuah karya yang mempunyai daya saing #kurikulum;;;1
Dl bnyak yg ingin nilai siswa jgn cuma akademis, tp jg moral, tingkah laku, akhlak. Kurtilas coba ke sana #Kurikulum;;;1
Ternyata, Kurikulum  Pengaruhi Karakter Siswa. Bagaimana Menurut Anda? #Kurikulum ;;;1
#Kurikulum untuk pembentukan kapasitas dan kualitas guru. marilah kita semua berpastisipasi untuk #Kurikulum;;;1
Syukur #kurikulum dihentikan. Kasihan skolah* yg di pelosok , bukunya gak nyampe sampe ke tujuan dari setahun lalu.;;;1
#Kurikulum ... pemikiran random yang disampaikan dengan bahasa yang normatif.;;;1
siswa lebih berani berbicara dan tambah sopan karena nilai sikap terpisah dan pengaruhi naik kelas #Kurikulum;;;1
Kita tidak mendidik anak hanya menjadi pintar tapi juga ianya hrs memiliki iman yang kuat dan berbudi pekerti #kurikulum;;;1
Selamat aja buat anak sekolahan #KURIKULUM kini di gantikan dengan #KURIKULUM;;;1
Kota Tangerang Tetap Laksanakan Kurikulum  - …  #kurikulum;;;1
Prestasi yang hebat itu menghentikan #Kurikulum padahal termasuk tim didalamnya dan tahu berapa kerugiannya;;;1
polemik kurikulum , ntah mana yg baik tetapi apapun nnti kurikulumnya harus diiringi dg peningkatan kualitas!;;;1
Ternyata #Kurikulum tujuannya baik, tapi banyak yang salah sasaran dan pengertian akan sains.;;;1
Semua pelajar sekarang aktif. Sedangkan guru hanya menunggu tugas dari muridnya dan menerangkan. #Kurikulum;;;1
Profesi sy skarang ini lbh banyak sbg pengajar. Guru pemula di permulaan penerapan #kurikulum;;;1
Reformasi yg lain adalah gaji guru harus tinggi! Karena butuh guru berkompetensi tinggi utk mengajarkan #Kurikulum ke murid.;;;1
Sebaiknya bobot #Kurikulum dikurangi, jangan terlalu padat. Dan reformasi pendidikan harus jalan. Salahsatunya UN semestinya ditiadakan.;;;1
Bernafas dengan jujur dan disiplin sesuai dengan ejaan yang telah disempurnakan #Kurikulum;;;1
#Kurikulum banyak mengajarkan etika dan bermain. Lebih ringan dibanding kurikulum . Tapi lebih padat isinya, makanya keteteran.;;;1
Begitupun dg aparat yg terlibat kekuranggan yg ada seharusnya sama² dicarikan solusinya, bukan malah mundur ke sebelumnya #kurikulum;;;1
Di sini lah guru dan siswa dituntut menjadi berkualitas dg sama berusaha memaksimalkan potensinya #kurikulum;;;1
Lakukan yg terbaik utk pendidikan Indonesia, mrk yg hanya bisa nyinyir atas di hapusnya #Kurikulum, pasti pny kepentingan #Proyek;;;1
itulah....mmg bagus, tapi sebaiknya semua harus sudah terkondisikan siap menggunakan #kurikulum shg efektif dan tepat.;;;1
Seneng banget yaa Kurikulum  dihentikan. Kita jadi lebih enak lagi belajarnya \=D/ #Kurikulum hihihi;;;1
Kurikulum  jangan di hapus! Negara lain sudah menerapkan kurikulum yang seperti ini, dan hasilnya pelajar disana hebat #Kurikulum;;;1
#kurikulum merupakan bagian dari perbaikan kurikulum KTSP  di era Bambang Sudibyo.;;;1
Baru tau saya kalau #Kurikulum SMA di rapor sudah mulai pake Indeks Prestasi Kumulatif (IPK) skala  -  segala...;;;1
Harapan saya sih menteri itu kerjanya jangan hanya memotivasi, tapi memberi solusi. #Kurikulum;;;1
Semoga bisa membuat keputusan yang terbaik...#Kurikulum #CintaJokowi;;;1
Wakil Menteri Pendidikan dan Kebudayaan bidang Pendidikan, Musliar Kasim mengatakan, banyak pihak telah mengakui keunggulan Kurikulum ;;;1
Mantan Atase Pendidikan dan Kebudayaan di KBRI New Delhi, India, Son Kuswadi mengatakan bahwa pemerintah India memuji Kurikulum .;;;1
Wamendik: seorang pakar di bid penddkan asal Jepang memberikan pujian juga yang mengaku penasaran dg Kurikulum  krn diakui bagus .;;;1
#Kurikulum distop bagi sekolah yg baru menjalankannya selama  semester, sedangkan sekolah yg sudah menjalankan  semester ttp lanjut;;;1
Kurikulum  secr komprehensif mebngun insan Ind yg produktif, inovatif, kreatif,& afektif. dg penguatan skp, ketrampln&penget yg berintegrasi.;;;1
Wamendik: Banyak Pihak Akui Keunggulan Kurikulum ;;;1
Kemdikbud Terus Pantau Distribusi Buku Kurikulum ;;;1
Ribut kurikulum ,lebih baik hapuskan Ujian Nasional seragam, perbaiki kualitas pendidikan dan semua warganegara dpt pendidikan yg layak;;;1
latihan mandiri dengan #kurikulum yang hrus cri materi sendiri;;;1
Pelatihan kurikulum  mandiri. #kurikulum;;;1
Selamat menjalankan amanah dan tugas dalam pendampingan implementasi kurikulum , semoga diberi kemudahan dan kelancaran #Kurikulum;;;1
Jadi intinya, apapun kurikulumnya jadilah guru hebat yg kritis dan kreatif guys. #Kurikulum;;;1
@ridwankamil terima kasih telah menghapuskan kurikulum  #Kurikulum;;;1
Jadi makin bersyukur karena pendidikan nasional tetap memakai kurikulum  dengan catatan akan dievaluasi;;;1
Sebaiknya k tidak perlu dihentikan, cuma harus direvisi aja ,yang kurang baik apa, dan Hapus UN !! #Kurikulum;;;1
Blusukan ke SMA , Menteri Anies dicurhati soal #Kurikulum;;;1
Ini karyaku pelajaran prakarya Dan kewirausahaan #kurikulum #latepost :);;;1
Penilaian Kompetensi Sikap pada Kurikulum  #kurikulum;;;1
Wamendik Musliar : Kita harus bersyukur bisa menghasilkan Kurikulum . Kurikulum ini luar biasa perubahannya.;;;1
Yuhuuu, akhirnya selesai menulis raport siswa. #free #raport #kurikulum;;;1
Mendikbud Anies Baswedan tinjau implementasi #Kurikulum di SD Negeri Sukmajaya  Depok;;;1
Mari kita tingkatkan prestasi! #Kurikulum;;;1
Diperlukan juga penerapan Kurikulum  dgn adaptasi muatan lokal utk memudahkan pembelajaran di Sumba.;;;1
Anak  SD  minggu masuk sekolah. Soal di buku: sebutkan jumlah huruf konsonan pd kata perempuan. Keren! #kurikulum;;;1
PADA kurikulum  (K) yang kini diterapkan, ada pelajaran tambahan yakni kewirausahaan.…;;;1
@Fahrihamzah: Semoga bisa membuat keputusan yang terbaik...#Kurikulum #CintaJokowi RAGU sdh Terbuai CITRA;;;1
Jangan-jangan banyak juga yang gak tau kalau kurikulum pelajaran bahasa itu dipengaruhi oleh teori linguistik. K, misal, dipengaruhi SFL.;;;1
sepertinya PSPB sama PPKN mesti di masukan kembali dalam kurikulum diknas..;;;1
Pancasila perlu dimasukkan dalam kurikulum pendidikan di semua tingkat sekolah. #PendidikanMoralPancasila;;;1
Ada baiknya mempertimbangkan PMP masuk di kurikulum demi menanamkan nilai pancasila bagi pelajar;;;1
Seharusnya Sastra Jadi Kurikulum Wajib di Sekolah Indonesia ;;;1
Tiap pagi baca al-quran dapat membuat kita tenang dan dapat menambahkan moot #kurikulum;;;1
Setuju, saya malah punya usulan sama menteri pendidikan kalo finance masuk kurikulum, biar Indonesia makin maju;;;1
Pakar, Yustinus: Grand desain kurikulum dalam edukasi pajak sangat baik.;;;1
Penilaian Sikap dalam Kurikulum  Revisi  - Tinta Pendidikan Indonesia;;;1
. Pelatihan Instruktur Nasional dilaksanakan pada - Maret . #Kabinet_Jokowi #Kurikulum;;;1
Kunci kurikulum ada pada para guru #kurikulum;;;1
Seminar pendidikan nasional Pengembangan Kompetensi Guru dalam Implementasi Kurikulum  di Tahun ;;;1
Enak ya kurikulum  Berangkat liat sunrise pulang liat sunset Haha asyikk, serasa lagi di pantai.;;;1
Memahami kurikulum baru memang lebih mudah daripada memahamimu ??;;;1
Pemerintah siapkan kurikulum ekonomi digital http://nasional.kontan.co.id;;;1
Kira² siapa yg mnjadi mendiknas dlm kabinet pak @jokowi_do? smoga persoalan #Kurikulum cepat dibereskan. atau dikembalikan dulu ke KTSP;;;1
Pelatihan Kurikulum , Guru Harus Berinovasi dalam Proses Belajar Mengajar #PENDIDIKAN;;;1
alhamdulillah berjalan lancar dan semoga kegiatan ini makin meningkatkan kualitas pendidikan di Purwakarta dan Indonesia #Kurikulum;;;1
Pengenalan Lingkungan Sekolah (PLS) Pameran Ekstrakulikuler Pramuka Wajib :) #kurikulum…;;;1
Terima Kasih SMA Negri  Kalabahi Untuk Kepercayaannya #FinallyFinished #VideoPembelajaran #Kurikulum;;;1
Semoga dengan kurikulum  ini anak anak Indonesia jadi lebih sukses amin o:) Selamat Hari Pendidikan Nasional?;;;1
Semoga tingkat kebolosan semakin berkuarang :/. ga ada dualisme antara kurikulum  sama KTSP :D.;;;1
kita selalu berjuang agar menghasilkan manusia yang berkompeten melalui kurikulum ini #kurikulum;;;1
Sosialisasi MoU Pendampingan Kurikulum  #kurikulum;;;1
Ketika SMKN  diliput mengenai #Kurikulum #Infoin .~ cc: @rezabatubara @dwitagama;;;1
Alasan kembali ke KTSPnya begini dan syarat untuk tetap pakai #kurikulum- nya seperti ini ya, Pak @aniesbaswedan?;;;1
Sekolah Negeri Seragam Kurikulum   #Kurikulum;;;1
Kemdikbud: Materi pendidikan seksual sudah ada di Kurikulum ;;;1
Resmi! Kemendikbud Ubah Nama Kurikulum  Menjadi Kurikulum Nasional;;;1
Hore kmbali ke kurikulumkur/ ktsp , lebih bagus dripada #kurikulum;;;1
Fokus libur udh slesai bsok udah fokus blajar  ini memperbaiki nilai , prilaku, dalam skolah #kurikulum;;;1
Kepsek SMPN  @kepanjen_kita : seluruh SMPN di Jatim tetap jalan #Kurikulum krn dinilai bagus & sekolah sdh siap;;;1
Kurikulum  Diterapkan Penuh Paling Lama  …  #Kurikulum;;;1
Pertahankan K-, Guru Dibekali Pelatihan…  #Kurikulum;;;1
Muatan Kurikulum  PAUD #kurikulum #PAUD #TK / RA / PAUD;;;1
Jokowi: Sekolah negeri wajib gunakan #Kurikulum;;;1
Ngajarnya gak lelah tapi lelah sama adminitrasi nyaa #Kurikulum;;;0
Harap harap cemas menantikan orang yang tak pantas . Revisi dulu otaknya biar kaya kurikulum sekarang #kurikulum;;;0
Pengamat: Ganti Kurikulum, Cara Gampang Serap Anggaran #Kurikulum;;;0
#Kurikulum tugasnya banyak pula. Ya gapapa sih, cuma capek aja, jadi gampang ngantuk sekarang :' Gampang gak fokus di sekolah.;;;0
#Kurikulum kebanyakan presentasi. Waktu habis buat presentasi doang. Entahlah aku gasuka.;;;0
Banyak Guru Kesulitan Terapkan K- #Kurikulum;;;0
#Kurikulum Membuat Stress Guru;;;0
Kepala sekolah juga bingung kemana/dimana tempat membeli buku #Kurikulum tersebut. Belum ada arahan dari pihak terkait-dinas pendidikan;;;0
waktu terus berjalan di hari pertama tahun pelajaran. Sedangkan buku pegangan #Kurikulum untuk pegangan siswa tidak kunjung ada.;;;0
Saat ini dilapangan bukan bermasalah pada #Kurikulum nya. Tetapi buku untuk pembelajaran tersebut tidak kunjung ada dalam versi cetak;;;0
saya rasa #Kurikulum belum begitu bagus untuk diterapkan saat ini.;;;0
#Kurikulum #PendidikanNasional itu adalah membunuh kebhinekaan nusantara #eh;;;0
Ada yang bilang semua ini cuma sekedar proyek basah. Entahlah #hardiknas #kurikulum;;;0
K Dinilai Terlalu Berat, #Mendikbud Akan Lakukan Koreksi ... - #Kurikulum;;;0
#UNBK kejuruan ancur ! Aku diajarin #KTSP yang buat ujian #kurikulum aaaaaaaaa :-V;;;0
titik syarafnya generasi negeri ini kan di pendidikan... sementara #kurikulum direvisi secara tertutup :D;;;0
Udh gitu banyak tugas rumah yang harus diselesaiin. Padahal KATANYA dan HARUSNYA k itu gak ada tugas rumah.-  #Kurikulum;;;0
Karena sudah pulangnya sore, blum lagi di perjalanan lama. Sering kali membuat orang tua khawatir.-  #Kurikulum;;;0
Remidial matematika + kimia?? Liat soalnya aja udah males apa lagi suruh ngerjain #kurikulum;;;0
kami adalah sedikit generasi dimana uji coba kurikulum  diadakan #kurikulum #smknjakarta…;;;0
Kurikulum  begitu menyakitkan #korbanKurikulum #kurikulum;;;0
#kurikulum  Terlalu banyak berpikir dapat merusak pikiran, menghancurkan kebahagiaan, dan menciptakan masalah.;;;0
Siapa peduli MAFIA Proyek di #kurikulum dalam setiap MUSIM Pelatihan..Wakil rakyat;;;0
Buku gak ada, bahan gajelas, materi ganti ganti. Angkatanku selalu jadi kelinci percobaan #kurikulum;;;0
Guru hanya menjadi fasilitator... murid harus mandiri. Jika ingin sekolah maju, yang harus berusaha adalah muridnya. #Kurikulum;;;0
Harus gini bgt ya #kurikulum susah, belum dijelasin materi tp tugasnya byk bgt, gk mudeng pula. Coba aj klo KTSP dibalikin;;;0
Kelar hidupku.... #Kurikulum;;;0
#Kurikulum Tugas dan kegiatan sekolah tidak sebanding;;;0
Angkatan gw jdi kelinci percobaan #kurikulum,angakatan  thn di atas gw jdi kelinci percobaan sistem #UN baru,#jadisedih;;;0
Tikus percobaan #kurikulum;;;0
Muhammadiyah Protes Mendikbud #Pendidikan #kurikulum;;;0
Kurikulum kebanyakan presentasi. #Kurikulum;;;0
di kutai timur #kurikulum masih tetap berjalan, di beberapa daerah sudah kmbli ke KTSP, apa itu bsa disebut pmrataan pendidikan ??#K;;;0
#Kurikulum #K bukan buat anak kreatif tapi buat anak-anak jaman sekarang stres dengang apa yang dipelajarkannya;;;0
Pelajaran Matematika jam pusing..   #Kurikulum;;;0
Disaat mulai nyaman, kita harus berpisah #Kurikulum ;;;0
Ketika udah mulai nyaman malah pergi gitu aja #kurikulum;;;0
Haii #Kurikulum susah-susah gampang yah menghadapimu-_____-;;;0
Udah mau Lulus malah dipersulit sama tugas-_- setiap mata pelajaran pasti ada tugas-_- #kurikulum;;;0
Baru  hari berangkat sejak liburan Jadwal mapel gonta ganti antara #kurikulum sama ktsp itu rasanya (ogos) -_____-;;;0
Penilaian sebanyak ini, bikin pusing... #kurikulum;;;0
Kalo gax' mumet itu namanya Orang gax' Normal ,aku ajah yang normal jadi Tidak gara gara menghadapi Rumitnya #kurikulum @anaurah;;;0
Kasian amat -- efek demen fisika :D kakaka #K #kemendikbud #surabaya #kurikulum…;;;0
Datang, bikin nyaman, lalu pergi. Hiks. #Kurikulum;;;0
Ternyata bukan cuman kelinci yang di jadiin percobaan.. #kurikulum;;;0
udah nyaaman bangett malah ditinggal,huhu #kurikulum.;;;0
Masya Allah bidang studi Ipa sama Mtk jam belajarnya kyk dulu lagi langsung jam .. #kurikulum masya Allah harus sabar ini;;;0
Dunia pendidikan di indonesia kacau, kurikulum  misalnya~;;;0
Mohon kpd Pak @aniesbaswedan agar membereskan masalah #Kurikulum yg berantakan. Buku paket saja blm sampai di #Parapat - @Kemdikbud_RI;;;0
selamat tinggal #kurikulum;;;0
Seberapapun membingungkannya #Kurikulum, kalimat buatan kami masih lebih membingungkan.;;;0
Ternyata semua nya bingung dengan #kurikulum.. Termasuk guru dan muridnya...;;;0
Untung gue di angkatan yang masih nganut kurikulum , coba kalo lebih muda setahun aja, bakal ikutan galau deh kena #kurikulum;;;0
#kurikulum Disetop, Kok Bukunya Tetap Didistribusikan … Buat ganjel meja;;;0
buat bungkus cabe kan bisa Kurikulum  Disetop, Kok Bukunya Tetap Didistribusikan …  #Kurikulum;;;0
Kalau kalian naik angkutan umum dan kebetulan bareng guru-guru, pasti lagi rame pada ngedumel #Kurikulum ini.;;;0
Setahun ini memang banyak guru #TIK yg galau mapelnya hilang, diganti prakarya dlm #Kurikulum. Jd mereka hilang jam mengajar.;;;0
Tapi ya saya menyayangkan sih kalo #Kurikulum itu distop. Mbok ya diperbaiki aja gitu. Mengingat dananya & bukunya yg baru bgt dikirim;;;0
saya khawatir ini tanda-tanda bahwa saya mulai depresi #rapor #kurikulum :(;;;0
Tidak sinkron, waktu pemberian media sudah diakhir, sedangkan sistem penilaian yg terlalu banyak, dan adanya deadline. #kurikulum;;;0
Nggosip #kurikulum yang tak kunjung usai;;;0
Bermotif Korupsi, #Kurikulum Harus Dihentikan;;;0
Hari ini apa yang selama ini menajdi momok menakutkan dan menjadi keresahan telah usai #kurikulum;;;0
Saat guru merasa kesulitan menghadapi pembaruan, seperti #Kurikulum, maka tandanya guru tersebut bermasalah. Guru harus selalu belajar.;;;0
Jika #Kurikulum bermasalah, silahkan diperbaiki, tapi jika ternyata para tenaga pengajar yang tak mampu, adakah solusi terbaik?;;;0
Perasaan #Kurikulum uda dibubarin, tapi tetep aja tugas kuliah masih pake kurikulum ini..Mungkin dosennya belum bisa #moveon;;;0
Katanya #Kurikulum itu Banyak PR & Tugasnya. Itu Salah Kurikulum atau Salah Menteri Pendidikan;;;0
Jangan lagi korbankan anak kami dng keputusan politik berkedok #kurikulum @aniesbaswedan ubah skrg juga ! #HapusUN skrg jg;;;0
Emg gk pusing, bkin pnilaian dua.... #kurikulum;;;0
Bkin program klu blm bku jgn di d sbarkn.....!!! #MEMBUKTIKAN #kurikulum;;;0
Ujian dah kelar, tapi tugas masih aja segudang #kurikulum;;;0
Pemda Desak Pemerintah Pusat Tidak Plin-Plan Perihal #Kurikulum;;;0
Kurikulum sbg sistem tidak bisa scr dadakan diberhentikan kemudian dilanjutkan lg. Hanya akan membuat pelaksana kbingungan #Kurikulum;;;0
Mending udahan aja dari pada dijalanin ga enak. Loh ini apa? -___- #Kurikulum;;;0
KPK Indikasikan Kurikulum  Kacau. #Kurikulum;;;0
Mendikbud akan menguji cobakan #Kurikulum  emang belum diujicoba ?;;;0
Seharusnya meskipun berganti Menteri, substansi kebijakan jangan diganti, Refleksi #Kurikulum;;;0
Polemik terkait nasib kurikulum  masih menjadi tanda tanya buat Pendidikan ... #Kurikulum;;;0
Makin Ruwet, Pemerintah Tak Tanggung Buku KTSP #kurikulum;;;0
Bolehkah kami menolak surat edaran Mendikbud tentang penghentian K- karena kami benar-benar serius memberlakukan #Kurikulum.;;;0
Jangan korbankan anak dan ortu #Kurikulum vs #Kurikulum DPD Dukung Pembatalan Kurikulum ;;;0
Mau di bawa kemana buku kurtilas~~~~ #Kurikulum;;;0
Lebay banget -_- @meikelegiyati_: Tugas numpuk, ulangan mulu. #kurikulum;;;0
Curigai Anies tak Punya Terobosan Baru hingga Setop K-  …  #Kurikulum;;;0
Betapa mahal pembuatan #Kurikulum dan biaya implementasinya akankah menjadi sia sia;;;0
harusnya sebelum diberlakukan di cek dulu penunjang #Kurikulum setelah semua sekolah siap baru OK;;;0
Penerapan  kurikulum dalam  waktu hanya ada di Indonesia mas @aniesbaswedan ... Betapa bobrok nya pendidikan kita. #kurikulum;;;0
Tampak nya, guru saya yang satu ini sudah gila hormat, labil, dan bertindak semena-mena kepada muridnya karena K. #Kurikulum;;;0
Selain Guru, #Kurikulum Bikin Murid Stress;;;0
Tukan bener, ganti lagi jadwal pelajarannya. #KURIKULUM;;;0
pusing pala bu guru #kurikulum;;;0
dicabut aja deh pak #kurikulum. diperbaiki dulu gitu yang absurd. saya gemes. rekrut saya deh pak! #yakale;;;0
#Kurikulum itu hanya menbuat siswa stress dan bosan karna Tugas yg menumpuk&Pulang Sore, kmi pengen sistem bljr sprti dulu,;;;0
#kurikulum seharusnya dilakukan evaluasi terlebih dahulu,baru di terapkan.Memangnya kita kelinci percobaan?dan utk UN tlg jgn dipersulit;;;0
#kurikulum sya aja, kurang bgtu mengerti.. Dan saya yakin, sklah lainnya jga belum mempersiapkan dgan mtang.. Dan ini brantakan;;;0
#kurikulum itu membuat otak pecah . MTK yang tadinya hanyak  sekarang ada  yaitu MATEMATIKA peminatan dan Wajib . Emang kita otaknya profesor;;;0
Anak SD dipaksakan harus belajar dengan mata pelajaran setingkat SMA #Kurikulum itu buruk dan bahaya.;;;0
Pelajaran ini membuatku kyk psikopat.. -.- #kurikulum #confused;;;0
Sulitnya evaluasi belajar dalam #Kurikulum;;;0
Ternyata terbukti pejabat seblmnya menjalankan #Kurikulum itu tergesa&so,bnyk yg kontra akan diberlakukan Stop #Kurikulum saat ini;;;0
Sekilas membaca isi #kurikulum ni saya yg ngga ngerti bahasanya atau gimana yah...puyeng;;;0
Jgn memikirkan Kerugian materi dihentikannya #Kurikulum, tp jg harus dipikirkan beban psikologis anak didik akibat dr #Kurikulum!!;;;0
Selain ramai tentang pro & kontra #Kurikulum. Sepertinya mimin lupa akan  hal...... :);;;0
Bgm bisa lupa, itu trauma sy sbg ortu korban amburadul #Kurikulum RT Menolak Lupa Penyusunan Kuritilas;;;0
Silahkan ganti presiden, pak ustaz. Siapapun presidennya, kl kurikulum sekacau #Kurikulum, saya lawan.;;;0
Jadi, bagaimana tanggapan kalian mengenai Pencabutan #Kurikulum? A. Setuju B. Tidak setuju;;;0
menanti kesaksian sang penyusun #Kurikulum. dia mengetiknya secara sadar atau sedang mengigau.;;;0
Untuk disebut sebagai sebuah KURIKULUM saja seharusnya dokumen #Kurikulum ini sangat tak pantas.;;;0
Kurikulum sebelum #Kurikulum tdk lbh baik, tetapi yg jelas tak ada kalimat terorisasi statusisasi ;;;0
saya akan hentikan #kurikulum jika berwenang. Lha dokumen ditulis kayak oleh org gak waras gitu, mosok mau diteruskan?;;;0
Teriaak Solidaritas tapi jawaban ujian aja masih diumpetin ke temen. Apa itu arti Solidaritas? #Kurikulum #SemangatUAS #TolakUN;;;0
Kasihan oh kasihan... kalian oh kalian.. selalu menjadi kelinci percobaan... #Kurikulum;;;0
Bukan interdisiplin, tapi multidisiplin yang dipaksakan dalam kompetensi dasar #Kurikulum ;;;0
Artinya, sampai tahun , setidaknya, belum ada gagasan merancang kurikulum baru. #Kurikulum tidak dirancang sjk ;;;0
pk mentri sharusnya tdk mnggnakn indktr jakarta da skitar istna presidn sj, lhat lah yg didaerah ini yg  prsn udh mnrapkan #Kurikulum;;;0
Salah sendiri juga dulu terlalu cepat menetapkan kurikulum  yang belum matang dan minim sosialisasi. haHaHAhahA #Kurikulum;;;0
sinetron #Kurikulum bak perceraian rumah tangga dan korban utamanya adalah anak-anak didik;;;0
Saya ketawa aja deh, ketika kualitas guru dianalogikan sebagai air torrent #Kurikulum;;;0
Aku lho ngga mudeng itu kalimatnya ngomong apa. Kemampuan berbahasaku perlu ditingkatkan #kurikulum;;;0
mungkin dalam K ini banyak yg menjadi kendala, tapi masih bisa untuk di perbaiki bukan? tidak harus distop, #Kurikulum;;;0
Kebiasaan lama, ego para menteri kita, pantang melanjutkan program menteri pendahulunya. #Kurikulum;;;0
Sekarang #Kurikulum dihentikan, saya lihat banyak pejabat kecewa.;;;0
Ada pula guru yg kasihan kalo siswa tanpa 'disuapin' akan susah makan, tp kalo bantu nerangin takut tetiba ada pengawas. #kurikulum;;;0
Terhadap kurikulum , sebagian guru laen sebel karena harus buat laporan tiap pertemuan / KBM. #kurikulum;;;0
#KURIKULUM Yg Paling Kasian itu anak yg duduk dibangku sekolah dasar, otaknya dipaksa bgt Berpikir Keras;;;0
Masak #Kurikulum yang disiapkan  tahun lalu di stop dalam  bulan tanpa ngobrol. #CintaJokowi;;;0
Di kota besar guru saja sll kesulitan terkait #Kurikulum , apalagi seperti papua yang segalanya minim;;;0
Mengapa Kau Yang Memulai, Kau Yang Mengakhiri. #Kurikulum #Depbuddikmen;;;0
Kasihan penerbit buku yg dpt tender nyetak buku #Kurikulum, baru sekali cetak, distribusi blm tuntas.. Dah di stop... Brp modal yg ludes;;;0
#Kurikulum merupakan warisan jahat yg membuat anak didik mengalami degradasi semangat belajar. Dukung % Pak @aniesbaswedan;;;0
yang bikin #kurikulum pun kayaknya gak tau tujuannya buat ngapain murid;;;0
Sekolah itu harusnya jadi tempat yg menyenangkan.. bukan menyebalkan dan bikin stres #kurikulum;;;0
Kelahiran prematur yang dipaksakan #kurtilas #kurikulum ;;;0
Kami itu Manusia pakk, nggk robot yg bisa jadi bahan percobaan teruss #Kurikulum;;;0
topik hangat minggu ini #kurikulum hentikan saja, tidak menambah mutu pendidikan sama sekali;;;0
Katanya #Kurikulum itu Banyak PR &Tugasnya. Itu Salah Kurikulum Gue atau Salah Menteri Pendidikan Gue?;;;0
Kalau membaca ulasan Prof @iwanpranoto soal #Kurikulum tampak sekali kacaunya secara konseptual dan penggunaan bahasa. Ajiiiiiib!;;;0
@iwanpranoto saya merasa jenuh dengan #Kurikulum pak.;;;0
Bantu mama periksa hasil ujian semester genap muridnya :) mnrt beliau makin ribeeett! #Kurikulum;;;0
Enak bgt jadi pejabat Indonesia. Habisin uang triliunan utk bikin proyek abal-abal, lalu tdk dimintai tanggungjawab. #Kurikulum;;;0
Kebanyakan setiap menteri ingin menonjolkan kelebihannya sendiri. #Kurikulum;;;0
Hai kalian orang² yang terpelajar, kalian tak tahu tentang K, kalian hanya tahu itu berkualitas tapi itu membuat kami susah #kurikulum;;;0
Yang dipelajari sebenernya mbulet aja, itu lagi-itu lagi. #Kurikulum;;;0
Akhirnya #Kurikulum dihentikan juga,, Mati lo K..!!;;;0
SAYA ADALAH KORBAN K- #Kurikulum;;;0
Selain dihentikan, #Kurikulum ini mesti diusut juga oleh @KPK_RI dugaan penyelewengan dananya.;;;0
pembelajarannya masi belum merata.. Guru nya jadi bingung #kurikulum;;;0
Giliran udah nyaman, dia malah mau pergi. :( #kurikulum;;;0
Biarkan #Kurikulum sampai tahun ini jgn semester depan , krna orang tua mengeluarkan dana yg tidam sedikit;;;0
Nah... Kelinci percobaan Hentikan Menjadikan Guru dan Murid Sebagai Kelinci Percobaan. Masalah #KTSP dan #Kurikulum;;;0
sya dukung penghapusan kurikulum ,karena terlalu berat/ ribet masa pelajaran anak SD sprti anak kuliahan! #kurikulum;;;0
Gurunya ja bingung gimana muridnya Baca ini. Penting tentang kenapa #Kurikulum emang ngaco. #CabutK ;;;0
Hentikan Menjadikan Guru dan Murid Sebagai Kelinci Percobaan. Masalah #KTSP dan #Kurikulum;;;0
Asal-asalan? Tergesa-gesa? Atau sekedar menghabiskan proyek? #Kurikulum;;;0
Setuju banget #Kurikulum itu dihentikan maupun dievaluasi karna benar membingungkan siswa maupun guru pengajar;;;0
#KURIKULUM Yg Paling Kasian itu anak yg duduk dibangku sekolah dasar,otaknya dipaksa bgt Berpikir Keras utk setumpuk Tugas nya;;;0
Jadi #Kurikulum beneran dihapus? Bagus deh abisnya membingungkan. Kasihan ade gw yg masih sekolah (?);;;0
Kapan Indonesia maju ? selalu dipersulit, ganti kekuatan ganti kurikulum :/ #Kurikulum;;;0
Ahok: Kurikulum  Enggak Siap, Kenapa Dipaksain?   #Kurikulum;;;0
rubah bongkar... rubah bongkat... #Kurikulum korbannya para siswa;;;0
hampir ngga pernah ngomong kasar di socmed, tapi #Kurikulum ini emang bener-bener kebangetan yang bikin.;;;0
Gara Moratorium #Kurikulum smua stakeholder pendidikan Galau ditengah UAS. Ini kah revolusi mental yg di mksd Joko? CC (/);;;0
Ini kurikulum apaan sih ngasal banged. Pasti ngetiknya di pramuka. #Kurikulum;;;0
Padahal menghentikan #Kurikulum tidak bisa seperti mengerem mobil. Biayanya mahal.;;;0
Kalo Kurikulum  dihentikan Lalu apa yang akan dibanggakan Indonesia pada negara lain dalam kualitas mutu pendidikan..???;;;0
#kurikulum: Jumlah sekolah yang menjadi sasaran dari penerapan Kurikulum  mengalami penurunan jumlah dari target awal.;;;0
#kurikulum: Jumlah sasaran sekolah penerapan Kurikulum  kembali dipangkas oleh Kemdikbud atas persetujuan Wapres RI.;;;0
#kurikulum: Anggaran kurikulum  yg disiapkan sebesar Rp , triliun batal digunakan lantaran jumlah sasaran sklh jg dipangkas %;;;0
#kurikulum: Akibat pengurangan jmlh sasaran sekolah pada kurikulum baru, tender buku yang semestinya sudah mulai ikut terkena imbasnya.;;;0
Masak #Kurikulum yang disiapkan  tahun lalu di stop dalam  bulan tanpa ngobrol. #CintaJokowi;;;0
#Kurikulum itu konsepnya bagus banget mas, sayang SDM kita aja yg gak mampu ~ Soekamto, Ka SD Cipari , Cilacap;;;0
Akibat nasib bangsa hanya ditangan , orang...#kurikulum yg disiapkan  th lalu distop begitu saja tanpa diskusi dg komisi pendidikan;;;0
Karena pd akhirnya apapun yg diputus Menteri @aniesbaswedan terkait #kurikulum pasti tidak akan bisa menyenangkan semua;;;0
Ganti mentri ganti kurikulum, lo mentrinya pa Anis baswedan bukan ganti kurikuum tapi menghentikan kurikulum #Kurikulum;;;0
Seharusnya anda menggunkan hati nurani pak sebelum memutuskan untuk menetapakan #kurikulum;;;0
#Kurikulum dicabut? terus balik ke kurikulum  ? *mending dipaduin aja,;;;0
#kurikulum emang susah, soalnya  bulan lalu gua jg PPL ngajar disuatu sekolah SMP, sistem penilaiannya sangat membingungkan;;;0
Kronologi penerapan #Kurikulum = Masa dimana anak dijadikan kelinci percobaan tanpa ada evaluasi sebelumnya.;;;0
Reaksi yg nyusun #Kurikulum pas ketauan biaya persiapan kurikulum  adalah , Trilyun;;;0
Reaksi org di twitter terhadap org yg nyusun #Kurikulum #CabutK;;;0
Reaksi anak sekolah terhadap #Kurikulum  #CabutK;;;0
Mungkin memang #Kurikulum terlalu berat bagi Anies Baswedan jadi mendingan balik ke K ya salam dah;;;0
#Kurikulum memang susah sama halnya dengan Kurikulum Pendidikan Tinggi berbasis kompetensi » Gurunya harus cerdas menganalisa masalah;;;0
#Kurikulum, baru Kau datanng! Kini dia mulai menghapus mu lagi, Bye bye.. aku pasti kangen kamu;;;0
Yang aku bingungkan, kenapa yg udah jalanin #Kurikulum selana  smester harus tetap jalan!;;;0
Sekali lg, meskipun para guru dikirim utk mengikuti bimtek #Kurikulum yg saya lihat tak sepenuhnya paham. Mungkin dr pematerinya, ...;;;0
Tenaga pendidik kebanyakan kebingungan menerapkan #Kurikulum lantaran mrk tdk punya gambaran scr teknis di lapangan.;;;0
Kekacauan #Kurikulum itu tidak aneh, karena dr awal tujuannya dituliskan dg kalimat nirmakna.;;;0
tapi dana pendampingan ke  sekolah sekitar blm dibayar nih..#Kurikulum;;;0
Biaya penyusunan hingga sosialisasi sebelum penerapan pasti habiskan bnyk uang #Kurikulum ini.;;;0
Menghentikan itu gampang. Yg jadi pertanyaan, rugi berapa negara membuat #Kurikulum itu?;;;0
Masih termasuk seusia jagung tapi langsung bermasalah #Kurikulum #CabutK;;;0
coba kalo Fasilitas bagus,buku ada,materi ada,pelatihan guru bagus pasti kur itu bagus jadinya gak akan ancur lah ini? #kurikulum;;;0
kur itu masuk pagi pulang sore tugas numpuk nah itu yg menyiksanya dan materinya pun gak lengkap:( #Kurikulum;;;0
sebenernya setuju kalo kur di hapus tapi kasian anak kls  sma/smk yg udh ngikut ku jdi gimana? #Kurikulum;;;0
bakal bingung kalo kur di hapus kasian... yg udh kelas -_- udh kagok :'( #kurikulum;;;0
Perasaan belum sampe  bulan tuh gua dpet buku yg #Kurikulum dari pemerintah eh udah diberhentiin aja skrang kurikulumnya wkwk;;;0
mantan mentri sebelumnya kecewo@pandji: Baca ini. Penting tentang kenapa #Kurikulum emang ngaco. #CabutK ;;;0
Kalau masalah menghentikan anak SD juga bisa. @aniesbaswedan @KemendikbudRI #Kurikulum;;;0
stuju #Kurikulum dihapuskan, agar tdk trjadi keterpurukan anak penerus bangsa dgn sistem yg blm siap :);;;0
Pelaksanaan KurTilas menurut saya, blm efektif krn sdm yg kurang siap dibidangnya. #Kurikulum;;;0
#kurikulum cuma buat murid jadi biar 'mirip' gurunya, sebaliknya, murid g boleh salah & harus belajar sesuai 'durasi' lol;;;0
Stop kurikulum  :) #Kurikulum;;;0
#Kurikulum belum dirasa manfaatnya, tp sdh di hentikan oleh pemerintah. padahal uang rakyat sdh digelontorkan begitu banyak?;;;0
Kurikulum  dihentikan? Ah sekolah gua sama aja berangkat pagi balik sore #kurikulum;;;0
toleransi dalam berbagi jawaban; membiarkan pecontek.#Kurikulum;;;0
#Kurikulum Memberatkan anak SD kelas  , Mereka blm lancar bca tulis , sdangkan diskolah mereka sllu tertekan Dgn plajaran;;;0
Ente ngomong enak mengapa #Kurikulum distop.. padahal kan bla bla bla... Maksudnya bla bla bla.. mending anda rasakan dulu jadi kami;;;0
Wah Bp Anies Baswedan minta Kurikulum  dihentikan, para menteri langsung bergerak, semoga ga menggebu saat diawal aja #Kurikulum;;;0
Sebenernya salah satu efek buruk #Kurikulum yg gua rasain itu bertambah banyaknya jam pelajaran yg bkin gak adanya upacara disekolah;;;0
Moga gak ada kasus ky gini lagi nanti.... #Kurikulum;;;0
Udahlah udah, kalau dibatalkan yauda. RIBET loh ngisi rapot siswa, tiga halaman pak nuhh #Kurikulum;;;0
Serikat Guru Minta Kurikulum  Dihentikan Total #Kurikulum;;;0
Kalau usianya kurang lebih sudah  tahun dan tdk ada kemajuan atau positifnya sedikit sekali #kurikulum;;;0
Hapus #kurikulum -__- ga semua anak bisa aktif di kelas -__- apa kabar anak yang introvert;;;0
Jika diberhentikan, Kacau sekali jika kami kembali ke KTSP . Mengapa Pemerintah tidak memikirkan sisi Psikologis siswa? #Kurikulum;;;0
Sebelum belajar saja, siswa sudah merasa malas duluan karena melihat di hari ini ada pelajaran yg tdk mereka sukai #kurikulum;;;0
Setuju kalau #Kurikulum dihapus. Capek juga kalau siswa yang aktif tapi gurunya pasif;;;0
Kurikulum  baru berlaku kurang dari setahun, rekor baru sbg kurikulum tercepat yg dihapus..#Kurikulum;;;0
#Kurikulum Trlalu brbelit. gurunya kerja ini, muridnya kerja itu . Sdngkn diajar blum tentu murid mau bljr apalg klo disuru bljr sndiri;;;0
Kalo #kurikulum distop kapan kita mau majunya? disuapin mulu. Siswa disuruh mandiri juga pada males, gimana mau saingan sama org asing?;;;0
Sayang banget dihapus.. Kenapa gak ditingkatkan saja? kalau dihapus malah keteteran #kurikulum;;;0
#Kurikulum sumpah gue g ngerti dengan cra berfikirnya orang yg nyetusin K-, kog bisa bisanya materi pensidikan ad caranya PACARAN;;;0
Untuk berbagi waktu dengan latihan pun untuk saat ini sepertinya sangat sulit #kurikulum;;;0
pmerintah sih enak cmn bkin #Kurikulum kta yg plajar jdi depresi!! klau pmrintah yg d ksi tgs #Kurikulum blum tentu mreka mmpu!!;;;0
#kurikulum masih susah ngejalaninnya. tiba tiba udah mid semester . ngerasa kek ngga belajar -_-;;;0
Ketika murid harus menguasai semua mata pelajaran sedangkan guru hanya  :) #CURHAT #Kurikulum;;;0
Lagi ada yang nangkap suara makhluk halus tuh di tv, ini bagian dari #Kurikulum bukan ya?;;;0
Kalau guru yang lain butuh Pendampingan Implementasi Kurikulum , kalau adek mah cuma butuh Pendampingan Hidup bang.;;;0
M.Nuh meninggalkan warisan yang sangat di benci beberapa anak sekolah di Indonesia..#Kurikulum;;;0
Udah buyar otaku gk ada pandangan gara gara #kurikulum bisa bisa gila semua siswa yg pake #kurikulum ini;;;0
#Kurikulum senin-minggu sekolah terus:(( pulang sore terus :(( tugas numpuk:(( dikejaar ulangan:(( lelaaaaaaahhhhhh! :'(;;;0
PR selalu ada, Tugas selalu menumpuk -,- #Kurikulum;;;0
Berangkat pagi pulang sore. tugas gak berhenti :) #kurikulum;;;0
gamasuk sekolah sehari, tugasnya kaya gamasuk sekolah satu semester #kurikulum;;;0
#kurikulum Bukan dari Gurunya ya.. Tp dr kurikulumnya.. jadi motivasi ank utk lbih baik berkurang.;;;0
Keikutan #kurikulum ternyata enak, gak enak. Banyak gak enaknya, sih.;;;0
Tadi malem mimpi masuk sekolah lagi. Bangun ketakutan. #Kurikulum?;;;0
Makanya, biarkan guru bikin soal sendiri, rancang materi sendiri, biar pintar. Bukan disuapi kayak materi #K #Kurikulum.;;;0
#kurikulum kasihan sekolah yg di pinggiran,;;;0
Dalam penyediaan buku. semester  udh selesai, tapi sebagian bukunya masih juga blom selesai dicetak. Siswa belajar pake apa ?#Kurikulum;;;0
#kurikulum tuh ngebebanin siswa banget. Banyak tugas, dan banyak juga ngerluarin duit buat nyari tugas! Nah pelajar yg gak mampu gimana?;;;0
Kenapa #kurikulum dihapuskan ? padahal #kurikulum buat siswa lebih aktif;;;0
K membuat guru bertransformasi menjadi robot #Kurikulum;;;0
Kurikulum  eksperimen pendidikan paling konyol, habiskan uang rakyat milyaran, trilyun rupiah #Kurikulum;;;0
#Kurikulum emang harus dibubarin, ini kurikulum sesat -.-;;;0
Sudah sepantas nya kurikulum  dihapus, karna itu sungguh sangat menyiksa MURID!! #Kurikulum;;;0
yang salah dari #kurikulum, english dihilangkan, guru makan gaji buta, siswa makin mumet, penilaian terhadap siswa gak jelas;;;0
sing penting anak didik jgn dijadiin robot plagi kelinci percobaan. pagi sekolah sore - malam les! berat beut uripmu cah! #Kurikulum;;;0
Mending ekskul pramuka itu dihapus aja .. Percuma wajib tapi abal abal .. #kurikulum #savemahasiswa;;;0
Penilaian kurikulum  menyulitkan guru. Dhentikan saja #kurikulum;;;0
ya Allah maaf aku harus ngeluh lagi.. Tapi kurikulum  itu udah keterlaluan #kurikulum #k;;;0
Kami bukan robot, kami hanya manusia biasa. Tolong jangan suruh kita menulis terus, kami juga punya rasa capek!! #kurikulum;;;0
Sudah masanya UTS, tapi buku #Kurikulum blm nyampe juga :)) apa yg mau diujikan ya, belajarnya saja amburadul krn tak ada buku;;;0
Bukankah #Kapitalisme #Demokrasi dengan #Kurikulum yang menjadikan dirimu pelajar ambigu, kenapa untuk halqoh kau sulit waktu?;;;0
Guru Terlalu Kaku saat Mengajar Hambatan Penerapan K #kurikulum;;;0
memaksa kita berbuat curang, melatih kita berbuat egois, mendidik kita jadi koruptor, menghalalkan segala cara. #kurikulum;;;0
Inilah Cara PKI Utk Hancurkan Generasi Bangsa Jokowi Diminta Hentikan Kurikulum ;;;0
Sebenernya K itu buat apa? #Kurikulum Biar pinter, siswa jadi mandiri? GAK NGEFEK;;;0
#kurikulum bikin pusing -_-;;;0
Kalo ditimbang dan diangkat Beban tas gw msh lebih berat daripada beban hidup gw #kurikulum;;;0
Bayangkan saja, masa sih hari libur disibukkan dengan matrikulasi (les tambahan), mengganggu kami sebagai siswa #kurikulum;;;0
Ternyata Pelajaran peminatan lebih sulit daripada pelajaran wajib :v #Kurikulum;;;0
krna menurut kami #kurikulum sudah cukup baik, hanya saja yg kami temui byk pengajar yg belum siap atau masih terbisa dg kurikulum lama.;;;0
bahkan bnyk jg pengajar yang seharusnya menjadi contoh, tidak menjalankan tugasnya dan hanya bertujuan untuk mencari kekayaan #kurikulum;;;0
Semua sepakat bhw #kurikulum tak baik. Yg beda hanya tindak lanjutnya.;;;0
#Kurikulum ~ anak dr sabang hingga merauke belajar hal yg sama, dari buku yg sama buku telat, tp nggak boleh pakai yg lain.;;;0
kita bukan ROBOT yang bisa nyelesain ini itu sekaligus, robot aja bisa rusak kalo terlalu banyak bekerja.gimana manusia? #kurikulum;;;0
Lebih kasian sama siswa siswi #Kurikulum daripada BBM naik;;;0
Sesungguhnya #Kurikulum itu menyadarkan bahwa sekolah & guru hy menjadi penghambat bagi peserta didik #kotbah;;;0
Saya termasuk angakatan Perdana yg merasakan #kurikulum dan membuat saya merasa lelah berlama disekolah -_-;;;0
Sampai bulan November , kami belum menerima Buku Siswa Kurikulum  #kurikulum;;;0
Tiada hari tanpa tugas  #Kurikulum;;;0
mungkin karna #kurikulum yang aneh itu juga membuat para orang tua bingung bagaiman metode pembelajaran anaknya,;;;0
Saya nggak ngerti TIK yang terintegrasi dengan setiap mata pelajaran dan TIK sebagai mata pelajaran; #Kurikulum;;;0
#Kurikulum distop dan kembali ke #KTSP pd wkt yg sama training #Kurikulum msh terus berlanjut :D nyerap anggaran;;;0
yg kasihan itu anak angkatan pertama hasil uji coba #kurikulum;;;0
Kurang persiapan, para guru diprediksi akan asal-asalan mengisi rapor #Kurikulum di kota #Parapat;;;0
pergi gelap pulang gelap #kurikulum;;;0
Guru, murid, ortu, di #Kurikulum, semua menderita, karena merasa dieksploitasi, lebih parah lagi buat yang tidak mampu!;;;0
Paling juga nanti pengganti #Kurikulum cuma diganti judul dan isinya tetap sama;;;0
Mau pake #ktsp atau #kurikulum siswa masih banyak tuh yg nyontek :v kemampuan individu ga keliatan kalo tugasnya kelompok mulu;;;0
#Kurikulum Dihapuskan-_- Padahal bagus pakai kurikulum  Tapi kenapa banyak orang kesal atau gimana gitu dengan kurikulum? #WHY;;;0
Kenangan Kurikulum  (kurtilas/ kurikulum tidak jelas) #kurikulum;;;0
Entah apa yang trjadi dgn #kurikulum;;;0
Siswa di ajak mandiri mempelajari pelajaran.. Tetep aja gak ngerti. Siswa itu perlu penjelasan dari guru #kurikulum;;;0
Setiap pergantian kekuasaan, siswa sekolah dasar yang menjadi korban kelinci percobaan..#kurikulum;;;0
Semakin para pejabat terutama yg skr sdg duduk di pemerintahan berkomentar ttg pro-kontra #Kurikulum semakin membingungkan rakyat.;;;0
#Kurikulum: terhitung sudah  kali perubahan kurikulum sejak indonesia merdeka.;;;0
bukunya aja sampai sekarang belum terdistribusi scr merata terutama yg utk SD. #kurikulum;;;0
#Kurikulum kalo bisa yg udah terlanjur  semester ngejalanin kurikulum ini juga di cabut pak, kami masih sering mengalami kesulitan.;;;0
#kurikulum ,belum semua guru menguasai ,karna saat kita bertanya. .malah kita gax maksud apa yang di jelaskan guru tersebut;;;0
Pemenang Tender Lalai, Ratusan Sekolah Tak Menerima Buku K- #Kurikulum;;;0
#kurikulum sama sekali masih pusing bikin perangkat pembelajarannya;;;0
Nilai rapot siswa sekarang tdak hanya tergantung pda kemampuan siswa tapi jga kemampuan guru wali dlam menggunakan excel :'v #kurikulum;;;0
Kurtilas Kurang Laku #Pendidikan #Kurikulum;;;0
#Kurikulum DISTOP (?) Hanya di Indonesia, ganti menteri ganti kurikulum. Sak karepmu !;;;0
Ada pepatah Guru dibayar murah untuk mendidik moral anak bangsa. Sedangkan Artis dibayar mahal untuk MERUSAK anak bangsa! #kurikulum;;;0
Percuma mendidik menjadi pintar kalau sikapnya malah 'bergajulan', mungkin ini yg dituju #kurikulum @aniesbaswedan @Mohammad_Nuh_;;;0
Anies Baswedan Serampangan Hapus #Kurikulum;;;0
Dari kemarin tidurnya malem terus gara gara ngerjain banyak tugas *huft* I'm tired :'( #kurikulum;;;0
Pulang sekolah jam , terus dilanjutin lgi sekolah sore. Terus maghrib nya ke mesjid, jam  ngerjain pr. jam  baru selesai. #kurikulum;;;0
power point, presentasi, pramuka, mandiri, jm ditambah dan apapun dikerjain sendiri .. mahamin materi sendiri .. saya capek! #kurikulum;;;0
Pak guru kami bukan robot yang di kasih apa aja langsung ngerti,kami butuh penjelasan terlebih dahulu pak pfff #kurikulum;;;0
Capek, stres, jenuh, bosen, kurang tidur, suka bicara sendiri => efek #kurikulum;;;0
Efek #Kurikulum yang dulunya buku MTK  sekarang menjadi ;;;0
Ngerjain soal berkelompok kok kena marah? Padahal kan #Kurikulum mengajarkan untuk berkelompok;;;0
Siswa dituntut belajar, ngerjain tugas yg gada abisnya, presentasi, dll.. sampai kesenangan masa muda itu gak didapat. #Kurikulum;;;0
Setujuu!!! Kami MANUSIA bukan ROBOT #kurikulum;;;0
Kami juga punya rasa LELAH sth belajar.... SEHARIAN #kurikulum;;;0
Kami bukan robot bu, pak! Yang bisa kerja jam tanpa henti! #Kurikulum -,-;;;0
Berangkat pagi, pulang sore, mikir sendiri, nyari soal sendiri, ngisi sendiri & jelasin sendiri #Kurikulum;;;0
biarkn mrk merasakn bahwa beban terberat dlm hidupnya adl PR Matematik. nikmati masa sekolahmu nak! tp tambah umr bda tntangn #Kurikulum;;;0
buang-buang waktu dan dana aja #kurikulum;;;0
Selalu begitu, ajukan, diputuskan dan di stop katanya demi kebaikan. Padahal dana sudah bergulir, hilang begitu aja #Kurikulum;;;0
Mending udahan aja dari pada dijalanin ga enak. Loh ini apa? -___- #Kurikulum;;;0
Bingung liat adek awak, ambil rapor setelah liburan sekolah hadeeh, klau katanya siih #kurikulum kak !!;;;0
Gak hanya presidennya yg mencla mencle..Pendidikanpun dibikin spt itu juga! #SavePendidikan #Kurikulum #Kurikulum;;;0
#kurikulum saat kerja kelompok yg males makin males yg rajin mkin rajin;;;0
Tidak hanya guru, anak didik pun menjadi #Korban #kurikulum;;;0
mjd hmbtn krn bnyk siswa& guru yg blm #siapbelajar dlm #kurikulum ,inilah ujian&tantangan bg profesionalisme seorg #guru;;;0
@yunsaragih akhirnya malah dia curhat klo dia kasihan melihat anak kesulitan belajar dg menggunakan #Kurikulum -- #EhKok!;;;0
Nilai tertinggi kok cuma , :O bodohnya diriku :-/ #korban #Kurikulum;;;0
Aku lelah dengan #Kurikulum otak ku butuh meski istirahat sejenak saja,;;;0
@MetroTV #kurikulum kacau di implementasi, kurang persiapan & carut marut sosialisasi, siapa org bodoh d balik ini pak @aniesbaswedan ?;;;0
Smoga tdk ada lg pasien sya yg stress, psikosomatis, kejang, pingsan hingga depresi krna #kurikulum;;;0
Bu, itu nulis deskripsi sikap atau curhat? panjang banget. #kurtilas #K #kurikulum;;;0
kasian tuh yang udah nyetak buku pelajaran banyak-banyak, eh katanya mau diganti lagi kurikulumnya #Kurikulum;;;0
Demikianlah #Kurikulum aka #K Buku Penjaskes Cermin Pemerintah Tidak Serius Membenahi Pendidikan Nasional;;;0
Ngajarnya gak lelah tapi lelah sama adminitrasi nyaa #Kurikulum;;;0
Silahkan ganti presiden, pak ustaz. Siapapun presidennya, kl kurikulum sekacau #Kurikulum, saya lawan.;;;0
Makin ke sini generasi menunduk semakin dikit. Mereka berubah jadi generasi bermimpi. #kurikulum;;;0
Butuh #kurikulum.... untuk ditiadakan. Ffs.;;;0
Hayolohhhh #kurikulum di stop Kemendikbud era SBY kecewa wkwkwk;;;0
@Kemdikbud_RI #Kurikulum bikin kurikulum JANGAN asal nama tercantum. Pikir apa tdk kasih beban berlebihan? Rasakan bawa buku belasan kg;;;0
Malah bikin kacau kurikulum ...orng tua murid di bikin Pusing....!;;;0
Entah Bagaimana Nasib Kurikulum : Arah kebijakan pendidikan nasional hingga saat ini dinilai semakin kabur;;;0
Bahkan sekarang tidur aja mimpinya tugas => efek #kurikulum;;;0
Baca buku anak SD yang #kurikulum dikemasnya emang sih supaya terlihat lebih fun, tp kalau aku yg jd anak SDnya pasti bakalan pusing.;;;0
Memilukan -__- @rista: Mungkin buat yg tinggal dikota ga masalah. Tapi buat yang didesa dan pelosok? #Kurikulum;;;0
Menyebalkan itu masuk pagi pulang sore sampe rumah maghrib belom istirahat, pr yang menumpuk sudah menunggu #curhatanCogan #Kurikulum;;;0
belom ngerasain ngeselinnya #kurikulum jadi bisanya cuman ngomong doang.;;;0
Capek! Bosen! Letih! Inguh! Sakit! Malas! Stres! Pusing! Nek! BadMood! #kurikulum;;;0
Mungkin ini jadinya nasib kurikulum ? #Kurikulum;;;0
Kalau kalian naik angkutan umum dan kebetulan bareng guru-guru, pasti lagi rame pada ngedumel #Kurikulum ini.;;;0
Nih bkin kurikulum  kapan selesainya sik. Pusing;;;0
Kurikulum , Kau Buatku Lelah;;;0
Makasih atas tambahan jamnya #kurikulum :@ Stress stress ya;;;0
Respon ortu setelah menerima rapot edisi #Kurikulum: Bu, aku pusing bacanya.;;;0
#Kurikulum sakitnya tu disini-_- belajar sendiri,cari buku sendiri,yg pinter makin pinter yg bodoh makin bodoh;;;0
Dan seharusnya #kurikulum utk guru di Sd diberi pelatihan terlebih dahulu. Jgn lgsng diterapin. Siswa dan guru kebingungan.;;;0
Kami kaya kelinci percobaan aja -- #kurikulum;;;0
Pusing matematika peminatan : #Kurikulum;;;0
Saya ingat apa kata Trainer #Kurikulum saat pelatihan dulu, kalau terasa membebani, berarti gurunya salah menerapkan di pembelajarannya;;;0
Di bikin nangis sama penilaian kurtilas;;;0
