minimal sudah aku kabari juga belum bikin rilis soal kebocoran data ini ya;;;-1
iya karena itu memang fitur untuk penjual yang memiliki toko fisik biar bisa mencantumkan kontak dan alamat secara bebas soal dugaan kebocoran data tokopedia itu data publik penjual via;;;0
diduga bocor data juta pelanggan tokopedia dijual online;;;0
kemungkinan telah terjadi kebocoran data pengguna cc;;;0
tokopedia tidak ada kebocoran data pengguna data yang tersebat adalah data umum;;;1
bagaimana bisa perusahaan sebesar tokopedia datanya bisa bocor gw jadi ragu belanja di tokped;;;-1
kepada dan ada nggak pasal pidana di uu ite mengenai masalah kebocoran data konsumen ini;;;-1
diduga bocor data juta pelanggan dijual online vivajika demikian konsekuensi hukum dan inscure bagi konsumen cc;;;0
blm tentu itu kebocoran data bisa aja seller toko di tokped yg jual setiap transaksi ditokped penjual toko mendapat informasi pembeli seperti alamat no telp utk pengiriman barang bisa aja ada seller yg mengumpulkan data ini dan dijual bukan brarti system tokped kebobolan;;;-1
kemungkinan ada seller yg nakal jual data setiap transksi kan seller dpt info nama alamat dan no telp jadi blm tentu kebocoran data;;;0
sy harus mengambil inisiatif ini demi keamanan data pribadi saya agar tidak d salh gunakan oknum yg tdk brtanggung jawab sungguh sy sangat menyayang kan ketelediran pihak shingga kebocoran data pelanggannya;;;-1
min cara hapus akun tokped gimana ya sy mau hapus ngeri berita tokped kebocoran data kemarin;;;-1
mohon diinfokan kesamaan datanya karena saya hanya punya akun jika ada akun yg sama dgn data data yg sama bisa dipastikan bahwa akun saya di hack org tidak bertanggungjawab saya akan laporkan ke jika memang ada kebocoran data;;;-1
jika mengklaim bahwa ada kesamaan data dalam transaksi yg lain saya kebingungan karena hanya punya akun saya sudah berikan no tlp agar dikontak oleh karena nyatanya penjelasan saya lewat tweet diabaikan saya hanya ingin kejelasannya perihal ini;;;-1
saya curiga ada akun lain di yg pakai data data saya jadi ini perlu diinvestigasi kerahasiaan data pelanggan mutlak wajib dijaga jika ada kebocoran harus dilaporkan ke utk ditindaklanjuti mohon kontak saya langsung utk menjelaskannya;;;-1
akun ovo saya dipake transaksi di tokopedia oleh akun toped orang lain dan ngga lama transaksi di toped direfund tapi baliknya ke akun ovo orang lain ada kebocoran data;;;-1
dear tokopedia bagaimana status laporan saya atas kebocoran data cradit card saya saya tidak ada belanja di tgl april tapi kenapa ada transaksi tsb di cradit card saya tokopedia tidak bisa menjaga kerahasiaan data customer data cc saya bisa bocor;;;-1
actor leaked the database of tokopedia a large indonesian technology company specializing in e commerce hack occurred in march and affects users though the hacker said there are many more database contains emails password hashes names;;;0
it appears that millions of tokopedias user data had been stolen in march including user names full names birth dates emails passwords and more the hacker claimed that they have much more than million accounts from the breach;;;0
juta data pengguna tokopedia bocor tokopedia dirundung kabar tak sedap belas;;;0
ada berita tokopedia kebocoran data buru2 tarik saldo;;;-1
menurutku poin yang paling penting yang bisa diambil dari data leak ini adalah nama lengkap email nomor telepon bocor data data itu sangat sensitif nomor telepon bisa dipake buat bajak otp sms tgl lahir bisa buat nembus pertanyaan keamanan;;;0
terkuak juta data pengguna tokopediabocor;;;0
juta data pengguna tokopedia dituding bocor;;;0
tokopedia dikabarkan mengalami masalah keamanan yang mengakibatkan data dari juta pengguna mereka bocor;;;0
belasan juta akun tokopedia bocor di dunia maya bagaimana bisa;;;-1
segera ganti passwordnya untuk ini bener ga;;;-1
geger dugaan bocor juta data pribadi pengguna tokopedia;;;0
guys ngingetin aja lagi ada kasus hacker yg bisa menjangkau password dan keamanan data pribadi kalian diubah malem ini ya kalo bisa seluruh password kalian;;;0
untung ga pake tokped;;;-1
udah valid bang soal ini;;;0
wah tumben tumbenan;;;-1
serius serem iih;;;-1
punya akun tokped terus ngga pernah belanja di tokped aman ngga ya;;;-1
valid bang soalnya saya nabung reksadana di tokopedia takut jebol nih;;;-1
security sekelas tokped dong bisa ke bobolan;;;-1
serius bang;;;0
sebenernya yang harus di ganti password akun toped atau semua jenis password akun2 lain sih bang bank reksadana sosmed dllnya;;;0
sebanyak juta data pengguna tokopedia ditengarai bocor perusahaan e commerce besutan william tanuwijaya ini angkat bicara mengenai hal tersebut;;;0
well sebenernya yg harus kalian khawatirkan bukan password nya kalian inget ada alamat lengkap kalian nomor hp alamat email rekening kalian itu sih yg harus kalian khawatirkan takut ada yg jebol selagi nunggu konfirmasi dari tokped mendingan antisipasi dari sekarang;;;-1
ku jadi takut yg tadi kamu kirim;;;-1
kalo udh di disconnect msh bisa di hack ga ya ak login pake gmailll;;;-1
sudah lama tidak pake tokpedd sudah uninst apakah masih aman;;;-1
here s what you can do ubah password tokped lo sekarang enable fa ubah password email lo sekarang ubah password sosmed yg lo pake gue saranin untuk logout all sessions dan login ulang sekarang jaga2 aja better safe than sorry kan;;;-1
better safe than sorry sih emang thank you infonya bang jadinya bisa narik akun jenius dulu sambil nunggu statement dari tokpednya;;;-1
udah lupa pw tokped sendiri udah diunistall malahan aman kah;;;-1
anjirr;;;-1
ah gila merinding aku conectin rek ke tokped karna aku ngelapak disana kira2 aman ga ya aku si lg gaada aplikasinya udh lama ga digunain jg semenjak ganti hp;;;0
untungnya ga main tokopedia;;;-1
gaes urgent segera ganti password akun tokopedia kalian yaa tokopedia kena kebocoran data;;;-1
juta data pribadi pengguna bocor begini jawaban tokopedia;;;0
untung makenya shopee;;;-1
apa kabar yg nyimpen data cc di tokped aman kah;;;-1
udh gk bisa ganti pasword malah lgsg ke luar sndr;;;0
yg bilang dah uninstall tokped terus nanya masih aman apa ga jawabannya gak karena ini datanya langsung ngambil dari server tokpednya saran gw sih ganti pass aja akunnya;;;-1
yang ada reksadana gimana ya tarik aja apa gkusah soalnya kan lagi weekend juga;;;0
bener gak nih bang;;;-1
kalau yang gatau cara two factor authentication nya tokped1 log in dari browser hp kalian trus paste ini di url addressnya pastikan no hp kalian yang terdaftar di tokped aktif yah lanjut;;;0
tokopedia diduga diretas juta data pengguna bocor;;;0
download google authenticator masukin email tokped kalian masukin angka yang ada di halaman tokped4 buka lagi browser yang ada halaman tokpednya masukin angka yang dikasih sama google authenticator ke halaman tokped5 two factor authenticator kalian sukses deh;;;0
berlaku untuk yang mitra tokopedia juga gak;;;0
bentar dah td gue lihat email gue domainnya di akun tokped bukan gmail itu emang dr sana apa gimana ya;;;-1
berhubung gue jarang bgt pake tokped td gue cek sih jd helma at dumoac dot net gitu data gue kena ga si;;;-1
smaa nih panik gimana ya;;;-1
sereeeem ya allah untung w pakenya syopi;;;-1
masa mesti nunggu sampe hari kerja lagi;;;-1
juta data pengguna tokopedia diinformasikan bocor ini daftar email password sebagian korban;;;0
gk cuman gnti password sih kan email ada verifikasi langkah tuh nah itu juga diaktifin;;;-1
data pengguna tokopedia bocor sementara itu semua orang disarankan ganti password hello everybody seperti ini gak sekadar ganti password terus urusan selesai coba tengok foto ke 2 di tweet yg saya rt data pribadi dijembreng di file txt jangan2 itu data pribadimu;;;-1
holy sh;;;-1
unsalted password hashes apa bener ini tokopedia gak pake salt buat passwordnya;;;-1
ihhh serem;;;-1
walaupun gak pernah belanja di tokped tapi data diri mbak yg ada di dalem akun nya tetep tersimpan di database nya tokped dan itu yg jadi sasaran;;;-1
barusan dapet info dari beberapa orang yang punya koneksi ke bidang infosec katanya passwordnya ter salt tapi datanya valid kalo dari pembicaraannya sepertinya breachernya dapet semua datanya kecuali saltnya ya semoga beneran begitu dan semoga toped klarifikasi segera;;;-1
konsekuensinya kalo ter salt setidaknya password kita cukup aman karena lebih sulit untuk dijebol menggunakan rainbow table sekarang berarti tinggal bersiap diri kebocoran data pribadi massalnya yang akan melegenda deh;;;-1
oalah pantesan dr kemarin dapet sms verifikasi trs padahal blm download tokped lagi huh;;;-1
ngeri ah;;;-1
punya ga ndang diubah;;;0
klow selama ini gk pake kata sandi gmana ya;;;0
ya allah baru bikin akun tokped padahal;;;-1
gue barusan ganti password tapi abis ganti password tokped kayak down gitu;;;-1
gua oubya apk tokped tapi gua gak pernah login tapi ini tiba2 udah login nama gua nomor gua tp ini jual barang paham gak maksud gua email nya bukan email gua dan alamatnya jg kediri to bukan rumah gua yg dulu;;;-1
syukur gua setia ama shopee dan bukalapak ga pernh blnja di akun hijau nih hehe;;;-1
udah gw ganti password apakah udah aman;;;-1
cara mau hapus akun gimanaa;;;-1
gw lebih ngeri personal data nya damn;;;-1
walopun gk punya cc kalo yg punya toko kyknya cukup bermasalah rawan dicuri saldonya;;;-1
done kalo ovo ganti password juga gak mas;;;-1
ada ada saja;;;-1
takutnya ya sekelas tokped aja bisa sampe jt gimana shopee takutnya merambaah;;;-1
login pake nomer tp pas ganti password udah sukses keluar dari apps pas masuk lagi malah bikin akun baru gimana itu ak ga paham;;;-1
wow salut yg bisa retas database hash24 tokped ti ati;;;-1
yg punya reksadana bahaya dong;;;-1
mana di sana bisa invest emas datanya gimana tuh aman gak ya;;;-1
biarin aja mendingan;;;-1
ganti semua password usahain passwordnya pake huruf angka besar kecil spesial karakter;;;-1
bener juga sih om kebocoran data pribadi paling penting karna bakal kena di smua aspek ke depannya;;;-1
juta data pengguna tokopedia diinformasikan bocor ini daftar email password sebagian korban untuk menghentikan keresahan rakyat utama nya pengguna harus di audit oleh timgab tapi platform ini pendukung penguasa kalok gak salah;;;0
tokopedia leaked the database thread semua bermula dari twit ini ane dan temen ane lgsung cari2 kejelasan infonya dan cek ke forumnya langsung dan ternyata sang actor menjual file yg berisikan database yg leaked 15jt data itu seharga eur;;;-1
tokped ada si cuma gapernah di pake;;;0
kalau masih bingung seberapa besar impact tokopedia hack terhadap keamanan cyber di indonesia pengguna internet di indonesia juta database tokopedia juta database kalian sudah bocor kalau dibandingkan dengan seluruh penduduk indonesia berarti sekitar;;;-1
ati ati tokopedia kok kata kawan ada kebocoran data;;;-1
itu kalau bener data tokped bocor ada email dan password sebaiknya ganti password email yg terdaftar di tokopedia sekarang karena yg pertama dicoba itu siapa tahu password email dan password tokped sama sering kali sama email kena semua bisa kena hehe;;;-1
masih salt bro datanya belom ke decrypt;;;-1
ini gimana nih;;;-1
tips yg aku lakuin mulai tahun ga pernah lagi pake password yg readable atau yg gampang diinget kebanyakan pakenya password manager chrome by google hanya inget password akun google ajabtw check juga di email gua termasuk list di c;;;-1
yg bocor data pribadi karena nama alamat email nmr hp semua berupa plaintext untuk password terenkripsi hash function bisa dibilang akun masih aman tetapi data pengguna yg bocor bisa dijadikan sbg target scam phising;;;-1
untung gaada rekening apa fufu 3;;;-1
bagi yg merasa was karena kasus tokopedia bocor ini coba check tweet dah share tips yg aku pake mulai thn;;;-1
halo tolong konfirmasi terkait kebocoran data apakah itu benar kalau iya bagaimana cara menghapus rekening dll bila perlu menghapus akun terima kasih regards adhi kusnadi;;;-1
serius mau nanya dah kalo udah ganti pin sama password akun kita terus udah login ulang lagi buat belanja aman aman aja gak sih apa mending jangan ada transaksi apa apa dulu yak;;;-1
jangan ada transaksi dulu deh kyknya walaupun udh ganti password;;;-1
kak pass topked sy sudah diubah dr maret yg lalu tapi gak lama ganti pass saya uninstall krn gk pernah dipake buat transaki belanja online itu gmn kak;;;-1
kebetulan gw punya beberapa layer untuk password marketplace forum dsj2 social media3 banking dan payment account tipe akun diatas 3nya beda passwordnya kalopun leaked palingan yang bocor password forum dan marketplace gw;;;-1
lebih baik akun ovo nya disconnect dulu dari akun tokped;;;-1
iya nih kita harus ganti password tapi coba deh di cek ini dulu;;;-1
kalo kaya gua gmn dong dwnld tokped gapernah beli;;;-1
maaf nanya ini akun tokped ku cmn pake nomer hp aja gk terhubung sama email gmn ya kalo gitu ttp aman kah atau harus dihapus aja;;;-1
info dong bang kalo lupa password akun tokped tapi konek ke ovo dkk sama password email tokped udah diganti aman kah;;;-1
halo apakah berita kebocoran data itu benar saya sbg pengguna tokped agak was was;;;-1
kalo lgsg diapus aplikasinya gimana bang;;;-1
percuma mau kalian mau fa dan ganti pw ibarat nya kalian udah kemalingan baru gembok pintu rumah dan sistem proteksi akun tsb cuma digunakan untuk login dengan normal kalau seperti ini beda kasus nya mereka dapet langsung dari database tokopedia nya sendiri;;;-1
ayo beli lagi tuh data yg udh bocor jgn cm ambil untung aja itupun kalaudatnya belum dibeli org lain;;;-1
bisa tembus ke data base aliggg;;;-1
km ada akun tokped ga coba ni takutnya punya;;;-1
bisa jadi karena kebocoran data di beberapa platform;;;-1
kemaren juga saya bermaslah di toped;;;-1
akun tokopedia bocor bahaya scam dan phising mengancam;;;-1
buat yg pake tokopedia ada kabar buruk nih kurang lebih juta database di tokopedia bocor dan datanya di sebar di forum online bahkan malah di jual;;;-1
data jutaan akun tokopedia dilaporkan bocor supaya aman anda bisa ganti password aktifkan verifikasi dua langkah dan hapus alat pembayaran;;;-1
data juta pengguna tokopedia dikabarkan bocor;;;0
sebagai toko online terpercaya di indonesia harusnya bisa meminimalisir kebocoran data pengguna internet juta bukan angka yang sedikit;;;-1
gw pake fa two factor auth jd gak terlalu khawatir password tiap akun lain beda2 itu jika tokopedia terbukti atas kesalahannya sudah pasti melanggar hukum ite atas kelalaian kebocoran data denda;;;-1
saya mau hapus akun bank saya kenapa tdk bisa ya gara2x baca kebocoran data di kompas hadeuh ngeri dah;;;-1
juta data pengguna tokopedia dikabarkan bocor beberapa jam yang lalu salah satu marketplace terbesar di indonesia yakni tokopedia kabarnya mengalami masalah kebocoran data terhadap juta akun pengguna dan dijual di sebuah forum bersumber dari;;;0
isu kebocoran data pengguna tokopedia memunculkan pertanyaan terkait keamanan kartu kredit dan ovo di dalamnya apa kata ahli keamanan siber;;;0
juta data pengguna tokopedia bocor dan terjadi lagi dan sampai sekarang gak ada kepastian uu perlindungan data terutama yang bisa menghukum perusahaan yang lalai melindungi data konsumen;;;-1
beneran ini mas;;;-1
baru bikin akun tokped padahal assssyem;;;-1
lagi diinvestigasi nih tapi yg pasti sih gak ada kebocoran password yak mulai skrg rutin ganti password deh buat mencegah;;;-1
untuk apa diubah kan data sudah ditangan mereka;;;-1
lakukan pengecekan data breach untuk memastikan apakah akun email anda terdampak pada kebocoran data di tokopedia silahkan di cek di situs;;;0
belasan juta data pengguna tokopedia diduga bocor apa yang harus dilakukan untuk memproteksi akun di e commerce;;;0
tadi abis hapus apl tokped dan sekarang baru tahu info ini gimana dong aman gak yaa;;;-1
informasi mengenai tokopedia yang kebobolan total data yang bocor adalah juta data pengguna bukan cuma juta saat ini dijual bebas di empire market dengan harga 5 000 atau sekitar juta rupiah;;;0
kerugian apa sj dr pengguna apps tokped dg pembobolan ini mas;;;-1
asli email gw ke log data nyaa bang hahaha;;;-1
ada sebuah situs yang bisa dikunjungi untuk mengetahui apakah e mail yang digunakan di akun tokopedia terdampak kebocoran data atau tidak;;;0
tokopedia jawab soal kebocoran juta data pengguna anda boleh bilang data pengguna aman tapi kalau beneran tsrjadi kebocoran terus gimana bung;;;-1
juta data user tokopedia bocor apa yang harus kita lakukan di media sosial sedang ramai data pengguna tokopedia bocor dan di perjual belikan di dark web kenapa bisa bocor dan bagaimana cara mengamankan akun kita mari kita bahas sedikit;;;-1
update 91 juta data yg dijual di forum deep web sudah ada yg membelinya;;;-1
dear you data pengguna tokopedia bocor cek apakah akun anda terdampak;;;0
astagfirullah anakku kalo beli apa2 di sana;;;-1
ka pen nanya nih apk tokopedia nya udah dri lama ku hapus karna jarang brlanja disitu nah klo kek gini msih bisa nga si dihack;;;-1
serem bgt bwanfg;;;-1
sudah dikonfirmasi data yg dipastikan bocor nama lengkap email nomor hp jenis kelamin tanggal lahir update password email yg kamu gunakan dan tambahkan verifikasi langkah beberapa hari atau bulan ke depan email kamu akan menerima banyak spam termasuk phising;;;-1
data kamu diperjualbelikan akan menerima banyak email spam di kemudian hari termasuk phising untuk mencuri informasi akun lainnya dan juga kartu kredit tidak menutup kemungkinan akan digunakan untuk penipuan lainnya karena nomor hp juga termasuk ke dalam data yang bocor;;;-1
langsung apus wkwk;;;-1
klo semisal pke no lama buat daftar ke tokopedia dan no nya udh g aktif lgi gimana ya maaf numpang nanya;;;-1
apa masih ke data ya alamatnya;;;0
lah kalo punyaku belum ku update apa gapapa astagfirullah aku bingung;;;-1
akun toped ku pernah dibobol orang dan kebetulan ditoped ku itu nyambung sama ovo dan akun aku dibuat langganan tagihan nya dia mulai dari pulsa listrik air dan otomatis saldo ovo ku yg terpotong tanpa harus masukin pin ovo nya dan baru ketahuan pas udah kepotong saldo aku;;;-1
ntar yg tanggung jawab bro kan ada di terms and condition wkwkwk;;;-1
contoh isi database pengguna tokopedia dari si hacker ngeri blm lagi nomor rekening alamat rumah dll;;;-1
iyaa udah telat sih sekarang sebenernya karena data kita ada di situ juga;;;-1
data pribadi pengguna e commerce tokopedia dituding bocor dan ditawarkan di forum online bagaimana keamanan penggunaan tokopedia saat ini;;;0
metode pembayaran kan banyak dr bank kalo ditabrakin data nama ttl dpt juga dong informasi nomor rekening sm kartu cc;;;-1
pakar juta data bocor tokopedia jamin tak ada kebocoran data;;;0
kominfo telah menyurati tokopedia terkait kebocoran data pengguna;;;0
pakar sebut juta data pengguna bocor tokopedia tidak ada kebocoran;;;0
begini cara cek apakah akun tokopedia milikmu terkena dampak kebocoran data pengguna atau tidak;;;0
banyak sekali hal yang sudah lakukan buat saya banyak barang yang saya miliki saya beli tentunya dari tokped dan saya yakin ada banyak juga penjual kurir karyawan yang menggantungkan hidupnya dari aplikasi ini;;;1
enggak ada salahnya mengucapkan terima kasih dan apresiasi untuk isu kebocoran data ini ya jangan panik namun tetap waspada big thanks for your service panjang umur;;;1
untuk cek data kamu yang di tokopedia kena dampak apa engga bisa ke dan masukkan email yang kamu gunakan tapi sampai saat ini mereka cuma punya data yang juta untuk data yang juta dipastikan semua pengguna tokopedia datanya bocor;;;0
tokopedia memastikan tidak ada kebocoran data pembayaran dalam upaya pencurian data penggunanya baru baru ini;;;0
juta data pengguna dan lebih dari tujuh juta data merchant tokopedia dilaporkan dijual di situs gelap dark web informasi ini didapat dari akun twitter yg familiar dengan isu peretasan dan juga pertama kali menginformasikan kebocoran data pengguna tokopedia;;;0
wahhh benarkah ini data pengguna merchant tsb dijual dengan harga usd rp juta kurs rp di situs gelap informasi ini didapat dr akun yg familiar dg isu peretasan jg pertama x menginformasikan kebocoran data pengguna tokped;;;0
kok malah kena yg bukalapak;;;-1
data juta pengguna tokopedia telah di hack dan dijual ke dark web kominfo telah menyurati tokopedia terkait kebocoran data ini;;;0
trus gw harus gimanadong ini;;;-1
ngeri;;;-1
datanya udah dioplos itu mah;;;-1
diriku harus apa;;;-1
dapat email cinta dari yg jadi andalan kalau mau belanja ol dari awal saya merasa aman karena ada otp login ada kode sms cuma bagaimana dg data lain nomor hp alamat tgl lahir yg link ke email apakah bocor kl iya bs dipake buat kejahatan lain spt scam;;;-1
sehubungan dengan adanya berita kebocoran data pengguna tokopedia saya kesulitan mengakses akun saya apakah itu berarti akun saya sudah bocor;;;-1
saya khawatir bukan karena orang akan login tetapi data lain spt no hp email alamat gender dll bisa dipakai buat kejahatan lain;;;-1
kalau ini kekhawatiran mas fahmi mas fahmi bisa cek langsung ke tokopedia apa saya yang sudah di berikan mengenai data pribadi dan data base apa aja yang udah bocor biasanya data user pun di bagi beberapa database untuk keamanan dari kebocoran kedua untuk kemudahan relasi;;;0
pemerintah melalui kementerian kominfo akan memanggil tokopedia terkait kasus dugaan kebocoran juta data pengguna di situs gelap kapan;;;0
kemaren zoom sekarang tokped gaada harga dirinya data diriku;;;-1
sebanyak juta data pengguna tokopedia bocor menjelang promo ramadhan bertajuk bagi bagi semangat ramadhan;;;0
jt informasi org indo hanya worth k sad but not surprised;;;-1
udah ada yg beli tuh orang;;;-1
untung gw daftar pake tempmail;;;-1
semangat buat teman customer service saya tahu masifnya pemberitaan isu mengenai kebocoran data skrg ini tentu membuat kalian bekerja ekstra;;;1
sbg pengguna layanan anda silakan beri penjelasan terkait kebocoran data pelanggan;;;0
gw ada akun cuk;;;-1
belasan juta data pengguna tokopedia diduga bocor di dunia maya baru baru ini;;;0
mana ngejualnya murah bgt astaga harga per bijinya sen pun ngga nyampek;;;-1
tokopedia mengklaim informasi password milik pengguna tetap aman dan terlindungi dengan sekuriti berlapis namun tidak ada salahnya untuk mengecek apakah e mail anda ikut terdampak;;;0
terkait kebocoran data akun juta penggunanya e commerce tokopedia menyampaikan bahwa data penting yang berhubungan dengan pembayaran dipastikan tetap aman;;;0
byk org indonesia mikir selama akun tokopedia saya tdk dihack saldo tdk berkurang maka saya aman kebocoran data privasi malah efeknya bisa lebih parah daripada sekadar akun yg diretas;;;-1
saya ingin akun saya di hapus dulu dalam database tokopedia mengingat kebocoran data yang dialami mohon akun toped diputuskan dengan ovo mohon ditindak lanjuti;;;-1
waduuu gimanani;;;-1
cuk;;;-1
kalau login tokpednya pake nomor tlpn dan ga pake sandi apa dong solusinya bingung ini mau ganti password tapi g pernah pake mau di reset harus nyantumin email karena sebelumnya g ada email di akun itu;;;-1
beware;;;-1
bangsat;;;-1
cok kena pula;;;-1
bagaimana cara bertanggungjawab untuk kebocoran data pelanggan seperti diberitakan;;;-1
saat ini apakah ada gangguan di kok aplikasi tdk bisa dibuka saya was2 terkait dgn adanya isu kebocoran data pengguna cc;;;-1
weeee;;;-1
adaada aja dah;;;-1
kalo uda bocor terus kita harus gimana;;;-1
setelah juta data penggunanya dikabarkan bocor tokopedia menjadi ramai dibicarakan warganet dan menjaditrending topicdi twitter pada minggu siang;;;0
baru baca ini langsung dapet email dari tokped;;;0
padahal dr semua aplikasi olshop di indo yg lagi leading tokped sangat2 di sayangkannn;;;-1
punyaku terbobol x ternyata;;;-1
saya muncul nya gini mas;;;0
ylki juga meminta pemerintah untuk turun tangan dalam kasus peretasan sistem it di tokopedia guna memberikan perlindungan dan rasa aman konsumen ujar ketua pengurus harian ylki tulus abadi;;;0
kalo loginnya gak pake email tapi pake no hp gimana ya kan gak pake password buat login;;;0
hiks;;;-1
ga ada press release tentang kebocoran data yang terjadi;;;-1
iya pak on progress crisis management mana besok mega day pula;;;-1
kepada pekerja tokped waktu dan tempat saya persilahkan;;;-1
ngeri bgt cuy email gw dah kena2 pula;;;-1
kabar kebocoran data tokopedia ramai dibicarakan warganet;;;0
pemerintah melalui kementerian kominfo akan memanggil tokopedia terkait kasus dugaan kebocoran juta data pengguna di situs gelap kapan via;;;0
tokopedia should have just bought it back;;;-1
that s the noble way to do but instead they downright deny the allegations sadly;;;-1
beli lg lah;;;-1
data gua gabakal laku juga soalnya;;;-1
datanya sudah laku juga yang di jual di deepweb;;;-1
kalo loginnya pakai touch id aman gak;;;-1
harga data diri gw mahal ugah jadi senyum sendiri awww;;;-1
njir buka lapak canva sama tokped;;;-1
pak bikin dong uu perlindungan data pribadi;;;0
ya allah sempet was2 tadi pas baca berita soal tokopedia alhamdulillah setelah mendapat kepastian bahwa data pembayaran tetap aman kini udh gak was2 lagi meskipun tetap hrs waspada karena kejadian seperti ini bisa menimpa platform e commerce apapun;;;1
tokopedia beli lagi lah;;;-1
saatnya ubah dari password ke passphrase;;;-1
itu gabisa ditangkap ya pelakunya meresahkan banget knp sih pakai curi2 data pula;;;-1
padahal lagi sohib2 nya ama ovo n grab;;;-1
tokopedia memastikan tdk ada kebocoran data pembayaran ujar vp of corporate communications tokopedia nuraini razak seluruh transaksi dgn semua metode pembayaran termasuk informasi kartu debit kartu kredit dan ovo di tokopedia tetap terjaga keamanannya lanjut nuraini;;;0
udah dari tahun yang lalu kena ternyata;;;-1
otw secure kan akun thx infonya nder;;;0
wajar kalau sebelumnya saya sempat was2 saat baca berita soal kebocoran data pengguna karena saya biasanya belanja online lewat tokopedia tapi alhamdulillah setelah cek langsung disini akun ternyata aman aman saja teman2 pengguna tokoped bisa cek jg;;;1
wah cok pindah bukalapak cok gih;;;-1
mau ngecek kebocoran data dari tokopedia ternyata yang bocor dari bukalapak ipusnas youthmanual yahoo canvadan itu semua ternyata udah dari lama terjual di dark web apalagi bukalapak;;;0
untung pake shopee;;;-1
untung aku anak syopi bukan tokped 3;;;-1
amannn;;;0
kronologi lengkap juta akun tokopedia bocor dan dijual;;;0
anjirrr;;;-1
please keep it safe;;;0
tadi pagi sempet ketar ketir baca tentang dugaan kebocoran data di tokopedia syukurlah udah ada kepastian keamanan hampir aja tadi uninstall;;;1
ganti password aktifin fa di emailnya sama ganti akun email yg nyangkut di sosmed atau akun aplikasi yas;;;-1
pfft bitcoin mending gua pake judi di monopoly live;;;-1
data2 di tokopedia baik ktp nomer rekening no hp bisa dihapus akun toped bisa dihapus terus ngapain aja tokopedia setelah tragedi kebocoran data ini;;;-1
hackerrrr kejam bgt si;;;-1
kak kalo udah terlanjur gmnaa soalny td cek dataku kebobolan;;;-1
woy cek woy kan u pengguna tokped;;;-1
ah damn;;;-1
haha emang dampak e seko kebocoran data opo dhi;;;-1
cara cek akun yang pernah bocor seperti kasus tokopedia;;;0
ini apaaaa plsss;;;0
mau tanya dong udh lama ga log in nih terus mau ganti password kan terus muncul kayak gini gimana nomor aku udah ganti kalo di klik nomor sy sudah tidak aktif suruh masukin ktp atau buku tabungan gitu gimana ya emailku kenak soalnya;;;-1
dulu bukalapak juga pernah dikabarkan bocor data sekarang tokopedia tapi ada website yang buat cek kebocoran data yang kebaca nya bukalapak yang tokopedia belum atau gimana ya;;;-1
jangan salah ini kan yg terekspos baru tokped;;;-1
ini yg suka sms biope ia dapat data gw dari sini kali ya;;;-1
mohon konfirmasinya apakah benar krn saya coba ganti password todak bs;;;-1
mas boleh tanya apakah memang pengguna tokopedia sampai juta akun just out of my curiousity terima kasih sebelumnya;;;0
harus dituntut bertanggung jawab atas kejadian tersebut kebocoran adalah tanggung jawab atas system yg mereka miliki makanya belanja system online bukan tak bagustapi bisa merugikan yg a l barang belum tentu sesuai system data bisa bocor yg rugi pelanggan;;;-1
fyi untuk harga juta rupiah untuk juta data pengguna itu murah banget artinya data pengguna dihargai cuman rupiah;;;-1
kok kakak bs dpt email dari tokped ini aku udh ganti password tapi ttp aja takut;;;-1
oke ini unpopular opinion tapi kemurahan sih itu juta buat juta data;;;-1
jutaan akun pengguna bocor tokopedia pastikan data pembayaran tetap aman;;;0
ini saya juga dapet email ini tgl feb saya gk punya akum kredivo dan gak pernah beli kayak ginian ini kira dampak nya gak sih asli gw takut bgt;;;-1
alhamdulillah toped ku aman;;;1
kak klo boleh tau ini data nya bocor sejak kpn kalo baru daftar setelah kebobolan apa data nya ikut bocor kesana;;;-1
ku harus gmn;;;-1
pas cek ky gni ada akun bukalapak ke bobol trus td nyoba mau ubah password pas bgt ada sms gni ini creepy ga sih;;;-1
serem bgt dah;;;-1
serem berarti dataku wkt gabung tokped tahun is there even skrg sama sekali ga pernah pake tokped tahunan;;;-1
jadi nyesel terlalu percaya sama e commerce online dll diapa2in emang aman manual sih drpd virtual;;;-1
penyangkalan dari pihak via email kepada pengguna soal kebocoran data hack;;;-1
akun pengguna tokopedia bocor di forum online yang bisa diakses oleh siapapun di dunia maya;;;0
wah pie ki wkwk;;;-1
dear juallah reksadana sekarang sebelum ilang;;;-1
anjirrrr aku baru beli lagi padahal wkwk okelah aku tarik;;;-1
astagaaaa ada ada aja;;;-1
terus mesti gimana dong;;;-1
tolong masalah kebocoran data pengguna tokopedia ditindaklanjuti karena data pengguna itu sensitif dan bahaya kalau sampai disalahgunakan;;;-1
gatau nih aku juga baru download tokped mungkin makanya blm kena tapi takut juga sih kedepannya ada kasus kayak gini lagi;;;-1
wadohh;;;-1
ngeri kali bah;;;-1
pake email forwarding service aja jadi tiap ada pemberitahuan data breach lu tinggal ganti alias cek mereka gratis opensource plus di backing sama github pake buat daftar di akun2 yang gapenting kalo lu rada pikun bisa pake password manager;;;0
aku biarin mbak no hp ku yang di tokopedia juga udah ga aktif lama serem malah kalo disuruh fotoin ktp ama buku tabungan pribadi bgt kan itu;;;-1
hapus akun nya aja bisa ga si;;;0
barusan ngecek dan kena pwned dong ini bisa membobol rekening juga ga sih akun toped ada norek nya juga euy;;;-1
anjir canva;;;-1
gue juga yang kena bukalapak;;;-1
spam phishing udh pada muncul satu persatu njeerrr tp gw boongin dengan cara masukin password bulanpuasajanganbanyakinmaksiat wkwkwkwk mana tau mereka juga baca;;;-1
cuk piye iki bos tokped;;;-1
suka nyesel njir donlot tokped pdhl w g pernah make jg;;;-1
saldoku aman bang;;;-1
gmn ni;;;-1
untung ga pengguna tokped;;;-1
kehancuran unicorn indonesia;;;-1
kaget sih pas tadi pagi dapet kabarnya di line today ko ya bisa bisanya kena dark web;;;-1
praktik jual beli data sbnrnya udah lama adapembeli ya marketingtar tiba2 ada spam email penipuan dll gt biasanya data yg di grab itu dr profil email nama no hp no rek no cc apapun itu yg ada dlm database tersimpanklo skrg trx cc kan pake otp pin;;;-1
bayangin kalo ada kasus lagi dan yg didapet data ktp buat kalian2 yang rela ngasih foto ktp demi diskon di startup2 lainnya datamu receh wkwkwkwkssss;;;-1
kena dong gue;;;-1
baru mau belanja di tokped begini caramya pindah ae ke shopee dah;;;-1
kalo kena gmn;;;-1
aku dpt kaya gini dr tokped beneran aman ga sih;;;-1
nder ane dpt email ini apakah sy harus ganti pasword;;;0
ngeri ma nteng;;;-1
data pengguna bocor dan parahnya nomor rekening yang sudah kita daftarkan gak bisa dihapus tutup akun juga gak ada optionnya woi kalo gak bs jaga data pribadi kami kasih option untuk hapus akun donk;;;-1
gonku aman son;;;0
denger tokopedia kebocoran data syukur belum top up ovo;;;-1
bukalapak jebol juga untung passwordnya masih encrypted semoga tokped juga gitu;;;0
tokopedia harus tanggung jawab soal dugaan kebocoran juta data pengguna;;;0
ahli keamanan siber telah mengonfirmasi juta data pribadi yang bocor di dark web aktivis ham minta tokopedia segera umumkan ke pengguna;;;0
gugat biar kapok mereka meremehkan perlindungam data pribadi penggunanya;;;-1
heboh tokopedia kebocoran data padahal baru aja nyari2 sepeda fixie di tokped ehh malah parno nih fintech atau startup di indonesia perlu nih invest buat keamanan data pengguna mungkin itulah yg buat startup sekelas shoppee bisa terbang tinggi;;;-1
gataukkk alhamdulillah ga makek tokped aku huhu;;;-1
juta akun tokopedia bocor dan dijual di dark web apa yang harus kita lakukan sebagai pengguna yang mana data kita bocor dan di perjual belikan;;;0
gmn nih min wah wah wkwkkw;;;-1
bang itu datanua bisa dibeli ama tokped ga serius nanya beli aja ituuu;;;-1
ini kok ga nanggepin apa2 ya diberita mereka bilang data penting dipastikan aman;;;-1
diduga kebocoran data tokopedia itu terkait dengan jual beli data;;;0
gimana nih ga ada penjelasan dari kalau perlu memanggil dan minta pertanggungjawaban;;;-1
kominfo minta tokopedia selidiki kebocoran data;;;0
akun pemantau kebocoran data global membeberkan ulah peretas yang menjual data jutaan pengguna tokopedia menurut sekjen safenet konsumen berhak menuntut tokopedia bila tudingan peretasan terbukti benar namun belum ada regulasi yang menjamin hak itu;;;0
tetap waspada slur;;;0
slesaikan masalahmu cpet jgn iklan pop up di website anime doang dibanyakin;;;-1
maaf banget min tp krn isu yg beredar mengensi kebocoran data di tokopedia otomatis kmi para pengguna aplikasi pada parno dan merasa pgn hapus akun aja utk meminimalisir kerugian yg mgkin akan ada;;;-1
wah baru tau kalo tokopedia ga bisa ditutup akunnya trs tanggung jawab dg kebocoran data gimana;;;-1
seram;;;-1
pada heboh heboh bocor data tokopedia gw pernah begini pas awal lalu gw masih ga tau sih ini karena kebocoran data atau gimana tapi cukup bikin panik sampai gw minta blokir permanen cc gw karna takut carding;;;-1
tokopedia punya otp one time password jadi begitu setiap login akan dikirim otp lewat sms atau whatsapp kata ismail tetapi data personal yang bocor email nama alamat tanggal lahir dan nomor telepon yang dapat digunakan untuk keperluan lain;;;0
data pengguna tokopedia bocor terus bagaimana;;;-1
untuk tokopedia anda bisa cek di sini apakah bocor databasenya saat ini blm seluruhnya dimasukkan jd ada kemungkinan bocor meski tidak ada di daftar;;;-1
buat cek data kamu di udh kena hack apa belum krn isu kebocoran data sebelumnya silahkan masukan email di sini tips ganti pwd berkala jgn gunakan pwd yg sama dgn email dgn akun lain apalagi akun yg berhubungan dgn rekening bank;;;0
dear mohon klarifikasinya apakah kebocoran data ini benar adanya karena kami tidak berkenan apabila database anda yg berisikan data private kami diperjualbelikan;;;-1
begini cara mudah cek apakah data akun lo di tokopedia bocor;;;0
menkominfo panggil tokopedia bahas kebocoran data;;;0
apakah pengguna bisa mengajukan ganti rugi kepada pihak atas kebocoran data pengguna;;;-1
lagi musim kebocoran data dari tokopedia silahkan cek email kalian bocor apa enggak;;;-1
juta akun bocor kominfo panggil tokopedia besok;;;0
kementerian komunikasi dan informatika kemenkominfo akan segera memanggil direksi tokopedia pemanggilan ini terkait dugaan kebocoran data pribadi juta akun pengguna layanan ecommerce itu;;;0
terkait permasalahan ini saya telah meminta dirjen aptika untuk memanggil direksi tokopedia agar memberikan penjelasan terkait hal ini pertemuan akan dilakukan senin tanggal mei kata menteri kominfo johnny g plate di jakarta lewat siaran pers minggu 3 5;;;0
johnny menyebut pihaknya telah berkordinasi dengan tokopedia terkait kebocoran data tersebut tim teknis kominfo juga sudah melakukan koordinasi teknis untuk menindaklanjuti adanya isu pembobolan data pengguna;;;0
meski demikian ia menyarankan agar pengguna tokopedia untuk tetap mengganti password akunnya secara berkala demi keamanan dan kenyamanan;;;0
sebelumnya akun yang mengaku sebagai layanan pengawasan dan pencegahan kebocoran data asal israel membocorkan tangkapan layar soal data tokopedia yang bocor lewat twitter;;;0
jutaan akun pengguna tokopedia dikabarkan bocor dan dijual di forum online sejumlah informasi pribadi pengguna pun terpapar sehingga berpotensi dimanfaatkan hacker apa yang harus kamu lakukan agar akun kamu tetap aman intip di sini untuk tipsnya;;;-1
foto juta data tokopedia bocor dibobol hacker;;;0
dg hrg segitu gimna klo aja yg beli sebagai bentuk tanggung jawabnya;;;-1
lagi ramai database pelanggan bocor apakah email password anda bocor juga di tempat lain cek di sini lalu cek email untuk mengetahui di situs mana saja bocornya password apa yang anda pakai lupa email dan password mdro;;;-1
data tokopedia bocor pakar keamanan sebut masih aman;;;1
kalau bukalapak bocor tokopedia bocor trus aku kudu belonjo nek ngendi;;;-1
akun tokopedia bocor uu perlindungan data harus dikebut;;;-1
tips meningkatan keamanan akun dengan password manager karena dari kmrn lg hits data tokopedia yang bocor kali ini saya mau share metode yg bisa ngurangin panik ketika ada kebocoran data lagi sebuah utas disclaimer ini pendapat pribadi kalau ada salah koreksi aja ya;;;0
tokopedia diretas halo kembali lagi di news n fleek disimak yuk news n fleek hari ini ada kabar yang membuat kita para pengguna ecommerce merasa tidak nyaman meski tidak semua ecommerce yaa pasalnya baru baru ini sebanyak juta data pengguna disinyalir;;;0
bocor dan hendak di perdagangkan di situs pasar gelap meski demikian pihak tokopedia sendiri mengakui ada usaha pencurian data penggunanya saat ini terdapat setidaknya sekitar juta pengguna aktif bulanan tokopedia dengan demikian kebocoran data menimpa sebagian pengguna;;;0
data bocor tokopedia bisa dituntut karena lalai melindungi data pengguna;;;-1
dpr minta kominfo telusuri dugaan keterlibatan orang dalam terkait kebocoran data tokopedia;;;0
min kira2 credit card kita masih aman ga;;;-1
menkominfo soal akun tokopedia bocor rajin ganti password;;;0
mungkin yang punya akun tokopedia bisa di cek disini emailnya untuk ngeliat apakah data kalian bocor apa engga di website tersebut kalo memang engga bakal dikasi tau kebocoran lainnya di website mana gatau akurat apa engga tapi ya ku percaya firefox;;;-1
ga salah nih masa dalam waktu jam menit produk tampil sampai se ekstrim ini topads kalian sedang banyak banget problems kayanya penanganannya pun semenjak psbb terlampau lambat di tambah masalah bocornya data pengguna makin tidak tertangani;;;-1
eh ini kebocoran data;;;-1
ada sekitar juta data tokopedia bocor di internet dan diperjualbelikan bebas di dark web kamu bisa cek di firefox monitor;;;0
ada sekitar juta data tokopedia bocor di internet dan diperjualbelikan bebas di dark web kamu bisa cek di firefox monitor via;;;0
soal kebocoran data gimana tuh;;;-1
data tokopedia bocor siapa yang kena sanksi;;;-1
menkominfo johnny g plate bela tokopedia soal kebocoran data juta pengguna;;;0
akun tokopedia bocor menkominfo rajin ganti password bkn itu jwbnya berarti tokopedia lalai dan harus bertanggungjawab;;;-1
haloo masih bungkam soal kebocoran data user apa gimana ini;;;-1
kalimat yg bener adalah belum terjadi kebocoran password data segede itu kalo disuapin ke ai mah kebuka itu passwordnya;;;-1
legislator pks minta tokopedia bertanggungjawab atas kebocoran data penggunaan lewat;;;0
setuju mas apalagi dengan pasal t c saat kita sign up pertama kali di tokopedia jika ada kebocoran data dikarenakan hacking oleh pihak ketiga maka tokopedia tidak bertanggung jawab;;;-1
dpr desak polisi usut kasus juta akun tokopedia bocor;;;0
waspada kebocoran data begini langkah langkah mengamankan akun tokopedia;;;0
lalu sudah sebentar lagi semua juga lupa kebocoran data pengguna sama seperti kasus dulu;;;-1
bahaya yang intai usai kasus data bocor tokopedia bukalapak;;;-1
tokopedia memastikan bahwa tidak ada kebocoran password yg dapat digunakan untuk login ke akun anda password ga bocor tp nama email no hp dan data lainnya bocor;;;-1
ada beberapa poin yang aku coba bahas pertama kominfo tidak lepas tangan terkait kebocoran data tokopedia;;;1
setelah giliran unicorn indonesia lain diterpa isu ada kebocoran data pengguna haruskah ku ganti password lagi untuk menjamin keamanan akun seperti kejadian beberapa waktu yg lalu;;;-1
tokopedia dan menkominfo digugat terkait kebocoran data pelanggan;;;0
gugat menkominfo mimpi tokopedia dan menkominfo digugat terkait kebocoran data pelanggan;;;0
data pelanggan bocor akhirnya tokopedia dan menkominfo digugat kki di pn jakarta pusat;;;0
tokopedia dianggap telah melakukan kesalahan karena tidak memiliki sistem pengamanan yang patut untuk mencegah kebocoran hal ini membuktikan bahwa tokopedia telah melakukan kesalahan dalam melindungi data pribadi dan hak privasi para pemilik akun;;;-1
pakar orang ri tak tahu bahaya dari kebocoran data tokopedia;;;0
min cara menghapus permanen akun tokopedia gimana ya ngeri kebocoran data;;;-1
yak twitter sama instagram minta password request beberapa orang juga kena belakangan ini efek bocor tokopedia;;;-1
ada dugaan kebocoran data pengguna dan seperti apa potensi serangan e commerce di masa pandemi bagaimana mestinya perlindungan data konsumen kami bahas di;;;0
tokopedia bhinneka bocor bssn sebut belum colek pemerintah;;;-1
william tanuwijaya memyampaikan tiga hal dalam suratnya agar pengguna mengetahui duduk perkara persoalan kebocoran data yang menimpa tokopedia;;;0
pasca kebocoran data ini surat bos tokopedia bisnis ini adalah bisniy kepercayaan maka tokopedia akan menjaga amanah tersebut;;;1
ceo tokopedia william tanuwijaya mengirim surat kepada penggunanya dalam surat itu ia buka bukaan terkait kebocoran data beberapa waktu lalu via;;;0
dirugikan soal data tokopedia bocor ini saran buat konsumen;;;-1
kominfo didesak sanksi tokopedia dan bhinneka soal akun bocor;;;0
dua minggu setelah kejadian kebocoran data akhirnya memberikan informasi tidak ada anjuran segera mengganti kata sandi;;;0
hingga dikabarkan mengalami kebocoran data berapa banyak data yang bocor dari masing masing ecommerce tersebut;;;0
data tokopedia bocor halo pemberi arti bagaimana kabarnya pemberi arti pasti sudah dengar tentang belum lama ini terjadi kebocoran data salah satu toko daring terbesar di indonesia yaitu tokopedia bagaimana sih;;;0
min di akun sy tiba2 td terjadi transaksi pembelian pdhl sy tdk melakukan transaksi apapun hr ini sy takut akun sy diretas krna kebocoran data tokopedia kmrn mohon investigasi dan kembalikan saldo sy;;;-1
kalau nanya mungkin ya mungkin banget cuma uu nya itu ada gak di indo cmiiw kayaknya gaada kebocoran data itu sangat mungkin terjadi tokopedia aja swasta yang sistemnya modern bisa jebol apalagi sistem pemerintahan yang kudet abis makanya ini isu penting;;;-1
abis kasus kebocoran data tokped langsung buru2 ganti password tapi setelah ganti password malah kelogout sendiri minta ubah password udah diubah lagi pas mau verifikasi ke nmr hp tp nmr saya dah ga aktif ngajuin ubah nmr ditolak mulu gmn ya;;;-1
perlindungan data pribadi belakangan menjadi isu hangat karena berturut turut data penduduk terus mengalami kebocoran dimulai dari bocornya data pengguna tokopedia awal bulan ini disusul dengan kebocoran data pengguna milik;;;0
kemudian baru baru ini kita dikejutkan dengan kejadian kebocoran juta data pengguna penjelasannya bisa dibaca disini;;;0
satu2nya alasan knp ga pakai tokopedia krna kebocoran data yg lalu;;;-1
salam bro gua ngikutin lu sejak skandal kebocoran data tokopedia kemarin makasih udah bagi ilmu soal infosec penting nih orang yang punya niat baik kayak gini gua liat juga niat lu baik di trit yang ini cuma sayangnya banyak orang pada lebih suka keributan tetap kuat bro;;;1
masih percaya sama bukannya melakukan investigasi malah sibuk melabeli berita dengan bukti kuat sebagai hoax btw investigasi data breach udah sampai mana jangan pernah berhenti menghibur kami ya;;;-1
tetap waspada mas;;;-1
mereka ga mengakui tapi semua server udah di offline in gampang sekali buat dapatin ip server sipp dan celah yang dimasukin juga celah simpel sqlinjection makin tepok jidat;;;-1
selamat anda dapat undangan;;;-1
jika ada kebocoran data berdasar psl uu ite yg bertanggung jwb itu penyelenggara sistem elektronik pse misal yg bocor toped ya toped yg tanggung jawab kominfo itu regulator sdg yg ngawasi kebocoran dan serangan hacker nurut perpres 2017 adlh bssn bkn kominfo;;;0
hahahaaa positif thinking dulu mungkin polisi mau minta keterangan karena polisinya gak tau tuh website yang njual data polisi dimana;;;1
gua yakin datanya laku keras klo dijual ke isis haha;;;-1
kereeenn bang;;;-1
kemkominfo itu regulator kalau ada kebocoran data toped yg tanggungjawab jawab toped dong kan mereka yg ngerti system security mereka seperti apa benaran lu konsultan siber;;;0
jika ada kebocoran data berdasar psl uu ite yg bertanggung jwb itu penyelenggara sistem elektronik pse misal yg bocor toped ya toped yg tanggung jawab kominfo itu regulator sdg yg ngawasi kebocoran dan serangan hacker mnurut perpres 2017 adlh bssn bkn kominfo;;;0
sibuk ngurusin netflix sama youtube dan blokir akun padahal pr besar negara itu internet cepat dan perlindungan data pribadi malah ga selesai selesai;;;-1
sibuk manggil tokopedia jg buat kebocoran data eh sndiri nya kena;;;-1
saat ini insiden data breach atau kebocoran data terus terjadi termasuk di indonesia ketika dua e commerce besar tokopedia dan mengalami insiden kebocoran data lalu bagaimana cara mencegah kebocoran data;;;0
ini menjadi bukti kalau negara kurang mampu menjaga keamanan data pribadi rakyatnya kebocoran data bukalapak tokopedia kpu polisi sekarang pasien covid the hell are you doing;;;-1
apa selaku web developer mrk ga encrpyt data data krusial kaya gitu ya atau emang webdev nya cuma ingin ngambil cara mudah tapi kalo diliat dari kasus tokped emang data data seperti alamat dan no hp dan lainnya ngga di encrypt hmm;;;-1
sejak awal tahun marak dugaan kebocoran data seperti dan kini data pasien covid 19 dikabarkan bocor dpr menilai uu perlindungan data pribadi semakin dibutuhkan;;;-1
link unduh data bocor akun tokopedia tersebar di medsos;;;0
juta data akun bocor masyarakat perlu waspada;;;0
data pengguna tokopedia bocor hati hati tindak kejahatan;;;0
tautan berisi juta data pengguna yang bocor bisa diunduh gratis hingga juli data ini berupa nama lengkap nomor telepon hingga email;;;0
data pengguna tokopedia bocor waspadai jenis tindak kejahatan ini;;;0
juta data akun tokopedia bocor dan disebar di forum internet;;;0
ingat awal mei kemarin heboh data pengguna tokopedia bocor dan dijual di darkweb sekarang data tersebut sudah ada yg beli dgn harga 5000 kemudian dibagikan gratis linknya di fb datanya berbentuk zip gb setelah diekstrak menjadi gb dalam bentuk teks berisi jt akun;;;-1
juta data akun tokopedia bocor masyarakat perlu waspada;;;0
vp of corporate communications tokopedia nuraini razak angkat bicara terkait kebocoran data pengguna tokopedia;;;0
juta data pengguna tokopedia yang bocor dilaporkan telah disebar lewat link download di facebook;;;0
tolong biarkan saya menghapus akun tokped saya secara permanen ya tolong saya merasa gak aman punya akun di situ bocor mulu data nya gak ada pertanggungjawaban apa apa pula dari tokped nya situ yg kebocoran saya yg ditipu orang sialan;;;-1
beredar di facebook data pengguna tokopedia bocor;;;0
data pengguna tokopedia bocor di facebook;;;0
kasus kebocoran juta data pengguna kembali ramai dibicarakan perkembangan terbaru data tersebut kini dilaporkan beredar secara gratis lewat link download di sebuah grup facebook;;;0
sempat dijual di internet data pengguna tokopedia kini bocor dan beredar di grup facebook;;;0
data pengguna tokopedia bocor akun ovo terancam dibajak;;;0
masih ingat dengan kasus kebocoran data kabar buruknya data itu sekarang sudah disebar dan dapat diunduh gratis;;;0
data pengguna tokopedia bocor akun ovo terancam dibajak;;;0
asosiasi e commerce indonesia mengklaim bahwa meskipun beberapa waktu terakhir ini marak terjadi kebocoran data pengguna pada platform e commerce seperti tokopedia hingga bhineka namun tidak ada data keuangan yang bocor;;;0
telusuri juga tuh kebocoran data kok bisa sekelas buzzer bisa memerintah menteri;;;-1
ngeri sekali data pribadi bisa kebuka dan bs diakses umum;;;-1
masih ingat dengan kasus kebocoran data kabar buruknya data itu sekarang sudah disebar dan dapat diunduh gratis;;;0
to dear mr menteri tolong ya kalo mau usut soal kebocoran data jgn yg di usut satu org doang dong kmren2 sempet viral kebocoran data dari beberapa market place spt bukalapak tokopedia data yg bocor gk nanggung loh satu indonesia;;;-1
betulkah ini insiden juta akun tokopedia bocor memperlihatkan platform besar tak belajar dari insiden serupa yang menimpa platform lain terkesan cuek perlindungan data;;;-1
juta data pengguna bocor di fb tokopedia lapor polisi;;;0
insiden juta akun tokopedia bocor memperlihatkan platform besar tak belajar dari insiden serupa yang menimpa platform lain terkesan cuek perlindungan data;;;0
juta data pengguna tokopedia bocor di medsos jakarta biskom kebocoran data pengguna;;;0
udah jadi rahasia umum data pribadi kita memang tidak pernah aman tokopedia baru kebobolan google sudah jelas2 lah ya fb pernah digugat karena kebocoran data semua sama jadi sudah tidak usah berpikir bahwa data2 pribadi kita aman memang sudah pasti bocor dan dijual kemana2;;;-1
sistem keamanan berstandar tinggi adalah hal yang tak bisa ditawar tapi ketika juta data pengguna tokopedia bocor artinya keamanannya belum maksimal via;;;0
seluruh pengguna tokopedia terdampak pencurian data sebanyak juta data pengguna tokopedia bocor bagaimana hacker bisa mencurinya via;;;0
tokopedia kami laporkan kebocoran data ke polisi;;;0
bahas jg dunk apa langakah2 preventif lbh baik yg dilakukan untuk jaga data pengguna minimal tidak ada lagi kebocoran di kemudian hari ini adalah tamparan keras u indonesia masyarakat u meningkatkan keamanan digital;;;-1
kasus bocornya data pribadi ini semacam penyakit kambuhan yang menimpa banyak warga negara indonesia;;;-1
data kpu bocor diemdata tokopedia bocor diemdata polisi bocor diemdata denny siregar bocor its go time;;;-1
bisikannya data kamu kebocoran;;;-1
data tokopedia bocor data kpu bocor database polri bocor tidak ada kebocoran data denny siregar bocor;;;-1
juta data pengguna bocor hasil investigasi tidak ada kita dengar sampai saat ini juta data dpt bocor tidak ada update data personel polri bocor membantah tapi rumah saya didatangi sementara itu;;;-1
jika tolak ukur keberhasilan mereka adalah dengan menangkap pelaku kasus kebocoran data dan pelakunya adalah orang indonesia untuk pembobol data personel polri pelakunya orang iran;;;-1
tokopedia gandeng untuk investigasi udah sampai mana investigasinya;;;0
updated breach further records have been added to the tokopedia breach bringing the total to m unique email addresses data also included names genders dobs and sha2 384 password hashes were already in read more;;;0
gaes ganti password mu sekarang apalagi klo suka pake password sama untuk banyak website aplikasi;;;-1
tokopedia yg bocor udah sampe password;;;-1
april atau mei kemarin sudah ganti password setelah pertama kali berita kebocoran data tokopedia apakah saran ganti password yg sekarang itu termasuk mengganti lagi password yg sudah diganti april mei kemarin;;;-1
aku ga percoyooo sumpaaaa makasihhhhh loh minnn sumpaaa;;;-1
te makasih tp ku ttp akan ingat kebocoran data jt pengguna tokped;;;-1
nmor telp ini punya anda saya memang pny pinjaman di saya tegaskan pembayaran saya lancar setelah saya dapat email dari modalku sering ada telp yg menanyakan pembayaran pinjaman miscall gak jelas dsb padahal isi di email tsb;;;-1
menegaskan bahwa pembayaran via tokopedia tapi lucunya anda tidak punya data pembayaran saya apa ini berkaitan dengan berita kebocoran data pelanggan tokopedia;;;-1
data tokopedia bocor data bukalapak bocor data pemilih kpu bocor data pribadi pasien covid 19 satu negara bocor ulin yusron doxxing orang salah orang lagi ga ditangkep pegawai telkomsel doxing denny siregar secepat kilat ditangkep yg gini hasil kerja hampir trilyun;;;-1
aplikasi resmi emang aman sama aja malah coba kamu ngobrolin tokopedia traveloka di wassaf pas ntar kmau buka ig langsung ada iklannya atau kasus kebocoran data tokopedia yang katanya aplikasi resmi jadi tanggung aja kan;;;-1
untuk kamu yang penasaran apakah data kamu pernah bocor apa engga mulai sekarang kamu bisa cek di website tersebut saya buat pagi ini ketika lagi butuh pelarian dari kerjaan kalau ada masukan bisa reply aja ya di tweet ini semoga bermanfaat;;;0
wahh bocor juga;;;-1
tracks animoto canva tokopedia;;;-1
satu akun kena di wattpad kalo tokopedia si yakin kena pas kebocoran data kemarin;;;-1
jadi inget thread tentang kebocoran data beberapa bulan lalu aku langsung cek email yang aku buat daftar di tokped lewat web dan hasilnya passwordku yang aku pakai di beberapa platform sudah ter pwned untung kebanyakan password lama;;;0
ini masnya gagal paham yg juta sekian itu kasus kebocoran data tokopedia bukan data individu yang bersangkutan;;;0
makasih yaa ternyata punyaku jg ada yg bocor tokopedia;;;-1
parah bisa bisanya data saya bocor;;;-1
langkah pertama bisa kunjungi situs masukkan alamat email lalu klik periksa sekarang;;;0
berikutnya akan muncul informasi data kita yg bocor di situs apa saja seperti contoh data saya bocor di tokopedia asal history belanja ga bocor ke istri aja jika data kita belum pernah bocor akan ada infonya juga;;;0
langkah agar data pribadi gak bocor lagi sila kunjungi akun google yang bocor tadi pilih kelola akun google keamanan lalu cari bagian kelola akses pihak ketiga;;;-1
kemudian tinggal klik situs di mana data kita bocor tadi dalam kasus saya tokopedia misalnya tapi di gambar tokopedianya sudah saya hapus sebelum utas ini klik hapus saja seperti di gambar selesai;;;0
gak disangka data gua bocor di canva wattpad sama tokopedia parah si;;;-1
dataku bocor di tokopedia sama wattpad tapi aku gapernah download ataupun daftar dan gamake aplikasi itu;;;1
tokopedia bocor dari april yang pas kasus hack itu bukan sih;;;0
pas itu emang pernah deh dihari yg sama tokopedia bocor datanya ampe berjuta2 pengguna;;;0
tapi katanya dataku bocor sama tokopedia pas april padahal aku baru buat akun bulan kemaren;;;1
