kami juga siap penjara ahok dukung fatwa mui   ;;;0
kawal terus pantau terus habis penjara ahok  ;;;0
juang umat islam baru mulai sangka bukan akhir belum masuk bui tetap istiqomah wahai saudara iman seluruh indonesia penjara ahok  ;;;0
ya . kawal dan pasti nanti ahok sudah masuk bui   penjara ahok  ;;;0
begitu pun kalian . kalian bebas politik sesuai yakin kalian penjara ahok  ;;;0
lama ini hubung kita tenang dan baik . sampai akhir nya muncul orang ini penjara ahok  ;;;0
yes . status sangka cuma trik lindung nista alquran agar umat senang dan ahok tetap bisa menang pilgub  penjara ahok  ;;;0
mulut rusak basuki tolak oleh allah ,  ;;;0
kawal terus sampai ahok masuk bui ! penjara ahok  ;;;0
warag robot kali ah bikin trend topic di wong rusak toleransi kok di dukung .  EMO_;;;0
tidak satu proses hukum jalan . kawal terus sampai adil bisa rasa . penjara ahok  ;;;0
kita kawal sampai penjara ahok  ;;;0
umat islam akan terus ( siap ) juang demi benar penjara ahok  ;;;0
nah . kawal terus sampai masuk bui  penjara ahok  ;;;0
kami masih percaya pada institusi adil di eri ini penjara ahok  ;;;0
ayat alquran injak . masih saja bain itu orang . mana sih islam orang islam yang sok kami ahok itu ? penjara ahok allah akbar  ;;;0
seperti di perang uhud . para muslim gerak dari masing  penjagannya . gemuruh oleh euforia ghanimah di depan mata . penjara ahok   ;;;0
cemplung ke jamban penjara ahok  ;;;0
penjara ahok . status sangka adalah awal dari jalan yang panjang .  ;;;0
hukum tidak pandang bulu penjara ahok  ;;;0
mulut rusak basuki tolak allah swt masuk sorga .  ;;;0
gara ahok nkri ancam pecah tangkap ahok ahok beban jokowi ahok tolak warga    ;;;0
ahok sangka atau tidak , juang aksi bela islam tidak boleh henti sampai sini . penjara ahok  ;;;0
tuntut kami bukan sekadar jadi nista agama bagai sangka . tapi , penjara ahok segera !  ;;;0
gara dia nkri ancam pecah tangkap ahok ahok beban jokowi ahok tolak warga mulut rusak basuki tolak     ;;;0
dukung mulut rusak basuki tolak oleh allah , jilbab tengah hati . apa nrshint  ;;;0
jangan lena pakai status sangka penjara ahok  ;;;0
penjara ahok penjara nista agama   ;;;0
segera deh kan sudah jadi sangka penjara ahok  ;;;0
maka , jangan sampai euforia status sangka ahok ini jadi euforia uhud . dan lemah waspada kita . penjara ahok   ;;;0
terima kasih polri , harus terus juang untuk penjara ahok dan dukung fatwa mui   ;;;0
jangan sampai drama jadi di adil dan adil tidak di tegak cepat sadar para muslim dukung nista agama penjara ahok ahokjaditersangka   ;;;0
mas cukup ahok saja yang pakai kata kasar , kita tidak usah ikut penjara ahok  ;;;0
kita kawal terus penjara ahok dukung fatwa mui   ;;;0
penjara kalau perlu umur hidup penjara ahok  ;;;0
penjara ahok agar tak ada lagi pimpin yang mulut adu domba dan mantik polemik rukun agama .  ;;;0
sepakat . juta umat muslim awal . ahok sangka penjara ahok   ;;;0
alhamdulillah . akhir jadi sangka . sisa tunggu praperadilan adil tolakahok penjara ahok   ;;;0
ahok busuk di bui;;;0
nah . penjara ahok cepat  ;;;0
beda kasus cara hukum kali . inti tetap kita kawal sampai hukum tegak adil penjara ahok penjara ahok   ;;;0
jangan terlalu lama kawan , jangan php penjara ahok  ;;;0
kami ahok jadi sangka . maka kawal sampai jeruji besi .  ;;;0
mulut rusak basuki tolak warga , basuki nista islam .  ;;;0
maaf saya kawan atas pilih saya ini penjara ahok  ;;;0
penjara ahok  ;;;0
ada ulama yang harus kita jaga gigi nya agar tak tanggal . tunggu komando ulama dan taat ulama . penjara ahok   ;;;0
kita harus masih bisa main sama penjara ahok  ;;;0
jadi sangka tidak akan batal calon dan itu sudah tetap kpud . lanjut penjara ahok  ;;;0
hukum harus tegak meski langit akan runtuh . penjara ahok  ;;;0
kalau sangka ya harus tahan dong penjara ahok  ;;;0
mulut rusak basuki tolak oleh allah , umpat kok tiap hari . rusak  ;;;0
dan untuk bhineka bukan fasis maka penjara ahok  ;;;0
agar umat islam dapat pasti ! penjara ahok agar umat islam dapat pasti !  ;;;0
saya kan tahu , apa ahok betul sesal telah nista alquran telah status sangka ? atau nanti telah di vonis ? penjara ahok  ;;;0
terima kasih pak cik . penjara ahok  ;;;0
mudhn ini bukan permen yang beri ke anak supaya tangis henti . harus terus kawan sampai penjara ahok  ;;;0
ini belum akhir , umat islam akan terus awal adil hukum di eri ini , sampai penjara ahok jelas ada  ;;;0
hanya karena satu orang yang muncul telah hadir teman kita kalian pun benci kami . untuk rasa adil . penjara ahok  ;;;0
kawal terus hingga nista agama penjara penjara ahok  ;;;0
hukum maksimal untuk nista agama penjara ahok  ;;;0
kapolri sedang main skenario sang dalang tetap ini hanya untuk redam aksi tetap fokus penjara ahok   ;;;0
jangan lengah , jangan lena . ingat kasus bagi penjara ahok  ;;;0
lalu musuh serang kembali . ingat gigi rasulullah sampai patah di uhud . penjara ahok   ;;;0
lama sangat sidik hingga pilkada usai . ada apa ? penjara ahok  ;;;0
gerak cepat sedikit bisa tidak sih . ayo penjara ahok  ;;;0
nasib sang nista yang minta lindung mulut rusak basuki tolak buzzer ahoak sebar hoax   ;;;0
retweeted mustofa nahra (  ) tidak tahan ahok akan jadi masalah baru . penjara ahok  ;;;0
jadi masyarakat cerdas yang elegan terus jaga nkri dan demokrasi . kawal terus juang umat . ahok sangka penjara ahok   ;;;0
sampai pidana . ahok sangka penjara ahok   ;;;0
ayo up lagi penjara ahok biar seluruh umat islam dunia tahu bahwa juang umat islam masih lanjut  ;;;0
tugas kita belum selesai . kawal terus proses hukum sampai benar dia masuk penjara penjara ahok  ;;;0
kawal terus hingga nista agama penjara penjara ahok jangan sampai bohong pakai status sangka  ;;;0
gema penjara ahok  ;;;0
untuk rasa saudara yang pernah ada antara kita penjara ahok  ;;;0
sangat setuju jangan buai dengan hasil ini sangka tidak tahan sangat tidak masuk akal ahokjaditersangka  ;;;0
maaf ya , saya lagi tidak nafsu laden ahoker yang sedang menang . haha   penjara ahok  ;;;0
kawal terus sampai proses adil dan penjara ahok  ;;;0
sedang ini al qur an pakai saat moment tidak tepat penjara ahok  ;;;0
kita kawal terus sampai penjara ahok  ;;;0
al qur an terlalu istimewa untuk kami . untuk baca pun kami harus suci penjara ahok  ;;;0
setuju . tidak pakai lama penjara ahok  ;;;0
setuju . harus kawal terus agar benar penjara;;;0
penjara ahok segera  ;;;0
kita harus masih bisa tawa sama sama . penjara ahok  ;;;0
proses masih panjang , kawal kasus ahok penjara ahok  ;;;0
ikut kampanye percuma kamu ahok cagub saja sangka seperti mana mau bersih itu bhuhahahahaha penjara ahok kami ahok   ;;;0
biar jika memang ada simpang dalam keluarga kami biar kami selesai penjara ahok  ;;;0
tetap kita kawal terus sampai penjara ahok  ;;;0
kawal terus penjara ahok ahoklolosrevolusisolusi   ;;;0
lantas apa kami yang bicara politik sesuai yakin kami sebut sara penjara ahok  ;;;0
tidak boleh lengah . kawal terus proses sidik . penjara ahok  ;;;0
kawal hingga vonis penjara dan hak politik cabut ! penjara ahok  ;;;0
betul kata ustadz . kawal kasus nista sampai tuntas penjara ahok  ;;;0
putra baik bangsa ? sampah begitu omong kok baik bangsa , kamu muslim ? bukan kan ? wkwk penjara ahok  ;;;0
tuntut umat islam tegas , penjara ahok tuntut umat islam tegas , tuntut umat islam tegas ,  ;;;0
jangan sampai status sangka ahok hanya untuk redam aksi bela islam ke . penjara ahok   EMO_;;;0
heran , rajin benar bikin hashtag ahok , padahal survey selalu atas , capai ya teriak , tidak ada yang dengar ? berapa gelintir orang sih kalian ? basuki game over  ;;;0
lidah keseleo ahok kini jadi isu paling besar di partai golkar . ical tegur novanto . bahaya suara nasional jeblok . basuki game over  ;;;0
apa ahok sudah tidak berani turun ke masyarakat . kapok di usir ya , ? hukum karma kamu . dulu kamu yang gusur warga pribumi . ayo save pak ahok  ;;;0
 to pak ahok , walau sangka , the man on the right place . koreksi diri dan baik lisan ucap , kami ahok  ;;;1
kerja dan yang jujur kami ahok  ;;;1
saya tetap percaya pada benar , saya yakin dengan ahok kami ahok sayabersamaahok   ;;;1
pak ahok ikhlas , kita dukung juga harus ikhlas . yang penting terus juang sama beliau untuk menang pilkada dki . tetap ahok djarot kami ahok   ;;;1
kami ahok jadi trend topic worldwide , ini bukti bukan hanya jakarta dan indonesia yang dukung ahok tapi dunia !  ;;;1
salut sama pak ahok orang yang gentleman terima putus bagai sangka , kami ahok  ;;;1
tetap kuat ya pak ahok . kami semua diri sama bapak . kami ahok  ;;;1
belum pernah tetes air mata untuk masalah politik di indonesia , tapi kali ini terlalu . lampau batas nalar manusia kami ahok  ;;;1
saya akan selalu dukung ahok tetap semangat pak . ini uji untuk naik kelas . anda adalah yang baik dari pasang lain kami ahok  ;;;1
maju terus pak ! kami tetap dukung bapak ! benar pasti menang ! ahok kami ahok stand with ahok tetap ahok djarot    ;;;1
apa yang jadi kamu dukung pak ahok tetap semangat untuk jakarta yang lebih baik kami ahok  ;;;1
pasti . kami ahok  ;;;1
semangat pak . kami ahok  ;;;1
dear ahok , ketika saya makin cinta dengan bapak . karena tahu saya menang ada karena lewat bagai uji .;;;1
saya tidak boleh pilih , tapi kalau anda boleh , mending pilih yang jelas kami ahok  ;;;1
kami ahok salam jari   ;;;1
satu putaran buat ahok djarot no . hari toleransi nasional kami ahok  ;;;1
emas tetap emas . tetap semangat p ahok , tuhan tak pernah tidur . kami ahok  ;;;1
ahok , jengkal kami tidak akan mundur dari benar dan adil untuk rakyat ! kawalahok  ;;;1
you are not alone ahok , we stand beside you kami ahok  ;;;1
maju terus pantang mundur . kami ahok  ;;;1
kami ahok karena kalau kata pak anies orang baik harus selalu dukung orang baik ahok , kami yakin hal itu  ;;;1
tanpa ahok , apakah kita tahu bahwa lama ini orang tinggal juga buat susah ? makam fiktif ? kami ahok  ;;;1
tetap dukung btp djarot kami ahok  ;;;1
ara ini bhineka tunggal ika , paham lain silah pergi dari nkri ! kami ahok  ;;;1
kami ahok akan terus sama  ;;;1
kami ahok yang mirip gin mana bisa bikin bikin .  ;;;1
kami ahok tetap ahok djarot   ;;;1
 kami ahok  ;;;1
jadi pilkada dki putaran karena kami ahok  ;;;1
untuk maju warga dki , untuk nkri cinta kami ahok  ;;;1
berjuangbersamaahok tetapdukungahok kami ahok    ;;;1
elite korup tidak dapat jatah lagi karena ahok . akar rumput yang minim ilmu gampang sulut soal agama . klop . kami ahok  ;;;1
baru kali ini mau pilih cagup yang status sangka . aduh tapi kok mau tetap pilih dia kami ahok  ;;;1
orang manusia yang jiwa besar dan taat akan hukum walaupun beliau yakin tidak salah kami ahok  ;;;1
tetap ahok djarot makin di zalim , makin lejit , ahy ! ahok yes !  ;;;1
ahok sangka karena fitnah , kami makin bangga . kami ahok  ;;;1
kasih tuhan sama pak . kami ahok  ;;;1
mulut rusak basuki tolak para kecut yang main massa , keras dan agitasi . ahok laki sejati , berani masuk penjara kalau bukti salah  ;;;1
sekalipun ahok jadi sangka tidak surut dukung pada ahok kami ahok  ;;;1
jadi sangka bukan akhir dari gala kami ahok  ;;;1
sabar ya pak . yuk kita semangat dukung satu putaran kami ahok aku kaca lihat video ini  ;;;1
ahok tuhan sama para berani . maju terus badja ! kami ahok  ;;;1
gara ahok kutip al almaidah . makin jelas belang mui kami ahok  ;;;1
kami ahok malesdemolagi indonesiabersatu   ;;;1
aneh memang ketika kasus apa namun pasal yang jerat apa . kami sedang dewasa dalam demokrasi kami ahok  ;;;1
tetap semangat ! kami ahok  ;;;1
makin tinggi pohon makin kencang pula terpa angin nya pak , semangat karena manusia memang pusat salah dan khilaf kami ahok  ;;;1
tidak perlu ricuh , rusuh atau kisruh karena semua itu sama . hati yang tak tenang ibarat telah kuasa nafsu syaitan . kami ahok tetap tenang .  ;;;1
pak ahok bagai batu karang yang kokoh dan kuat tengah terpa ombak dan badai yang gelora kami ahok  ;;;1
jalan panjang akan buka lebar . kami ahok  ;;;1
mereka cuma mau uang demo turun kan ? kami ahok  ;;;1
ahok itu tahan banting , dukung juga militan , beda dengan dukung nasi bungkus kami ahok  ;;;1
ya karena kami ahok  ;;;1
ahok gusti allah tidak tidur pak . saya . muslim . saya orang dki . dan saya pasti saya akan terus sama;;;1
kami ahok buat ahok  menang . putaran karena dan  ;;;1
hanya orang mental takut yang berani teriak ramai . kami ahok dan  ;;;1
ini bukan akhir . ini baru mula . jari , utaran . kami ahok !  ;;;1
 ahok djarot sudah pasti . yang kain banyak janji dan tebar pesona . kami ahok  ;;;1
apa dan tidak ubah apa kami ahok  ;;;1
dengan ahok sangka proses yang kalian pinta sudah selesai sesuai hukum , tidak boleh ada hadang bagi ahok u sosialisasi pilkada kami ahok  ;;;1
kalah untuk menang , kami selalu semangat untuk dukung mu pak kami ahok  ;;;1
meski sangka , pak ahok tetap di hati kita kami ahok  ;;;1
tetap semangat pak kami ahok  ;;;1
dukung beliau tetap semangat dan hormat proses hukum ya . februari guna hak pilih , kita menang putaran .;;;1
orang baik musuh banyak . tapi tidak apa , tuhan lindung yang baik ahok kami ahok with ahok   ;;;1
sabar pak ahok . kami tetap dukung anda bagai calon cagub . saya dari pinggir danau sunter jakut . kami ahok  ;;;1
tetap senyum , jangan kendor , kami selalu dukung pak ahok kami ahok  ;;;1
apa jadi ingat kasus jessica . betapa cacat nya hukum di ara ini . semangat terus pak ahok . kami ahok  ;;;1
mau demo juga tidak papa pak kapolda , biar makin jelas siapa balik semua ini . kami ahok  ;;;1
 ahok yes setuju . kami tetap dukung pak ahok apa yang jadi kami ahok  ;;;1
semua jalan ada buat koh ahok . salam hormat buat semua yang dukung koh ahok . akal sehat kita tetap jaga . kami ahok  ;;;1
jangan pada lemas . daripada agus silvi atau anies sandi lebih baik djarot sendiri . gas terus saudara . kami ahok  ;;;1
kami ahok semua . a pasti ada jalan tetap semangat .  ;;;1
kami ahok maju terus pak ahok . benar memang pahit di awal namun manis akhir . sejarah sudah bukti sejak jaman tiga raja  ;;;1
kami ahok semangat koh .  ;;;1
kami ahok maju terus pantang mundur ahok  ;;;1
mari juang sama untuk menang beliau kami ahok  ;;;1
ah eri dengan banyak warga yang tidak waras , bom samarinda bilang alih isu , ahok jadi sangka juga masih ribut , apa lagi tidak jadi sangka kami ahok  ;;;1
maju terus koh ahok , banyak yang cinta dan dukung kami ahok tetap ahok djarot save ahok    ;;;1
wah tagar kami ahok tetap lejit yang lain sudah mulai turun . bukti banyak yang cinta sama ahok  ;;;1
kami ahok , tuhan serta bapak  ;;;1
tidak ada orang yang legowo dia , maju tak gentar pak ! kami ahok  ;;;1
meski polisi penjara ahok , semangat juang ahok sudah ada pada kami karena kami ahok   ;;;1
tetap semangat pak ahok saya dukung anda sampai kapan pun . kami ahok  ;;;1
 , tetap semangat ! kami ahok kita ahok kawalahok    ;;;1
kami ahok rapat baris . kita dukung pak ahok .  ;;;1
padahal sama muslim , cuma gara p ahok , tanya , kamu muslim ? kamu kaji tidak ? halo , harus lapor kamu ? lagi magang jadi tuhan ya ? kami ahok  ;;;1
selalu ada hikmah balik suatu sulit . tetap konsisten dengan semangat baik . pilkada putaran kami ahok   ;;;1
kami ahok putaran   ;;;1
jadi sangka malah banyak yang kasihan rakyat makin simpati kami ahok  ;;;1
ingat saudara , sejarah gantung pada menang . menang hak buat dan ubah sejarah . maka kita harus menang ! kami ahok  ;;;1
pilih pimpin yang benar kerja . benar pikir rakyat . kalo hanya pikir kelompok saja itu bukan pimpin . kami ahok  ;;;1
mazmur daud buat pak ahok kami ahok  ;;;1
percaya , adil pasti menang ! ahok kami ahok  ;;;1
kami ahok kami tolak pecah belah ! indonesia milik semua golong dan agama .  ;;;1
orang yang benci kita tidak pantas untuk kita peduli . tetap pikir itif dan jangan pengaruh dengan caci orang ya pak ahok ayo save pak ahok  ;;;1
ribut amat sama mungkin ahok sangka . buat saya , saya percaya ahokhormatihukum . dia sudah bilang jadi sangka pun tidak masalah . sudah siap  ;;;1
orang yang benci kita tidak pantas untuk kita peduli . tetap pikir itif dan jangan pengaruh dengan caci orang ya pak ahok ayo save pak ahok .  ;;;1
ahok tidak salah , kalau stuck di tata bahasa lihat motivasi , kalau niat nista apa di muka umum , banyak orang muslim dan di rekam ayo save pak ahok  ;;;1
