amin .;;;0
sangka ahok ! .;;;0
wah kampung saya .;;;0
ahok game over;;;0
fpi delete ahok;;;0
ahoak adalah drakula;;;0
maaf ahok game over;;;0
delete ahok penjara ahok;;;0
nah kan . kode keras ini .;;;0
basuki game over  ;;;0
save fpi delete ahok  ;;;0
basuki game over dong  ;;;0
ari yusuf yakin ahok jadi sangka;;;0
benar sudah pada gila bela basuki;;;0
  maaf ahok game over;;;0
apa  basuki game over  ;;;0
adik uje yakin . persen ahok sangka;;;0
fadli zon ada upaya untuk lolos ahok;;;0
tegak adil basuki game over  ;;;0
acta yakin ahok jadi sangka nista agama;;;0
tahan donk . enak sangat sangka keluyur;;;0
moga sukses . basuki game over  ;;;0
ini alat bukti yang akan jadi ahok sangka;;;0
save dalam penjara saja biar lebih aman .;;;0
moga jadi referensi kuat ahok jadi sangka;;;0
ahok koruptor ayo save pak ahok  ;;;0
acara lapor optimis ahok bakal jadi sangka;;;0
duh gala akun anonim saja ribet demi ahok .;;;0
ini alas din syamsuddin tolak ahok via ;;;0
habib rizieq yakin ahok bakal masuk penjara;;;0
sedih lihat muslim yang bela ahok mati;;;0
massa fpi kawal gelar perkara ahok di mabes;;;0
lkpi elektabilitas ahok di urut paling bawah;;;0
apa we tamat ahok basuki game over  ;;;0
 kalau ahok bebas , kita demo lagi;;;0
komisi i curiga bom samarinda alih kasus ahok;;;0
nah lohh dasar ahoak dusta polri harus netral;;;0
  . dan ahok tidak tahu tahu . ?;;;0
kata habib rizieq , insya allah ahok sangka;;;0
ajar lagi deh sana basuki game over  ;;;0
ali yusuf yakin ahok jadi sangka kicaupulitik;;;0
ulama sudah mulai adu domba oleh pihak ahok !;;;0
ahok boleh panggil saksi ahli tapi sangka dulu;;;0
jika polisi bebas ahok , mui aju praperadilan;;;0
si mulut jamban ahok basuki game over  ;;;0
. habib rizieq yakin ahok bisa jerat bagai sangka;;;0
kandang mana kandang ? basuki game over  ;;;0
jabat cuma dapat lungsur basuki game over  ;;;0
adil ahok di mabes polri . hanya sandiwara belaka ?;;;0
jika ahok tak salah , mui akan tempuh praperadilan;;;0
para munafik sedang kelit basuki game over  ;;;0
. adil ahok di mabes polri . hanya sandiwara belaka ?;;;0
basuki game over maspiyungan nrshint dppfpi  ;;;0
geger ! edar surat edar dewan gereja desak ahok mundur;;;0
teman mabuk tipu tipu terus basuki game over  ;;;0
sudah lihat kalau salah koko . tidak usah tunjuk tunjuk;;;0
nalar ahoker tolak ahok arti anti cina anti kristen adp;;;0
kan memang tidak boleh mundur basuki game over  ;;;0
kalau ahok tidak sangka , siap siap hadap kuat besar !;;;0
basuki game over maspiyungan pisangimpor nrshint  ;;;0
mui ahok jadi sangka atau polisi yang cap leceh umat islam;;;0
ikut gelar perkara , habib rizieq yakin ahok jadi sangka;;;0
adil ahok , indonesia damai lewat     ;;;0
 penjara ahok supaya kita bisa hidup tanpa caci maki;;;0
kasus ahok polri harus netral kalau tidak kita turun ke jalan;;;0
din yang salah itu ahok , kok buni yani yang mau jadi sangka;;;0
mungkin mereka takut dengar takbir kumandang dalam ruang itu .;;;0
karena nyata kental bagai jubir ahok basuki game over  ;;;0
tapi mereka selalu lindung di bhineka tunggal ika dan pancasila;;;0
gelar perkara ahok nilai profesional basuki game over  ;;;0
saat ini ahok lagi di tolak warga di cintek kel ciracas jaktim .;;;0
jokowi bilang akan jadi ahok sangka , tapi tanya megawati dulu;;;0
pak perintah kan tangkap ahok dan keluarga , kroni nya cepat .;;;0
basuki game over maspiyungan pisangimpor nrshint lanjut  ;;;0
ikut gelar perkara , habib rizieq insya allah ahok masuk penjara;;;0
lama kalau mirip firaun mas garangan , basuki game over  ;;;0
main sandiwara ini . banyak kita sudah hafal sepak terjang ahoker .;;;0
basuki game over maspiyungan pisangimpor nrshint hukum lah  ;;;0
kpu dki tim kampanye ahok harus pandai , jangan cari kambing hitam;;;0
datang mabes polri , habiburokhman yakin perkara ahok naik ke sidik;;;0
ikut gelar perkara ahok , neno warisman dari bahasa bukti ada nista;;;0
jadi saksi ahli lapor , habib rizieq insya allah ahok masuk penjara;;;0
 masalah sepele kok bikin ruwet sih ? . tangkap ahok beres !;;;0
kasih deh kamu . syukur basuki game over penjara ahok   ;;;0
lieus sungkarisma bulan jadi gubernur , ahok kerja hanya bikin ribut;;;0
dukung ahok jadi kutu loncat fitnah sana sini     ;;;0
mahfud md polisi tidak boleh tafsir kasus nista agama oleh ahok mahfud;;;0
fpi sibuk bentuk korban banjir , teman ahok dan teman mabuk ahok mana ?;;;0
geram dengan ahok , warga tanah abang pasang baliho besar panjang jalan;;;0
hati hati mas banyak yang suka sama ahok , nanti kamu ajak demo ya;;;0
dengan logika yang sama mas : nalar awam dukung ahok adalah anti islam;;;0
kibul kabul kibul kibul basuki game over basuki game over   ;;;0
makin jokowi kesan diri bela ahok , maka marah rakyat makin tak kendali .;;;0
awal dukung , sekarang anti ahok via  , ya lah dukung model apa ini .;;;0
linting lengan baju . betul sarung . siap tunggu komando jihad dari ulama !;;;0
banyak teori  coba tangkap ahok kasus korupsi , . berani tidak , . ? !;;;0
unsur pidana penuh , tim advokasi mui minta ahok segera tetap bagai sangka;;;0
tiap buat akan minta tanggung jawab kelak akhirat basuki game over  ;;;0
tahu dong , nanti debat cagub kita bongkar busuk ahok semua   ahok;;;0
neno warisman hal kuat ucap ahok ada unsur nista agama sindo news  EMO_;;;0
yang belum tolak ahok kampung mayat saja ini basuki game over  ;;;0
ahok kok tega bicara begitu ? atau peleset lagi ? atau ada yang bablas bela ?;;;0
allah akbar , musnah rusak bangsa dan ara save fpi delete ahok  ;;;0
jika ahok sangka umat islam tak akan demo november tapi syukur dan haji akbar;;;0
warga tolak kampanye ahok , sosiolog mulut harimau     ;;;0
gelar perkara kasus ahok ulama mesir pulang , habib rizieq yakin ahok sangka;;;0
basuki game over maspiyungan pisangimpor nrshint adil dulu baru damai  ;;;0
insya allah hukum tindak adil dan ahok masuk penjara basuki game over  ;;;0
bagaimana kalau ahok sang langsung proses hukum karena cara agama telah nista .;;;0
kalo ahok sangka tapi tetap bisa ikut pilkada . besok demo pindah di depan kpu .;;;0
kalau memang ahok salah , penjara saja . indonesia ingin damai dengan majemuk .;;;0
jangan sampai hanya untuk lindung nista halal gala cara basuki game over  ;;;0
sosiolog jika ahok lolos dari jerat hukum sangat bahaya basuki game over  ;;;0
haha anda pasti dukung si ahok yang lindung di bhineka tunggal ika yang rasa zalim;;;0
mau tanya , bela ahok atau cukong kembang reklamasi ? dua sebelas dua belas sik .;;;0
saya gagal paham baca yang begini dari media yang sama . basuki game over  ;;;0
     sekarang terima saja akibat basuki game over  ;;;0
basuki game over maspiyungan pisangimpor nrshint cobeh rontok , brindili  ;;;0
ini alas din syamsuddin tolak ahok via basuki game over gelar perkara ahok  ;;;0
ini contoh orang yang tidak terap budaya santun indonesia basuki game over  ;;;0
amat ada biar , ahok seperti lindung untuk terus sebar benci kepada rakyat jakarta;;;0
cepat sekali allah tunjuk kuasa , bulan kemarin gusur warga , kini balik di gusur .;;;0
kira siapa intelektual , rupa ahoker juga . bawa nu pula . bang  harus baca ini .;;;0
si nista agama alias ahok mau kampanye , tapi tolak mana mana , mampus , eh kasihan (;;;0
 moga jokowi dengar aspirasi rakyat ya tahan jam save fpi delete ahok apa ha ha;;;0
 habis mau tunggu suara ahok jamban ya tidak lah ahoker hidup nafas dalam dusta;;;0
nah ! kalau ahok tidak di tangkap , akan ada gembos mui . makan haram semua sudah;;;0
masalah bukan ini saja yang di buat ahoak bro . berapa x dia bikin leceh kepada alquran .;;;0
aneh tapi nyata , belum sempat koordinasi jadi tidak sinkron basuki game over  ;;;0
pangi syarwi chaniago nilai jika ahok bebas tidak tutup mungkin parlemen jalan akan jadi .;;;0
segera tetap jadi sangka . sehingga cepat bukti atau tidak adil . sudah terlalu banyak dan;;;0
telak ! dukung ahok seru bubar fpi , netizen jawab dengan save fpi delete ahok  ;;;0
periksa nista agama proses butuh waktu tahun cahaya . lot . basuki game over  ;;;0
nasib mu golkar ketika pegang oleh orang novanto yang satu species dengan ahok ( sama cina );;;0
 berita di baca y , salah nya ahok buka aib orang , bukan nista agama biar pintar;;;0
basuki game over maspiyungan pisangimpor nrshint kita bela islam , bukan debat .  ;;;0
dengan logika yang sama mas : nalar hater ahok dukung ahok arti anti bhineka anti islam .;;;0
 demo dukung ahok pakai slogan jaga bhineka . benar siapa yang sudah rusak bhineka ?;;;0
biasa , kubu a hoax kalau sudah pepet pakai jurus pura pura bodoh basuki game over  ;;;0
basuki game over : jelas habib rizieq soal hasil sementara gelar perkara ahok  ;;;0
  sang buya aku muncul prahara besar . arti sang buya aku kalau ahok sumber masalah;;;0
basuki game over maspiyungan pisangimpor nrshint laku basuki tiap hari tantang orang ?  ;;;0
ahok pemuda bani tamim kami bangsa islam akhir zaman khilafah islam dim apa for nation state;;;0
  gilir ada yang tinggal kubu ahok , ahoker pada sok soleh , kalian itu yang picik;;;0
 ahok terima sama dari populasi orang jakarta . begitu saja kamu sudah senang . kasih deh;;;0
ya iya ahok memang koruptor ! beli lahan sendiri itu uang mana ? apa . ayo save pak ahok  ;;;0
hashtag yang cocok buat ahok , . tetap jadi sangka basuki game over polri harus netral  ;;;0
hanya paksa ada dan buat buat apabila ahok tidak kata nista dan hina alquran islam ulama indonesia;;;0
djarot tidak salah , yang salah ahok . tapi apa orang salah masih di ikut ya ? sungguh aneh !;;;0
jika ahoak lepas dari hukum dunia , ingat hukum akhirat lebih kejam lagi basuki game over  ;;;0
, coba kalau jadi hadir ulama mesir nya . pasti ahok aku . ini kan kepalang malu , jadi ngeles;;;0
ahok kuat kkn nya , kota tua mau kuasa istri dan adik , taman ahok catut apbd dan bisnis ada barang;;;0
alibi kalau nyata ahok benar arti polri usaha lindung ahok dengan ahli mesir . polri tidak netral;;;0
insya allah ahok masuk penjara belum masuk , habib rizieq yakin usai gelar perkara ahok pasti akan .;;;0
ibu ibu komplek juga inisiasi spanduk tolak ahok . mereka kata sudah gerah . basuki game over  ;;;0
basuki game over : ikut gelar perkara ahok , neno warisman dari bahasa bukti ada nista  ;;;0
wah nyata benar , akhir nya kamu sadar . ahok koruptor dan rusak pancasila ayo save pak ahok  ;;;0
semua kepala dinas main dua kaki , mereka juga info pada saya busuk ahok , sabar ya   ahok ;;;0
kalau sudah begini masih belum di sangka , weh . minta umat islam padat bunderan patung kuda lagi ini .;;;0
kalau dulu ada kampanye pakai slogan kenal orang . sekarang ubah kenal mulut . basuki game over  ;;;0
jangan mau bohong kapolri pakai ahoak jangan mau bohong ahoak pakai kapolri jangan mau bohong media pakai;;;0
maksud fakta apa ? jangan mau bohong ( pakai ) ayat al quran itu maksud fakta ? arti ahok salah dong;;;0
sudah pak  jangan sibuk urus ahok saja , rakyat jadi korban politik mu . basuki game over  ;;;0
kaya sih ahok yang benar karena dia tidak pernah salah . bukti sampai detik ini , lewat terus itu kasus .;;;0
lagi pula si ahok kan bicara nya pakai bahas indonesia ya mas , bukan pakai bahas mesir . suka heran;;;0
orang yang aku islam tapi mati bela ahok sampai tega bentak dan salah ulama yang lain hanya karena tak dapat;;;0
ini bukan masalah personal , ini masalah nista agama , ahok dengan umat islam , jangan pelintir  ;;;0
tobat ! tegak benar dan adil walau karir hancur . daripada kamu hancur di akhirat . basuki game over  ;;;0
banyak yang percaya dan duga bahwa gelar perkara ahok hanya basa basi . ayo , ini taruh kredibilitas polri .;;;0
amin . basuki game over : status facebook politis nasdem saya yakin rabu ahok umum jadi sangka  ;;;0
alhamdulillah kita hidup damai tentram beda tidak ada masalah lama ini , karena ambisi dan sombong ahok .;;;0
  memang ahok erti tentang tafsir ? kalau pun ada beda memang boleh leceh salah satu tafsir sebut ?;;;0
ada orang tua yang bahagia dengar anak maki dan tak sopan seperti si ahok ? kalau ada mungkin harus ikut tatar p;;;0
kritik . basa basi . tanya lah hati mu . yang ada jago blunder jelang pilkada . yang salah itu dia . nista alquran;;;0
ahok dan habis rizieq tidak ada masalah pribadi , ini murni duga nista agama . proses hukum di polisi sudah benar;;;0
bodoh para dukung ahok bicara soal bhineka , nkri dan pancasila , padahal orang yang rusak adalah ahok itu sendiri;;;0
hebat dan besar apa kuasa , tak kan mungkin mampu lawan rakyat ! gelar perkara ahok harus cepat , belum umat jihad;;;0
ini bukan masalah ahok dengan rizieq . hanya orang tolol yang nilai demikian . ini masalah nista yang harus adil ;;;0
apa . sorry i have to say , rawan ahok djarot yang ikut blusuk kenapa lihat ramai dan narsis sendiri ya .  ;;;0
nyata , yang undang nya pdip p toh . tidak heran sih , ini kronologi ulama mesir batal datang ke gelar perkara ahok;;;0
mohon tenang dulu ini team ahok pintar ini dalam acara pidana itu tidak ada istilah mediasi itu ada di perdata jangan;;;0
ajar bagi semua , karena sombong ahok , allah swt tegur nya , kalau tidak sadar juga tunggu episode ikut nya .;;;0
ahok itu ketiban rejeki , blueprint bangun rpjmd sudah buat foke , ahok tinggal eksekusi tanpa harus pikir  ahok;;;0
bukti blingsatan kubu ahok . media , aparat , ahoker , cebong , semua jadi salah tingkah . . . ahokgameover  ;;;0
dengan alat bukti yang credible gitu banyak , terus polisi malah cari ahli yang ringan , kalau ujung tidak masuk adil;;;0
apa khayal bodoh . mana ada orang yang percaya . penuh skandal bilang bersih ! ahok koruptor ayo save pak ahok  ;;;0
jelas habib rizieq soal hasil sementara gelar perkara ahok tangkap ahok bela alquran aksibelaquran    ;;;0
ini bukan soal beda dapat , seteru , atau konflik individu , ini sederhana , ahok nista agama kami , beri kami adil;;;0
 atau ada khawatir yang amat sangat , demo dengan agenda tangkap ahok dan lengser jokowi , moga demo lebih dari;;;0
bila boleh ibarat , ahok itu ibarat genteng pecah . ganti ! biar genteng pecah hanya akan buat isi rumah hancur kena badai;;;0
hanya karena lidah keseleo orang stabilitas ara ancam . konflik batin , benci , fitnah tebar . basuki game over  ;;;0
tidak tahu ini berita benar atau tidak tapi seperti ini masuk akal luar biasa lagi , lagi dan lagi , kini pns dki pun tolak ahok;;;0
kalo di twitter ada ramai yang bain ahoak , itu karena modus . mereka cuma ngarepin hadiah kuis . wkwk basuki game over  ;;;0
wahai ahok dan perintah rezim munafik , ingat . ! pilkada hak pilih juga masih jauh , kami tak ada kait nya , hanya satu adil;;;0
gelar perkara apa ahli tafsir yang banyak ? . , motif dan tuju ahok bicara , itu yang perlu selisik , ahok telah bentur para ahli .;;;0
. sudah ada bukti , sudah jelas jelas saksi ahli di bidang agama , pidana dan bahasa tentang nista agama oleh ahok polri harus netral;;;0
sulit untuk kata anda akan bela ahok , sejarah dan manuver politik anda untung ahok , wajar kami curiga , apa penting ahok buat anda ?;;;0
lidah nista agama yang sakit umat agama lain , bukan di pulau ribu saja , bagaimana dengan buku tahun lalu ? basuki game over  ;;;0
cara tidak langsung  sudah tuduh umat islam untuk pecah belah bangsa ini . padahal kunci satu nkri ada di dia sendiri . tangkap ahok !;;;0
sulit untuk bilang bahwa kasus ahok tanpa intervensi ketika presiden , menkopolhukam , menkumham dan jaksa agung asal dari partai usung ahok polisiharusnetral;;;0
pak ahok beri nyaman ayo save pak ahok  ;;;1
pak ahok is the best ayo save pak ahok  ;;;1
pak ahok kerja nyata ayo save pak ahok  ;;;1
ylbhi jokowi jangan korban ahok demi tekan massa;;;1
pak ahok baik hati . ayo save pak ahok  ;;;1
ahok cuti , tanah abang kembali macet ahok ahok;;;1
pak ahok orang rakyat ayo save pak ahok  ;;;1
cathy sharon pilih ahok ini , kamu masa tidak ?;;;1
pak ahok beri jelas . ayo save pak ahok  ;;;1
pak ahok orang adil . ayo save pak ahok  ;;;1
cathy sharon nyata ahok orang lucu ahok pilkadadki;;;1
pak ahok bukan nista . ayo save pak ahok  ;;;1
pak ahok orang sabar . ayo save pak ahok  ;;;1
pak ahok tidak galak . ayo save pak ahok  ;;;1
pak ahok bukan jahat . ayo save pak ahok  ;;;1
pak ahok orang tulus . ayo save pak ahok  ;;;1
go vote for bapak ahok ayo save pak ahok  ;;;1
yorrys sebut golkar tetap dukung ahok di pilgub dki;;;1
lebih baik ahok tidak jadi sangka , biar ada alas;;;1
ahok djarot tolak warga , ruhut kami tak gentar !;;;1
semangat terus pak ahok ayo save pak ahok  ;;;1
pak ahok orang wibawa . ayo save pak ahok  ;;;1
pak ahok itu taat hukum ayo save pak ahok  ;;;1
pak ahok orang sahaja . ayo save pak ahok  ;;;1
ayo save pak ahok dukung kakak angkat ahok  ;;;1
always vote you pak ahok ayo save pak ahok  ;;;1
golkar tegur aburizal bakrie soal nyata tentang ahok;;;1
pak ahok orang sahabat . ayo save pak ahok  ;;;1
pak ahok itu pasti menang ayo save pak ahok  ;;;1
pak ahok orang disiplin . ayo save pak ahok  ;;;1
moga pak ahok bagi dari benar save pak ahok  ;;;1
pak ahok orang bijaksana . ayo save pak ahok  ;;;1
pak ahok punya kinerja oke ayo save pak ahok  ;;;1
takut saing . itu saja inti ahokhormatihukum  ;;;1
saya salut dengan pak ahok ayo save pak ahok  ;;;1
tim sukses ahok moga ahok tak kena hal yang rugi juang;;;1
program apa mas ? tim ahok cukup pamer hasil karya nya;;;1
ini bukti nyata pihak ahok ayo save pak ahok  ;;;1
tidak ada yang seperti ahok ayo save pak ahok  ;;;1
pak ahok orang lapang dada . ayo save pak ahok  ;;;1
tara institute ahok tidak laku tindak pidana nista agama;;;1
p djan faridz kontrak politik dengan ahok tak bisa gugur;;;1
pak ahok itu orang konsekuen ayo save pak ahok  ;;;1
pak ahok tegas tapi santai . ayo save pak ahok  ;;;1
sistematis sekali cara lawan untuk halang kampanye ahok .;;;1
tatap lurus ke depan pak ahok ayo save pak ahok  ;;;1
pak ahok kerja untuk rakyat . ayo save pak ahok  ;;;1
pak ahok tidak suka basa basi ayo save pak ahok  ;;;1
pak ahok jasa untuk jakarta . ayo save pak ahok  ;;;1
pak ahok itu aktivis nasional ayo save pak ahok  ;;;1
pak ahok orang anti korupsi . ayo save pak ahok  ;;;1
pak ahok orang tidak sombong . ayo save pak ahok  ;;;1
pak ahok jauh dari kapitalisme ayo save pak ahok  ;;;1
jakarta sepi tidak ada pak ahok ayo save pak ahok  ;;;1
dosen fikom unpad ungkap alas mengapa banyak media pro ahok;;;1
ini alas mengapa banyak media dukung ahok saat gelar perkara;;;1
pak ahok pimpin yang idam idam . ayo save pak ahok  ;;;1
yang tolak itu massa bayar suruh ayo save pak ahok  ;;;1
saya salut dengan pak ahok pakai ayo save pak ahok  ;;;1
pak ahok tindak demi maju jakarta ayo save pak ahok  ;;;1
p djan faridz kontrak politik dengan ahok tak bisa gugur jaka;;;1
semangat dan jangan serah pak ahok ayo save pak ahok  ;;;1
salut adik . doa pak ahok dan pak djarot bisa lewat uji .;;;1
pak ahok itu really really really really pahlawan for dki jaka;;;1
pak ahok itu amazing sangat sumpah ayo save pak ahok  ;;;1
cathy sharon suka dekat ahok selebriti cathy sharon aku sangat;;;1
pak ahok pimpin tepat untuk jakarta ayo save pak ahok  ;;;1
yang edit video pak ahok muka jelek ayo save pak ahok  ;;;1
kalau ahok jadi sangka , tikus dewan kembali kembung savenkri;;;1
pak ahok . itu pimpin yang rakyat . ayo save pak ahok  ;;;1
pak hayono isman di ciracas sama dengan ibu relawan badja darma;;;1
pak ahok gaul dan ramah dengan warga ayo save pak ahok  ;;;1
jadi ini cuma mereka ber yang punya masalah tapi yang demo juta ?;;;1
p djan faridz kontrak politik dengan ahok tak bisa gugur via ;;;1
kalau bukan ahok jakarta adalah sampah ayo save pak ahok  ;;;1
pak ahok peduli dengan sama yang butuh ayo save pak ahok  ;;;1
pak ahok tegas tindak , jujur dan adil ayo save pak ahok  ;;;1
ayo gabung parade bela ahok tanpa ahok indonesia lancar jaya no sara;;;1
dosen fikom unpad ungkap alas mengapa banyak media pro ahok via ;;;1
ruhut tak khawatir hadap jalan gelar perkara kasus ahok di bareskrim;;;1
pak ahok itu luar biasa dalam bidang apa ayo save pak ahok  ;;;1
 apa takut ahok menang pilgub ya , fair dong bukti di tps;;;1
pak ahok . itu pimpin yang anti korupsi . ayo save pak ahok  ;;;1
sama pak ahok , bukan janji , tapi bukti ayo save pak ahok  ;;;1
keukeuh tetap dukung ahok di pilkada dki jakarta pdip tetap kokoh pada;;;1
pak ahok orang kristiani yang cinta santri ayo save pak ahok  ;;;1
ahok tiru tidak nanti ini pak dengan tetangga belah . sukses selalu ya;;;1
       ahok   politisasi agama;;;1
si mamah heboh benar cerita . pas lagi ke jatiara doi ketemu pak ahok;;;1
pak ahok . itu yang tegas . berantas korupsi ayo save pak ahok  ;;;1
pak ahok tidak takut resiko yang datang pada ayo save pak ahok  ;;;1
       ahok   politisasi agama .;;;1
pak ahok adalah orang yang jujur dalam tindak ayo save pak ahok  ;;;1
pak ahok visi yang maju maju jakarta lebih baik ayo save pak ahok  ;;;1
pak ahok gubernur jakarta etnis tionghoa pertama ayo save pak ahok  ;;;1
pak ahok itu pasti bisa kok kendali jakarta lagi ayo save pak ahok  ;;;1
pak ahok pimpin yang hebat dan tepat untuk jakarta ayo save pak ahok  ;;;1
asal bukan ahok , tidak apa nista agama juga . bersamabelankri jagapancasila;;;1
pak ahok adalah orang yang tegas dengan yang salah ayo save pak ahok  ;;;1
kami butuh pimpin yang kaya pak ahok , maju terus ayo save pak ahok  ;;;1
 rasa sama gafatar , syiah , ahmadiah tidak seperti ke ahok tuntut .;;;1
kerja sama pak ahok itu luar biasa dalam bidang apa ayo save pak ahok  ;;;1
terus bangun jakarta pak ahok . kami siap dukung mu ayo save pak ahok  ;;;1
pak ahok itu bukti kalau jakarta bisa hidup mandiri ayo save pak ahok  ;;;1
pak ahok selalu tindak adil dan tidak pandang siapa ayo save pak ahok  ;;;1
itu hebat ahok kampanye bukan hanya hadir dukung saja , tapi oleh dukung belah;;;1
belum tinggal , sarlito bela ahok dengan tulis islam dan tuhan tidak perlu bela;;;1
yang tolak datang ahok saat kampanye lucu . alat raga dan kostum selalu lengkap .;;;1
a wah dia nista agama b tidak apa lah kan bukan ahok bersamabelankri jagapancasila;;;1
hal begini yang di dakwah kan  selalu ? mana hati anda ? benar anda ber tuhan ?;;;1
cathy sharon suka dekat ahok selebriti cathy sharon aku sangat suka cara dekat yang;;;1
apakah kalau bukan ahok kasus kaya gin akan masalah ? bersamabelankri jagapancasila;;;1
pak ahok selalu utama penting warga dari penting pribadi ayo save pak ahok  ;;;1
memang kasus kemarin untuk jatuh pak ahok saja sih kaya bersamabelankri jagapancasila;;;1
bang  memang tanggal november nanti yang pro ahok mau pawai ya ? mohon info nya .;;;1
jakarta tanpa pak ahok itu bisa apa , untung aa pak ahok ayo save pak ahok  ;;;1
tetap semangat pak ahok tuhan selalu serta orang yang percaya pada god bless you pak );;;1
pak ahok tidak seperti yang lain , yang hanya modal janji ayo save pak ahok  ;;;1
kalau yang bicara bukan ahok kok pada adem ayem saja ya . bersamabelankri jagapancasila;;;1
pak ahok itu korban . iya korban dari orang yang ingin jatuh ayo save pak ahok  ;;;1
tata kota jakarta akan henti sia sia . jika tanpa pak ahok . ayo save pak ahok  ;;;1
 ahok tidak nista agama sebab mui organisasi tidak jelas . mui lebih baik bubar;;;1
 main bagaimana ? tv jam hari , hari minggu berita baik ahok dan jelek lawan .;;;1
bukti pak ahok tidak korupsi , sekarang jakarta lebih indah ayo save pak ahok  ;;;1
pimpin yang tegas , semangat pak ahok , moga selalu di lindung ayo save pak ahok  ;;;1
nuduh saya islam liberal ? kalo kamu islam apa ya ? maaf tanya mulut islami sangat , salut );;;1
prihatin adik zalim , kakak angkat ahok sambang mabes polri karena ayah andi analta amir yang;;;1
hikayat agung podomoro  :PPP djan faridz kontrak politik dengan ahok tak bisa gugur;;;1
kalo di agama mungkin sudah nista , tapi untuk di hukum harus ikut proses di polisi dulu kan ?;;;1
allah ajar kita u doa musuh yang baik tapi orang satu ini malah balik ajar islam apakah yang anut;;;1
jakarta yang dulu kumuh kini lebih tata . nyata berkat pimpin pak ahok ayo save pak ahok  ;;;1
sampai hari ini anak anak di usia dini pun mulai erti bahwa orang yang sorban belum tentu baik bua;;;1
betul pak , kita cukup doa saja kalau ada masalah yang sangkut besar ayo save pak ahok  ;;;1
mana kemarin yang koar masalah nista agama ? ini kok diam . tidak ada duit kah ? deletefpi  ;;;1
bego ini orang , kalau sampai hilang ahok indonesia hilang bhineka , yang ada malah diskriminasi .;;;1
apa yang ingin anak gendong ahok itu ibu sendiri bung , sampai antri ingin anak gendong ahok , jan;;;1
apa ahok tidak minta tuhan dia hidup rasulullah jelas yang hina agama ahok . apa urus sama fpi ?;;;1
just info dalam beberapa waktu ini kami jempol rakyat lebih fokus sorot kasus ahok demi utuh nkri . !;;;1
jakarta yang dulu semrawut kini lebih tata . nyata berkat pimpin pak ahok ayo save pak ahok  ;;;1
benar ya nyata kata pak ahok soal dia tidak mau cuti . salah satu poin tentang siap hadap musim hujan;;;1
ayo semangat ya pak . dki masih butuh sosok pimpin yang seperti pak ahok . ayo save pak ahok  ;;;1
buat kami yakin dan percaya bahwa benar yang sungguh ada di diri pak ahok . ayo save pak ahok  ;;;1
bangun jakarta akan henti sia sia jika pak ahok . bukan yang pimpin jakarta ayo save pak ahok  ;;;1
. pimpin jakarta lagi ya pak . ahok untuk jakarta lebih indah . dan tentram ayo save pak ahok  ;;;1
ayo semangat ya pak . dki masih butuh sosok pimpin yang seperti pak ahok . ayo save pak ahok .  ;;;1
kami para dukung ahok tidak akan caci atau balas dengan benci , karena kami kelompok yang waras .;;;1
yang wajib cari tahu bayar siapa hingga harus rusuh pak ahok ? siapa yang takut kalah apa guna massa;;;1
salam jari ahok djarot bukti ahok djarot salam jari  jalan . suci susu ciracas    ;;;1
tunjuk langkah baik pak ahok . untuk cipta masa depan jakarta yang sejahtera . . ayo save pak ahok  ;;;1
tweet si felix ini lihat empatik di awal , padahal tuju tetap serang ahok . sama sekali tak ada respek buat;;;1
itu niat dari dukung ahok ya , bukan niat dari ahok sebentar saja , kalau salah kan dia siap di proses;;;1
ara ini bisa di dikte oleh preman . perlu tekan , bukan muslim yang benci ahok , tapi preman . ibu ibu a;;;1
jakarta untuk pak ahok pak ahok untuk jakarta dan kami untuk pak ahok dan indonesia ayo save pak ahok  ;;;1
cagub lain kocar kacir cari dukung eh ahok malah di datang dukung sendiri save ahok ahok djarot   ;;;1
nah begini respon yang bijak , dukung dan tenang sempat curhat , kakak angkat pun ungkap salah k ahok via ;;;1
apa malu sih kamu orang pada ? apa kamu malu bilang kalau kamu orang bela si ahok ? aku saja sih , biar fair ,;;;1
manusia memang makhluk yang dosa dan pak ahok juga dan kita harus bisa maaf pak ahok ayo save pak ahok  ;;;1
sekalipun kriminalisasi sakit dan zalim . jangan pernah serah apa ahok salamduajari ahok djarot   ;;;1
wajib baca . ahli tafsir asal mesir tawar diri bantu ahok , bantah ! bukan minta presiden jokowi tribun manado;;;1
pokok pak ahok yang baik untuk jakarta yang lain tidak benar bisa bikin jakarta baik ayo save pak ahok  ;;;1
pak ahok pasti bisa bukti bahwa beliau bisa pimpin jakarta dan kami terus dukung anda ayo save pak ahok  ;;;1
ahok tidak nista agama . justru yang marah marah itu yang nista agama . agama tidak ajar jadi manusia marah .;;;1
apa veronika , mama minta rumah sakit , dari pada istri marah ahok maling uang ara ayo save pak ahok  ;;;1
yang pening sana itu , sudah habis duit ratus milyar buat bayar hater ahok . gagal juga . itu duit jangan dari pro;;;1
menang pilkada , maka maksain hendak bisa mungkin ahok mundur , cara yang licik bang , saya mending golput kalau g;;;1
setuju , ahok lebih baik bebas , ormas mau rusuh ? ayo saja , diam ngelunjak kira kita takut ape ? kamu jual kita b;;;1
ara hukum ? tapi teriak ahok harus di hukum ? nyata hukum versi para bigot ya seperti gin , harus ikut hendak sep;;;1
kenapa sih saya pilih ahok ? karena saya rasa langsung ubah itu . ubah yang lama ini saya pikir cuma bullshit politikus;;;1
ahok yang kerja benar kira nista agama , usut sampai demo tidak jelas teroris bom aku islam , anak tinggal biar ironi;;;1
dengan semangat dan segenap dukung . , kami harap pak ahok terus maju dan bapak pasti bisa ayo save pak ahok  ;;;1
pak ahok . itu pimping yang sangat arif dan bijaksana . banyak peduli dengan masyarakat kecil ayo save pak ahok  ;;;1
kami sini dukung pak ahok untuk terus maju . jadi bapak harus terus semangat dan maju terus ! ayo save pak ahok .  ;;;1
bela pak ahok . bukan karena saya tionghoa , tetapi karena memang ahok pantas untuk di bela . ayo save pak ahok  ;;;1
mau bilang kafir pun , masyarakat kecil yang rasa langsung mudah birokrasi sejak ahok jabat akan terima kasih pada ahok .;;;1
pak ahok harus di adil i arti laku cara adil ! sekarang saja banyak yang hujat keji ! itu adil ? ayo save pak ahok  ;;;1
  warga nasi bungkus laskar efpei , hatei , efui , emui , pekaes . mereka intai ahok mana pergi untuk kacau .;;;1
nyok kita coblos ahok djarot ! salam jari ahok djarot tetap ahok djarot ini baru jakarta      ;;;1
 coba buka timeline  dia yang follow aku , dia pula yang blok . dah tahu dari dulu aku ahok sangat . anti fpi .;;;1
tetap dukung pak ahok saya ingin jakarta tahun besok jadi lebih baik maka dari itu dukung pak ahok ayo save pak ahok  ;;;1
kalo layan jakarta kurang bagus atau rasa tidak layan , masyarakat sekarang bisa bilang saya aduin ahok lho belum apa bisa ?;;;1
orang jujur susah hidup di eri rampok ! maju terus pak ahok jangan mau kalah sama orang murtad ! ayo save pak ahok  ;;;1
jujur , ahok peleset kata tidak masalah . sengaja goreng cuma supaya ahok tidak ikut pilkada . mereka aku itu kotor dan kecut;;;1
lansia sejahtera , jakarta maju salam jari ahok djarot tetap ahok djarot  jalan . suci susu ciracas    ;;;1
punya tetangga satu kampung dari belitung tidak bisa andal padahal ahli hukum nama . apa mesti pak ahok nyolong apbd dulu baru bela;;;1
apa doi sensitif ma ahok karena sudah susah cari objek di jakarta , sudah susah malak kiri kanan save pak ahok savenkri  ;;;1
bahagia orang dki yang punya pimpin kaya pak ahok . apakah kita semua akan biar pak ahok juang sendiri . ayo save pak ahok  ;;;1
mereka hanya lihat sisi buruk bapak tapi tidak lihat baik pak ahok , mereka tidak harus salah pak ahok ayo save pak ahok  ;;;1
prof . anda kecewa tidak calon di pilkada dki jadi tidak dukung lawan ahok karena nanti yang calon untung betul begitu prof . ?;;;1
puluh orang kumpul adil , juta lain hrp cemas tunggu hasil kongko itu . tapi ahok cuek , pilih ketemu warga . memang tokoh langka !;;;1
tidak semua yang orasi salah , namun yang fitnah banyak ! pak ahok adalah korban . semangat terus pak ! ayo save pak ahok  ;;;1
kalo pak ahok sangka tidak rusuh karena kami dukung pak ahok tidak bar bar . kita rasional , mereka emosional . ahok bukan gala gala;;;1
 bung din kok pikir atif terus sama ahok dia sama dengan bung tidak sempurna jaga martabat nama besar bung din bawa nyaman !;;;1
pimpin jakarta lagi ya pak . ahok . kami percaya pak ahok bisa . bilas semua rintang . yang jatuh dan fitnah ayo save pak ahok  ;;;1
pak ahok adalah pimpin yang hebat . dan hanya orang hebat yang yang akan terus usaha kuat tenaga untuk maju ayo save pak ahok .  ;;;1
orang yang paling lihat busuk niat dari kemarin gagal fokus demo ahok tapi dia tahu niat jelek mau impeachment presiden , munafik !;;;1
oalah jonru lagi . rasa pilpres ya . saya tidak bayar ahok tapi saya bela orang yang kerja jujur , berani bawa ubah baik buat jakarta;;;1
tuhan tak tidur , tuhan maha adil , ada saat adil datang dari nya , tetap tegar ya pak ahok , saya siap dukung ayo save pak ahok  ;;;1
jakarta yang dulu penuh sampah kini lebih tata . nyata berkat pimpin pak ahok . pimpin jakarta lagi ya pak . ahok ayo save pak ahok  ;;;1
kenapa mereka begitu ribut ? karena mau sangka pun tidak akan puas . tuju mereka benar ada jegal ahok . takut saing . ahokhormatihukum  ;;;1
jakarta yang dulu penuh koruptor kini lebih bersih . nyata berkat pimpin pak ahok . pimpin jakarta lagi ya pak . ahok ayo save pak ahok  ;;;1
