Kolaborasi seru @KineriaMovie : Angga Dwimas Sasongko Siap Garap FILOSOFI KOPI http://www.kapanlagi.com/showbiz/film/indonesia/angga-dwimas-sasongko-siap-garap-filosofi-kopi-b.html � @FILM _Indonesia @anggiakharisma;;;1
Wah :)) Filosofi Kopi harus sama bagus nya atau lebih @MirLes : @anggasasongko @GlennFredly Anggia, Film Cahaya Dari Timur bagus! @kineforum;;;1
RT@looohh : Rio Dewanto: Penonton Film  Filosofi Kopi The Movie Bisa Dapat Pengetahuan Tentang Kopi http://dlvrit.com/Dxkb ..;;;1
oh .. jadi mau ada film baru yang berasal dari novel judul nya Filosofi Kopi . Pokok nya aku wajib nonton!;;;1
Bacaan sore tentang Filosofi Film eh, Kopi RT @candra_aditya : Moral Berharga Yang Gue Dapatkan Dari Film Filosofi Kopi http://www.provoke-online.com/index.php/cand ra-aditya/-moral-berharga-yang-gue-dapatkan-dari-film-filosofi-kopi �;;;1
Filosofi kopi  : Ben & Jody. Buat gua ini bukan cuma sekedar film . Karena dari awal gua terbuka dan menjadi punya perhatian yang sangat besar di Industri Per KOPI an Indonesia.� https://www.instagram.com/p/BWfmRjVDJQ/;;;1
Keren - keren nih pemain film Filosofi Kopi , istimewa nya lagi bisa menikmati screaning film nya� https://www.instagram.com/p/BWKehl_r/;;;1
sekuel filosofi kopi dibuat menarik nya, film ini tidak hanya terjebak dalam satu lokasi saja, melainkan juga akan mengunjungi tempat-tempat khusus seperti Bali, Yogyakarta ..#filosofikopi https://www.instagram.com/p/BOzXLAf_/;;;1
Oke. Tahun baruan banyak film Indonesia bagus. Pengin nonton Filosofi Kopi;;;1
Menghilangkan penasaran sama Kopi Tiwus. Kaya di film nya gitu. Haha (at Filosofi Kopi ) � https://path.com/p/EIzVm;;;1
Udah nonton film filosofi kopi ? Belum afdol kalau belum ke kafe nya langsung!� (w/ @Tommy at Filosofi Kopi ) [pic] � https://path.com/p/lzyYS;;;1
Beda beda tipis lah ganteng nya. Akting Rio bagus banget di film Filosofi Kopi . Kamu harus nonton� https://instagram.com/p/dDATQ/;;;1
Makasih filosofi kopi , film ini hebat!;;;1
Filosofi Kopi & Guru Bangsa belum di tonton, film bagus Indonesia lain nya sudah mau tayang :(;;;1
gue ga terlalu suka film indonesia, tapi waktu nonton filosofi kopi ini keren! wajib nonton ya ,apalagi pecinta kopi cc @filkopmovie;;;1
Rekomen: Film filosofi Kopi keren sampai nonton x begini ini (with @Mom at @cinema ) � https://path.com/p/Dwwaj;;;1
hidup ini gak sempurna ya begini ada nya #Filosofi Kopi Tiwus, keren banget film nya @GlennFredly;;;1
Ayo RT @maulidash : Ayo bitra RT @KopiID : Bagi para pecinta kopi , film ini masuk kategori wajib tonton;  Film Filosofi Kopi;;;1;
Selamat kak raffinagita untuk film The Secret Suster Ngesot Urband Legend film nya banyak rasa nya lucu, baper, sedih juga nonton ya besok  april di bioskop kesayangan kamu https://pic.twitter.com/WuwAidUOov;;;1
Berhasil bikin parno ? Danur (with @yusuf at @cinema ) � https://path.com/p/hOTe;;;1
Mengharukan banget, sampai menangis nonton danur ,, sukses buat kak @PrillyBie semoga penontonnya� https://www.instagram.com/p/BSlrfjbQe/;;;1
Seru dan bikin ketawa ngakak wkwk ? Danur (with @Yessa, @RAHADIMAS, and  others at @cinema ) � https://path.com/p/oYFMt;;;1
. Danur : Maddah #DanurMaddah alami peningkatan di banyak aspek dari film pendahulu nya. Meski tak terlalu istimewa dari segi cerita, Awi Suryadi setidak nya mampu menjaga deretan jump scares di film ini agar tetap pada jalur nya dan tak melenceng jadi murahan. / https://pic.twitter.com/JkjHvuJcoN;;;1
Untuk ke-x nya nonton ini film dan tetap ga bosan dan� ? Cek Toko Sebelah (w/ @BaimBat & @Andika at @cinema ) � https://path.com/p/x;;;1
Untuk ke  nya. Cintai film indonesia. Buat yang bagus doang� ? Cek Toko Sebelah (w/ @Icha & @Abe at @cinema ) � https://path.com/p/KkZN;;;1
Selesai nonton film yang lucu, kocak, sedih dan mengharukan . . #cektokosebelah � https://www.instagram.com/p/BPfTVSzDKK/;;;1
film sederhana tapi memakjlebkan hati.. harta yang paling berharga adalah keluarga� ? Cek Toko Sebelah (w/ Maria Caroline & maryo at Gading XXI) � https://path.com/p/pzAUD;;;1
Ini film kata nya bagus dan di rekomen, jadi ingin juga� ? Cek Toko Sebelah (w/ @Meny & @Natanael at @cinema ) � https://path.com/p/QjB;;;1
Film #CekTokoSebelah keren banget!! Lucu banget!! Tertawa terbahak-bahak satu bioskop!! Mengharukan� https://www.instagram.com/p/BPuwZqggWED/;;;1
Salah satu film Indonesia yang sukses bikin & hebat! Keren� ? Cek Toko Sebelah (w/ @Intan at @puri_indah_mall ) � https://path.com/p/vljDW;;;1
Habis nonton cek toko sebelah film oleh @ernestprakasa .. film yang kocak dan penuh makna.. @Cinema� https://www.instagram.com/p/BOhfHBchK/;;;1
Menurut gw sih film hangout nya radit kalah sama film cek toko sebelah nya ernest, lebih lucu� (at Gading ) � https://path.com/p/kBaSz;;;1
Cek Toko Sebelah , salah satu film Indonesia yang gue tonton x. Tonton sendiri� (w/ @Rachel at @cinema ) [pic] � https://path.com/p/ciSaX;;;1
Cek Toko Sebelah , ini film rekomen banget, kocak banget, drama nya dapat (at @cinema ) � https://path.com/p/tvIHv;;;1
Sebuah kebanggaan bagi DC dan WB. Karena sebelumnya film DC yang telah di produksi mengalami kegagalan, seperti Justice league dan Suicide Squad .;;;1
Oh My God! Film ini musuh nya tolong jangan terlalu jelek ya, bikin pengin muntah. Will Smith charming abis dan Margot berhasil menjadi pencair suasana.  ,/? Suicide Squad (w/ Ayu at @epiwalk ) � https://path.com/p/aMUw;;;1
Ada  kali nonton sumpah ga bikin bosen karena di dalam film ini begitu banyak  cinta :D� ? Suicide Squad (at @RentZyzGames) � https://path.com/p/cCrqc;;;1
Nah ini film yang anti mainstream penjahat lawan penjahat ? Suicide Squad (at @globaltvseru ) � https://path.com/p/PjMS;;;1
Penasaran sama nih film yang kata nya bagus banget� ? Suicide Squad (w/ @Yuni, @fathimaafp, & @aprillia at XXI pejaten village) � https://path.com/p/AAhZY;;;1
 cahaya di langit eropa bagus banget .. orang nonton eh @rickyrechez malah tidur (with @rickyrechez at @cinema ) � https://path.com/p/Zs;;;1
Bagus tau ini film nya.-.  RT @hani_vernan : Ingin nonton  cahaya di langit eropa mas --;;;1
Keren banget film  cahaya di langit eropa , benar-benar bikin aku bangga sama islam sama agama ku {};;;1
Keren banget  cahaya langit di eropa ... Lanjut part  nya nanti ... (with @Nurzenah at @cinema ) � https://path.com/p/yiqDZ;;;1
Film inspirasi banget,  Cahaya di Langit Eropa :');;;1
Netes air mata lihat film ini  cahaya di langit Eropa . Banyak banget pelajaran nya (at Karawang) [pic] � https://path.com/p/mDHcX;;;1
 Cahaya di Langit Eropa adalah film Indonesia terbaik yang pernah gue tonton setelah Rumah Dara dan Habibie Ainun.;;;1
Waktu di bioskop Nonton  cahaya di langit eropa .... bioskop Menangis Hahaha Pas yang kedua nya pada menangis pijar ..pokok nya keren tuh film;;;1
Subhanallah. film  cahaya di langit eropa bagus banget. Menginspiratif + menambah ilmu keislaman saya. terima kasih @hanumrais karya yang luar biasa;;;1
RT @venessaar : Subhanallah keren banget film  Cahaya di Langit Eropa :');;;1
Tenang pak .. :D RT @JusufKalla : Film  cahaya di langit Eropa bagus & wajib di tonton masyarakat (cont) http://twitter.com/ntqj;;;1
Truth or dare kek nya boleh di tonton. Yaelah Sab mau sok-sokan nonton film ada pembunuhan nya gitu. Nonton nya dari celah-celah jari tangan aja.;;;1
Truth or dare - seru banget nih film :-D;;;1
Oh gitu sebentar download deh RT @GP_MchlWeisman : Sejenis film truth or dare tapi beda banget kok RT @GP_Nick : Iya.. mirip kaya film apa?;;;1
Seru film nya.... Meski telat banget baru nonton sekarang... Hahaha ? Zootopia (at @cinema ) � https://path.com/p/ShNBI;;;1
Bagus.... Pantesan rating nya di rottentomatoes sampe %... Telat baru nonton� ? Zootopia (at Gading XXI) � https://path.com/p/qmXn;;;1
Film animasi seperti ini yang harusnya diperbanyak!! ? Zootopia (with @Nastiti at XXI Taman Anggrek) � https://path.com/p/bPT;;;1
Bagus banget ya film nya. ? Zootopia (with @Braven at @cinema ) � https://path.com/p/XRPO;;;1
Senang banget nonton zootopia Film nya suka ih.. #seharianngemall � (w/ @Aryo at @cinema ) [pic] � https://path.com/p/KOtxP;;;1
Penasaran banget sama film ini yang kata nya lucu � ? Zootopia (w/ @Devlina, @Sonya, &  others at @cinema ) � https://path.com/p/YMeZq;;;1
Kesimpulan dari film ini adalah jangan percaya domba berbulu halus nan lembut, Fox alias rubah yang penampakan luar nya ganas, malah baik hati *_*� ? Zootopia (w/ @Danar at @cinema ) � https://path.com/p/mAZQ;;;1
Pantes aja rating nya ,. Ternyata memang bagus film nya, terbaik versi film animasi tentang atau cerita nya tentang Binatang. Semua umur bisa nonton pula. Gue yakin ini film bisa mengalahkan Trilogi nya Madagaskar....? Zootopia (at Taman Banten Lestari) � https://path.com/p/OCg;;;1
Film horor yang berbiaya murah, biaya produksi gak sampe  juta dollar tapi sudah box office di seantero ???? dengan meraup lebih dari  juta ???? dollar.. #EnjoyThen� ? Don't Breathe (at @cinema ) � https://path.com/p/cznq;;;1
yang punya penyakit Jantungan.. Jangan tonton film ini ya #dontbreathe � ? Don't Breathe (at Purnawarman Residence Kav. ) � https://path.com/p/RuO;;;1
Tegang parah nih film :') ? Don't Breathe (with @Ani at @cinema ) � https://path.com/p/Clyx;;;1
Pegal sekali ini film . ./ omong-omong, bukan horror tapi bikin kaget dan ngos-ngos-an lah Anjay pokok nya --� ? Don't Breathe (w/ @Debbial at @cinema ) � https://path.com/p/kCQqe;;;1
Ouija film berdurasi  menit bikin satu studio terkaget kaget Terima Kasih pesek @alicemutiara;;;1
Kata orang - orang film nya gak bagus.. Tapi buat gw bagus kok.. Gw suka!! Seru malah.. Penutup soundtrack nya bagus.. Si neng Selena Gomez bukan sih?? #eh ;D ./ � ? The Divergent Series: Allegiant (at Platinum Screens) � https://path.com/p/BUaTF;;;1;
Ga mau menghakimi karya dari ratusan orang di balik film menghibur. Toh gue cuma bayar K IDR saja � ? The Divergent Series: Allegiant (at One BelPark XXI) � https://path.com/p/Cwi;;;1
Dialog sepanjang film ditambah tambahan dialog dari Fithry yang durasi nya sepanjang film juga Ya Allah Tar Four ganteng banget � ? The Divergent Series: Allegiant (w/ @Fithry at @cinema ) � https://path.com/p/wVZst;;;1
Apalagi kalo ada yang ke  nya : RT@AnggaraSopanR: Gak bosan-bosan nonton Pacific Rim . Keren banget ini film ;;;1
Keren itu ken walaupun mungkin kaya film ultraman, musuh nya monster - monster dino gak jelas hehe RT @KennyAnindio Fix pacific rim , next list;;;1
Habis nonton pacific rim. Sumpah ini film keren banget.. https://pic.twitter.com/VWdcccyor;;;1
Dua film dibulan maret yang cukup bikin capek....kalau pacific rim uprising itu berasa kita lari lari nya mengendarai robot penuh aksi dan perjuangan....pokok nya paling bagus banget deh....keren % bikin ketagihan nonton lagi ... https://www.instagram.com/p/BhEgaCAbqi/;;;1
Kalo kata penikmat film sih ini bagus.. #dunkirk #dunkirkmovie #hollywood #goodmovie @Taman� https://www.instagram.com/p/BWTudngTa/;;;1
DUNKIRK OH my Nolan kelam kali pun, film epik nan emosional yang di kemas elegan nan sederhana sayang nya tanpa rasa Nolan yang biasanya memaksa menyita perhatian khusus memperhatikan cerita dengan seksama #dunkirk ... https://www.instagram.com/p/BWzlWCvASC/;;;1
Semoga film Dunkirk yang dibintangi tom hardy tayang di xxi. Aktor kesukaan;;;1
RAMPAGE (IMAX D) http://wbpictures.id Sebuah film yang diperankan @therock , akting nya tidak diragukan� https://www.instagram.com/p/BhfxlNklfo/;;;1
Rampage belum bisa move on dari film ini, keren kali. https://www.facebook.com/story.php?stor y_fbid=&id= �;;;1
Nonton Red Sparrow subtitle Indonesia #film ini bercerita tentang seorang mantan penari balet bernama Dominika Egorova (diperankan oleh Jennifer Lawrence) http://www.bioskoponline.org/red-sparrow/;;;1
RED SPARROW (thcenturyfoxid) Film yang sangat menegangkan mencampur aduk emosi dan berfikir film ini memiliki banyak teka teki di awal film dan akan terjawab kalau kamu bisa memahami film ini dan mengikuti alur nya. Film tersadis yang pernah gua tonton� https://www.instagram.com/p/BfvXCLjfxH/;;;1
. RED SPARROW () / Mbak Jennifer Lawrence cakep sih main nya. https://pic.twitter.com/qJFLYibD;;;1
Film nya bagus banget terbaik lah Dilan  #dilan @iqbaale @vaneshaass pengin nonton lagi� https://www.instagram.com/p/BetBTQYlLoW/;;;1
Nonton #dilan bareng bunda @MFauzia . Film yang bagus untuk di tonton (y) . Berasa balik ke jaman sma :D� https://www.instagram.com/p/BekoWKpBFD/;;;1
Mau Review film film. dilan nih. Mulai baca Novel dilan cetakan XVI , dari pertama baca sangat amat suka sama karakter dilan. Gila ya ada nya cowok kaya begini di dunia nyata � https://www.instagram.com/p/BeX_FjVo/;;;1
Gue yakin sih semua artis remaja yang merasakan pacaran juga pasti kaya gitu. Hanya saja gak banyak orang yang cari tau. maka nya gak ada yg tau. iqbal kebetulan lagi naik daun dengan sukses nya dia di film #Dilan di tambah kabar bahagia dia yang lulus dari UWC sebomming pernikahan nya harry - meghan :D;;;1
#Dilan menurutku adalah sebuah film yang mengembalikan ingatan terhadap zaman sekolah.  Sebuah film ringan tentang anak remaja yang mempunyai kebahagiaan tersendiri.  Telatah Dilan yang berusaha mencuri hati Milea dengan berbagai cara akan mengundang..;;;1
Arini .... Masih ada kereta yang akan lewat Benar-Benar film yang bagus banget Goals Baru� https://www.instagram.com/p/BhRJdgjQrQ/;;;1
Mending nonton film arini ya kan, manis manis manja gitu;;;1
#PengabdiSetan mengingatkan kita betapa kisah dan hantu - hantu dengan kearifan lokal itu jauh lebih seram ketimbang yang di luar sana.;;;1
Pengabdi Setan bangsat! Joko Anwar tahu banget cara bikin orang sini menjerit - jerit. Salah satu pengalaman nonton horor paling mengesankan! /;;;1
Apalagi bawa - bawa mayat, kafan, keranda, kuburan, tahlilan, sampai adegan salat yang super menakutkan itu. Gue nyerah! #PengabdiSetan;;;1
Dan gue senang Joko Anwar tidak terpancing bikin film nya jadi sok pintar. #PengabdiSetan tetap bakal disukai penonton kebanyakan;;;1
Pengabdi Setan Raih Film Terbaik Overlook Film Festival  di Amerika http://kompas.com/AFyZq;;;1
Aduh Pengabdi Setan kalah sama film Dilan :))) Aing ah apa apaan ini! Padahal pengabdi setan seru banget! seram kaco parah sih! Soal nya aing ga nonton kalo film dilan hahaha;;;1
Akhirnya memberanikan diri untuk nonton bareng Pengabdi Setan Seram? Pasti Menguras energi� https://www. instagram.com/p/BZ_pkVgix/;;;1
#MarsMetVenusPartCowo mampu mempertahankan rasa manis dan hangat dari Part Cewe dengan humor yang lebih asyik, lebih menggigit. ,/;;;1
Secara sinematik #Dunkirk jelas ada di level yang luar biasa. Visual yang memukau sekaligus mengintimidasi, ditambah skor yang gila.;;;1
#Sweet tampil kocak, hangat, dan menyenangkan terutama berkat performa luar biasa Tatjana Saphira. Remake yang asyik dan memuaskan! /;;;1
Dan #Sweet punya penutup yang nggak kalah mengejutkan dengan versi original nya. Pecah!;;;1
Apa cuma gw doang yang ga nunggu-nungguin banget Infinity War? Biasa aja gitu kayak film lain nya.. malah lebih pengin nonton Terbang besok kalau sempat :');;;1
. Insidious: The Last Key Meski atmosfer horor nya gagal di bangun dengan baik dan rajutan kisah nya tak matang, #InsidiousTheLastKey masih punya beberapa jump scare yang cukup mengasyikkan. / https://pic.twitter.com/plMDiIHvHC;;;1
Gue kira antri @FilmKoalaKumal pakai perjuangan cuma hoax. Ternyata beneran, sayang nya gue lupa foto bang @radityadika KEREN BANGET !!!;;;1
adegan favorit di film Koala Kumal .. Pas lidahnya @radityadika keseleo.. :D @FilmKoalaKumal;;;1
Suka banget sama akting kakak cantik yang satu ini di film koala kumal ditambah lagi sama soundtrack nya yang hits @sherylsheinafia;;;1
Koala kumal .. Film nya bikin nyesek tapi lucu sampai sakit perut @Metropolitan Mall Cileungsi https://www.instagram.com/p/BHuXbtjbq/;;;1
Sejujur nya, saya pribadi lebih suka film Sabtu Bersama Bapak daripada Koala Kumal . Walapun memang Koala Kumal adalah film tebaik Radit sejauh ini.;;;1
@sherylsheinafia hai sheryl gila film koala kumal bagus banget parah. Lo beda banget sama yang di breakout. Gokil. Lagu nya juga enak.;;;1
Sampai mimpi hidup kayak di A Quite Place , hebat di mimpi aku bisa jadi pendiam, dan jadi jagoan, dan muat ngumpet di lemari;;;1
Kalau a quite place mengajarkan jadi orang jangan bacot, avengers infinity war mengajarkan jangan ajak ketemuan pas ada perlu nya aja nanti mati.;;;1
. Yowis Ben #YowisBen jadi kejutan yang menyenangkan! Memang tak ada yang istimewa dari cerita nya, namun rentetan guyonan berbahasa Jawa yang tepat sasaran jelas punya keistimewaan tersendiri untuk pasar nya. Sulit untuk berhenti tertawa! ,/ https://pic.twitter.com/aLeuHrPao;;;1
Setelah sukses film komedi berdialog bahasa Jawa Timur #YoWisBen, sekarang boleh di tunggu #Jancuk, drama-komedi pasangan muda suku dan agama https://pic.twitter.com/dHPgcEGzV;;;1
Contoh nya seperti film yang menurut saya bagus, misalnya, love for sale dan infinity war. Penonton sudah beranggapan bahwa akhirnya pasti menang/ happy ending. Dan kemudian kecewa dengan ending nya;;;1
Yang belum nonton Love for Sale, berikut review nya. Cepat keburu turun film nya, padahal bagus lo �. http://www.sebelumnonton.com///review-film-love-for-sale-yang-jomblo.html � @CenayangFilm =);;;1
Guys, nonton #LoveForSale buruan. Asli bagus. Gue lihat penontonnya masih sedikit. Jangan di tunda kalo mau nonton. Sayng banget kalau sampai sebentar doang yang tayang di bioskop. Berangkat gih. Percaya lah. Bagus!;;;1
. Tomb Raider Meski kisah nya ngalor ngidul entah mau nya gimana, #TombRaider versi baru ini punya deretan aksi yang seru banget. Alicia Vikander jelas pilihan tepat! / https://pic.twitter.com/SOKVPff;;;1
Tomb Raider memang gagal ambil alih posisi juara box office domestik dari Black Panther, tapi film aksi Lara Croft tersebut adalah film internasional terlaris pekan ini: http://flickmagazine.net/news/-tomb-raider-gagal-ambil-alih-juara-box-office-dari-black-panther.html ...;;;1
strategi nya sama kayak mengeluarkan black panther sebelum infinity war. Sama - sama juga menikahkan latar sebagai film solo pertama superhero kulit hitam (black panther) atau superhero wanita (captain marvel) pertama dari MCU juga;;;1
Black Panther jadi film Marvel yang paling menguntungkan. Kok mati di Avengers Infinity War? Alur cerita film sepenuh nya diatur bisnis. Spiderman juga lagi film nya tahun depan. http://www.bbc.com/indonesia/majalah- � ;;;1
Review pendek yang telat untuk The Conjuring  � sisi religius nya yang justru membuat film nya tambah menarik.;;;1
Film horor A Quiet Place sukses mencuri perhatian publik! Bahkan film ini mengalahkan The Conjuring di Box Office! Berikut  fakta dari film horror A Quiet Place yang wajib kita ketahui. Pokok nya wajib banget nonton film ini!;;;1
. The Greatest Showman Banyak nya detail penceritaan yang dilewatkan membuat kekuatan emosi dalam #TheGreatestShowman terasa naik turun. Namun film ini mampu membawa banyak kebahagiaan lewat deretan momen musikal yang cukup magis. ,/ https://pic.twitter.com/hNPbe;;;1
Baru tau film The Greatest Showman bagus banget :) , dan aku sendiri emang suka film musikal gitu tapi yang bawaan nya ringan!! omg suka banget telat banget baru nonton aku nya;;;1
Kemana aja kau pani RT @faniasiik: Baru nonton the greatest showman jadi semakin suka mendengarkan never enough;;;1
Pas nonton happy death day juga gitu trailer nya menjanjikan banget � pas nonton, ya bagus aja sih tapi ga masalah kalau nonton nya di laptop;;;1
Udah nonton Happy Death Day? Film jenius, susah bikin film yang banyak adegan di ulang tapi dengan akhir yang berbeda. Karakter dan dialog kuat. Makanya waktu bikin film lagi dengan judul TRUTH or DARE, pasti seru! https://pic.twitter.com/EDPslKbyC;;;1
Cuman bisa bilang KEREN BANGET... TOP ABIS itu film HABIBIE AINUN ... Semua cerita ada di film itu..... Top banget ;);;;1;
#habibie . Habibie-Ainun , tidak sekedar drama kesetiaan rumah tangga, ada etos anak negeri menggapai harga diri bangsa;;;1
Subhanallah film habibie&ainun sedih banget sampe menangis aku hahaha,eh eh tapi ada @chris_nelwan nya juga loh peran nya jadi anak nya habibie&ainun;;;1
Ayo lah RT @mallandut : Harus wajib nonton Habibie & Ainun nih, kapan lagi indonesia bikin film bagus kaya gini.;;;1
Keren yu sedih RT @ayuputriandira : Aku besok nonton nya :( RT @muthiamuchlis : Habibie ainun bikin air mata menetes;;;1
Juara!! RT  @AdrieSubono : Habibie & Ainun telah memecahkan rekor perfilman Indonesia. ,, penonton hanya dalam  hari! Alhamdulilah!!!;;;1
WAH RT @detikcom : �Habibie & Ainun� Tembus  Ribu Penonton dalam  Hari http://detik.com/Yta via @detikhot;;;1
RT @kompasiana : #TrendingArticles | Habibie-Ainun : Kesetiaan Lelaki Terlihat dari Kecerdasan nya http://kompas.com/ADVLow;;;1
Akting nya reza rahardian nyawa nya film habibie ainun banget, butuh pendalaman karakter yang lama itu pasti ,salut.;;;1
RT @mimelinda : Masih terkagum - kagum sama akting nya Reza Rahardian di film Habibie & Ainun .. Satu kata, professional!;;;1
HABIBIE & AINUN bagus banget!! Salut sama akting nya Reza Rahadian & BCL, super keren! Saat di bioskop kesayangan :));;;1
Bagus ka,,pakai menangis pula hehehe RT @fithriatarissa : Bagus gak?? RT @famonce : Habibie & Ainun with ... http://tmi.com/DEsU;;;1
Gimana ya kalo kamu jadi pilot nya aku jadi co-pilot nya kaya di pacific rim . Pasti aku bisa tau memori kamu <;;;1
Bagus RT @chrisyebororing : Ada yang sudah menonton Pacific Rim ? Gimana Film nya, bagus ga ?;;;1
Oke oke bisa dicoba RT @Sharqie : Enak ini RT @adissttrr: Seru kagak? RT @Sharqie : aku sudah nonton  RT @adissttrr: Pacific rim bisa kek nya;;;1
Udah, pokok nya film nya keren, wajib nonton RT @AhSpeakDoang : Udah nonton Pacific Rim ? menurut kamu bagus gak film nya?;;;1
: RT @TamaPranedya : Tambah GUNDAM juga : RT umamagafi: Apa jadi nya megazord, transformer, sama pacific rim jadi  film? Wah keren banget;;;1
Pacific Rim bang, seru deh RT @MokxyJ : Film apaan? RT @YunidarPurba : Film nya keren banget, nyesel kalo ga nonton. Hi hi :p;;;1
Seru!!! Memang bukan sampe ke level menegangkan sih...tapi kaya nya ini impian masa kecil tiap� ? Pacific Rim � https://path.com/p/VXsQi;;;1
#tips kalau pengin nonton pacific rim wajib ! Harus tonton yang D guys , biar lebih merasa ada didalam film saranin yg imax D;;;1
 dari  buat Pacific Rim ... Demen banget sfx sama musik - musik nya.. Di tambah adegan geret kapal bikin greget :)));;;1
Buat lo LAKI yang dulu kecil gemar nonton Evangelion atau Gundam , Pacific Rim tuh kaya ngebayar lunas fantasi� � https://path.com/p/lD;;;1
nih film makanan nya dapat banget.... dan kemampuan pemeran utama nya gak yang super banget ? Elysium � https://path.com/p/ptOFJ;;;1
#elysium film humanisme + sci-fi yang berbumbu action. Pesan moral nya kena banget, menyindir orang bergelimang harta yang� � https://path.com/p/eZStJ;;;1
Film tentang pengorbanan, untuk jutaan penduduk bumi.. Seru!!! ? Elysium (at @cinema ) � https://path.com/p/JfPl;;;1
Sindiran atau saran buat kedokteran mungkin ini film . Misi kemanusiaan yang kena banget. ? Elysium � https://path.com/p/CBzR;;;1
Iya San .. hehehe keren film nya meski di awal seperti terlalu sadis ;D RT @awajisan : @arhcha wah asik :p lumayan film nya elysium;;;1;
Mampus dah ! Film Carrie keren mampus ! Keren !;;;1
Film nya keren.. banyak pesan moral.. mari nonton.. ? Carrie (with @Novita, @Ray, and @Fidel at @blitzmegaplex ) � https://path.com/p/OntT;;;1
Iya ini pertama kali nya sepanjang sejarah aku nonton film horror menangis banyak dapat pelajaran dari film carrie ini;;;1
film mama anjir seram banget masih kebayang setan nya ka!!?!!;;;1
Film MAMA sukses bikin takut sendiri astaga : | jadi parno mau melakukan sesuatu, setan nya ... ? Mama � http://path.com/p/wdUCm;;;1
Sudah ada mantap abis film nya haha RT @sandraaadi : Udah ada ya kebbi? @st_ftmh : Itu film MAMA horor abis!!;;;1
Demi apapun ini film mama seram mampus :| (with @aidharosadi at @cinema ) � http://path.com/p/dugcI;;;1
lumayan seram ternyata om.RT @jokoanwar : Udah lama ga jerit - jerit nonton film horror. Terima Kasih, MAMA;;;1
lumayan buat terapi jantung say RT@_IkkaVH: Film 'nya bagus gak say ? RT @dherynlaza : Menonton  Mama  untuk kedua kalinya di @blitzmegaplex ;;;1
haha payah, penakut :p RT @Oktaaaaav : Film mama bikin jantung aku ingin copot o__o  Abis si @Arvan_Persie aku remas kalo pas ada hantu nya;;;1
Nah ini baru film ! Ga kaya tadi, uweks.. #Dikerjain :( ? After Earth � https://path.com/p/YhzQ;;;1
Nih si hitam dari jaman film The pursuit of happiness, karate kids sampe after earth selalu keren ga bosan-bosan.;;;1
Kaset aku wkwkwk  @suryantosagala : Keren nih film After Earth. Film motivasi yang cerita nya memiliki banyak pesan yang baik (y);;;1
Akhirnya selesai juga nonton ini film ! Keren nya pake banget JADEN SMITH alah ganteng nya ? After Earth � https://path.com/p/kbdtA;;;1
Keren film baru after earth ! Harus nonton;;;1
Info bagus RT @WitwickyCurse: After Earth seru banget! @Audya_Regina : Yang sudah nonton acung jari nya dong! Seru ga film 'nya? Tiba tiba pengin nonton;;;1
ini film keren banget! wajib tonton .. alan turing salah� ? The Imitation Game (w/ @roni at Premier Senayan City) � https://path.com/p/YXY;;;1
Terjebak dalam film yang mengharuskan berpikir keras� ? The Imitation Game (w/ Resa at XXI Cinere Bellevue Mall) � https://path.com/p/aiuTo;;;1
Film kalau anak IT bilang Kriptografi� ? The Imitation Game (w/ @Yohana, @Ninta, & @IreneAnasthesia at @cinema ) � https://path.com/p/TbSb;;;1
Film yang belakangan ini aku tonton bergizi semua ya. : - Boyhood - Whisplash - Nightcrawler - The Imitation Game Juaranya Whiplash;;;1
Film yang bikin mikir (banget) tapi keren (banget) ? The Imitation Game (with @Agung at @cinema ) � https://path.com/p/Pdqx;;;1
Yang suka film berat, mikir, dan keluar bioskop pusing. tonton deh the imitation game , film di awal tahun  yang bagus banget!;;;1
Salah Satu film terbaik Tahun ini! Maaf ya! aku nonton duluan � ? The Imitation Game (w/ @kutzna at @cinema ) � https://path.com/p/TIqd;;;1
Oy, penggila IT (Security/Networking) Rekomen Film :  The Imitation Game  http://twitter.com/ylcjZO via: @BekasiUrbanCity;;;1
`@INDIKAFM film nya rekomen banget bro , the imitation game .. menyesal banget kalo ga nonton #MovieOfTheWeek;;;1
Setuju! RT@ipeh_heidy: Udah pada nonton film scarlet johanssen yang baru belum #Lucy ,keren banget science fiction gitu, bagus, gak menyesal #Rekomen;;;1
Bagi pecinta film .. Film LUCY .. rekomen banget.. apalagi yang suka ilmu pengetahuan tentang otak.. Keren banget..;;;1
Sudah nonton film lucy ? Bagian terlemah dari tubuh manusia tapi memiliki kekuatan pengendalian terbesar adalah otak https://pic.twitter.com/uhMGuWgKf;;;1
Habis nonton film  LUCY  & kagum dengan kekuatan super serta hipotesis ilmiah nya. :D (@Djakarta Theater XXI) https://www.swarmapp.com/mirzablue/checkin/ffeeaaf?s=TGlkjSDHwxhlpKlaUWkPoDE&ref=tw �;;;1
Film tercerdas tahun ini ? Lucy (with @awansyaputra at XXI Blok M Plaza) � https://path.com/p/IKms;;;1
Setuju sih sama pesan film Lucy , kalau tujuan hidup itu untuk legacy. Setuju banget;;;1
Film Annabelle lumayan bikin kaget juga hahaha;;;1
Nonton film lucu dulu sebelum istirahat ? Annabelle � https://path.com/p/FigMV;;;1
RT @FeMaleRadio terakhir nonton itu film annabelle . seram. #happymorning;;;1
Ini film menurut aku ga horor banget, tapi bikin spot jantung. #Annabelle http://twitpic.com/echyzy;;;1
#review film Annabelle, inti nya rapi, semua di susun rapi tidak ada yang terburu - buru, timeline nya pas atau tidak janggal, dan teror nya dapat https://pic.twitter.com/BfDPKf;;;1
aku kalo melihat jendela kamar suka teringat yang pas di film Annabelle;;;1
film annabelle ga terlalu seram .tapi membuat kaget;;;1
Lumayan seram sih RT@askfm_Indo : #askfm Menurut lo film Annabelle seram gak ?;;;1
Film annabelle itu lucu yah :-D sampai buat si abang teriak =)) aku aja diam :-P :-D;;;1
Benar kata orang - orang ya kalau film annabelle yang ini bikin jantungan --;;;1
Sumpah ini film lebih seram dari pada counjuring edun habis film ini rumah� ? Annabelle (at Cinema  Cilegon) � https://path.com/p/GilcC;;;1
Surga Yang Tak Dirindukan . Film yang bagus, banyak hikmah didalamnya.. Tapi, saya dini bukan Mbak� (at @cinema ) � https://path.com/p/BmGcs;;;1
Ya akhirnya aku sudah menonton film ka @bellaudya Surga Yang Tak Dirindukan benar-benar menguras air mata https://pic.twitter.com/IGrSnfXakuz;;;1
Suka banget sama film surga yang tak dirindukan . Ada dua kalimat yang sudah aku lakukan dalam� (at @cinema ) � https://path.com/p/DLZJb;;;1
Di bikin bengep nih mata sama film surga yang tak dirindukan .. Bagus film nya (with Nurma at @mccibubur) [pic] � https://path.com/p/xx;;;1
Allah hanya menerima orang - orang yang sabar dan ikhlas tidak sia-sia nonton film Surga Yang Tak Dirindukan .;;;1
Surga yang tak dirindukan film pelajaran banget #goodMovie (with @tatu at @cinema ) � https://path.com/p/KCux;;;1
Senang!! Hari ini dapet banyak pelajaran dan motivasi dari film surga yang tak dirindukan;;;1
wajib nonton surga yang tak dirindukan ,film nya bagus banget sampai bikin orang menangis @bellaudya � https://instagram.com/p/RpdqUThtx/;;;1
Wajar sih, memang pecah gila tuh film RT @Genfm : Ga sampai  minggu tayang dibioskop, film Comic   tembus  juta penonton uh .. nih;;;1
Ternyata film COMIC  memang benar-benar lucu & gokil pemain nya.:#;;;1
Suka banget sama jalan cerita film Comic  . Semacam reinkarnasi warkop DKI dalam versi modern tapi bukan plagiasi. BAGUS!! @ComicTheMovie;;;1
Dan kalian tau kalo film comic  itu lucu total keren abis dah, ini rekomendasi buat kalian kalau mau nonton tapi bingung mau nonton apa :);;;1
review sebentar tentang film Comic  , kocak dan akhir film yang ga ketebak. sekian review dari saya. (at @pondokindahmall ) � https://path.com/p/LHkF;;;1
@Indro_Warkop om film Comic  gokil banget, jadi mau nonton lagi, di tunggu film selanjutnya;;;1
Film Comic  keren! Salah satu film indonesia yang bikin mikir, bikin nebak-nebak sampe akhir;;;1
Hahaha kocak film comic  gak kebaca jalan ceritanya , jadi susah di tebak hahahaha keren abis;;;1
Mau nonton my idiot brother lagi :( sumpah itu film berhasil banget bikin aku menangis sesegukan :');;;1
Sukses banget film my idiot brother bikin menangis ga berhenti-berhenti;;;1
cerita nya menguras air mata :( my idiot brother #sad #ending #film #MyIdiotBrother #today #cinema #XX � http://instagram.com/p/tKsq;;;1
Film my idiot brother sukses bikin menangis. jadi inget kalian! (with @echojunanto at @nonniipriincess) � https://path.com/p/tUwv;;;1
Film my brother idiot bikin aku keluar - keluar studio bengep mata nya hahahaha gila keren;;;1
Lebih seru juga my idiot brother ya ka RT @aronashab : Film Annabelle ga seru.;;;1
Sukses buat yang bikin film my idiot brother sukses buat orang nangis  studio;;;1
Pujian insan perfilman buat My Idiot Brother , terima kasih buat yang sudah nonton (with @Ferry at Fast Film ) [pic] � https://path.com/p/fNjDt;;;1
My brother idiot ternyata seru banget. Ada geli, jijik, sebel, kesel, lucu, ketawa - ketawa, yang paling mengesankan terakhir film kita menangis pijar : .;;;1
Oke fix film my idiot brother nya bikin aku cengeng :'( sumpah bagus dan disitu ka kim cantik pake banget @kimbrlyryder ^^;;;1
Kesimpulan dari film supernova Junot ganteng banget;;;1
Film supernova itu film terbrengsek tahun ini!!! Keren & ga ketebak!! (at Mall kota kasabelangka) � https://path.com/p/xuN;;;1
Huh ini film Supernova film paling kocak yang pernah kutonton;;;1
Baru kali ini nonton film bioskop mikir keras, dari alur cerita sampe dialog nya yang berhasil bikin nyut-nyutan kepala lokasi nya keren - keren #supernova;;;1
menurut situs newyorker ini film drama terbaik tahun kemarin, hem patut di coba� ? American Hustle � https://path.com/p/ipsu;;;1
Jadi suka sama Jennifer Lawrence gara - gara film american hustle :D;;;1
Kalo ada pembuat film yang mau membuat film tentang KPK ya cara paling gampang buat lah yang Kayak American Hustle. Film dengan tema berat tapi di buat cukup ringan.;;;1
wah RT @solehsolihun jennifer lawrence dan gaun terseksi nya di film american hustle yang keren. https://pic.twitter.com/ckOniSoLZ;;;1
American Hustle . Irving Rosenfeld. Film tentang Korupsi, Kolusi dan Nepotisme. Penipu ulung. Rekomen. Sugoi!!!;;;1
Film american hustle cukup rumit, tapi keren lah!;;;1
Nonton American Hustle itu udah kaya nonton Inception. Musti jeli sama dialog-dialog di awal film biar bisa mengerti ke belakang - belakang nya;;;1
The Call ... Film bagus ini. Lebih puas nonton ini daripada man of steel yang Zonk!! [pic] � https://path.com/p/wyK;;;1
Yang bilang The Conjuring itu udah cukup seram dan mengaggetkan, coba tonton The Call . Bukan film horror tapi jelas lebih menyeramkan dan mengaggetkan;;;1
The Call keren... Sepanjang film kejang - kejang :)) (at @cinema ) � https://path.com/p/QBKd;;;1
PUAS BANGET SAMA AKHIRNYA!!!!! Keren nih film !!! ? The Call � https://path.com/p/jLxua;;;1
Menegangkan setiap detik nya / buat film ini bagus ? The Call (at @cinema ) � https://path.com/p/dKACF;;;1
Efek film ini setara dengan cardio  menit jantung akan sehat ? The Call (at @jocmons ) � https://path.com/p/iwyp;;;1
Sumpah ini film keren banget.. Dari mengantuk sampe buat aku tidak bisa tidur.. Sukses dah sutradara nya� ? The Call � https://path.com/p/hkyUF;;;1
Penasaran! Tonton deh besok RT @detikcom : Menjelajah Angkasa dalam Film Gravity #Gravity http://detik.com/tErYg via @detikhot ;;;1
Review #Gravity : film ini menceritakan wanita yang terjebak di luar angkasa dan dia harus berusaha untuk kembali ke bumi, sendirian!! Seru :-D;;;1
Sepertinya  Gravity  bakal jadi film sci-fi paling epik tahun ini. Bahkan dapat #CertifiedFresh % RottenTomatoes dan % IMDb. :);;;1
Ada D nya ga kak? RT @realtamiii : Film Gravity itu surga buat orang seperti saya. Bisa lihat isi ISS sama Soyuz nya walaupun gak asli. Tapi � https://twitter.com/ardictatian/status/;;;1
Film nya bikin pintar karena jadi tahu gimana sebenarnya di luar angkasa itu ;);) RT @jflowrighthere : Lagi ada film - film menarik nih, Gravity , Prisoners, MSS nya @radityadika , hmm #apalagi ya?;;;1
Habis menonton gravity .... Langsung cabut lagi lah, memang ada yang peduli? Gak ada kan... Huh huh huh film nya keren abis!!� #Gravity;;;1
`@Mujiastono @oland_ bagus banget. Sampai-sampai akting nya Lupita Nyong'o menyabet Oscar. Alasan menonton film  Years a Slave ya karena itu.;;;1
WAH RT @ryanhadefi : Gravity sama  Years A Slave sama - sama % di @RottenTomatoes , tapi rating nya lebih tinggian Gravity gitu :|;;;1
Lagi nonton  years a slave ... Keren...!!!;;;1
Benar-benar :(( nonton film  years a slave aja menangiskan ;(;;;1;
Ini tuh Jelas film yang Berkelas pake banget, Rekomen!! ?  Years a Slave (at @cgk_ap ) � https://path.com/p/ERTa;;;1
Nonton  years a slave bikin pilu #pffft ,,tak heran jadi salah satu film nominator (menang) kategori beberapa penghargaan film bergengsi #fb;;;1
Pada heboh film filosofi kopi akhir - akhir ini, padahal pers nya sama cerita nya sudah buming semenjak bulan november di senayan .. Pada telat update ..;;;0
Yakin di film in?? RT @OhKutipanBuku : Teaser poster untuk film Filosofi Kopi !!!!!! https://pic.twitter.com/kFOmaDds;;;0
omong-omong perawi film Filosofi Kopi itu siapa? jangan - jangan dhaif, jadi tak persis seperti novel nya.;;;0
Masih berlangsung nya film filosofi kopi satu yang gw dapet adalah. Kuku jempol nya chiko jeriko jelek :));;;0
Nonton film indonesia  filosofi kopi ,mata pegal layar nya gerak - gerak� (w/ @Kiko, @Caroline, & @BerthaRia at XXI cipinang Indah Mall) � https://path.com/p/XGnO;;;0
The secret suster ngesot urban legend itu film horror apa iklan mobil;;;0
The Secret : Suster Ngesot Urban Legend Pengorbanan Cinta Berujung Petaka Kepul http://hotdetik.com/read/// ////the-secret-suster-ngesot-urban-legend-pengorbanan-cinta-berujung-petaka;;;0
The Secret Suster Ngesot Urban Legend batal tayang di daerah Palopo, Sulawesi Selatan setelah diprotes oleh asosiasi perawat karena penggunaan kata  suster . Kalo judul FTV Indosiar: Akibat Kebanyakan Gimmick dan Settingan, Filmku Di boikot dan Batal Tayang https://pic.twitter.com/ozzSSWvbz;;;0
Ih Ngeri.. Ada Yang Kesurupan Saat Promo Film The Secret - GO SPOT https://youtube.com/BP-PKca_Y lewat @YouTube;;;0
Iklan film the secret aja bikin seram gak mau lihat kanan - kiri kalau lampu kamar udah mati. Apa lagi nonton nya huh;;;0
Nagita Slavina Ternyata Terpaksa Bermain di Film Raffi Ahmad, The Secret Suster Ngesot http://dlvrit.com/QQwrt;;;0
: gue : temen gue : eh pengin nonton horror deh. Saran film horror dong : itu... Yang the secret of apa tuh... Secret of suster ngen EH ngesot;;;0
Film The Secret : Suster Ngesot Dibuat dengan Logika Ngesot https://ifttt.com/JCwkUV #perfilmanindonesia #filmindonesia;;;0
pengin nonton the secret walaupun gua takut sama film horor apa lagi pas temen yang udah nonton bilang seram banget gua semakin kepo kan;;;0
Tidak sesuai ekspektasi. #Danur . (at @cinema ) � https://path.com/p/Lwt;;;0
Danur &. Gajelas banget cerita nya, apalagi yang kedua gantung parah (nonton juga lagi gw wkwk), alur nya biasa aja, banyak yang nonton waktu part  karena pemasaran nya aja kali itu bagus bikin penasaran dan masuk film horor indonesia terbanyak penonton nya.;;;0
DANUR nya kurang seram, masih seraman DANUR kuning nikahan mantan . . . . . #danur #danurmovie � https://www.instagram.com/p/BSqPTEhAwA/;;;0
Biasa aja ah ? Danur (with @AhmadSyahruji at @cinema ) � https://path.com/p/JxfSm;;;0
Gak seram uang balikin ? Danur (with @Sari at @cinema ) � https://path.com/p/tjRZs;;;0
Lumayan bikin takut juga suara nya tapi durasi film nya kurang panjang ? Danur (with @intan at @cinema ) � https://path.com/p/NnTq;;;0
Gak ada seram-seram nya ah ? Danur (with @Dwi, @salsabilah, and  others at Gading XXI) � https://path.com/p/HqlnP;;;0
Nggak seram pisan deh ? Danur (with @Indra at Cinemaxx Mal Lippo Cikarang) � https://path.com/p/oLPIk;;;0
Ga seram ah danur .... (with @Debby at @teraskotabsd ) � https://path.com/p/aTgDt;;;0
Paling malas nonton beginian ? Danur (with @Shafa and @PUTZALLEA at @cinema ) � https://path.com/p/wIMp;;;0
harus melewati jumlah si film ngesot yang sebelum nya kalau bisa mengalahkan danur kalau gak mah berani-berani tapi ujung nya ditertawakan jadi bahan ejekan baru setelah rafathar...ya minimal lebih dari rafathar ..;;;0
Hahahahhahaha ekspresi kakak - kakak gua ketika nonton film Danur orang pada nonton kedepan� https://www.instagram.com/p/BSnZ-wFu/;;;0
.... film cek toko sebelah (berniat sekali ingin menonton karena rating yang bagus) maka saya tidak akan menonton nya.;;;0
Nonton film yang katanya rating nya jelek ? Suicide Squad (with jayanti at @cinemaxxtheater ) � https://path.com/p/dtwVM;;;0
Gak seru ah.. Cerita nya klasik banget dan mudah ketebak ? Suicide Squad (with @Lia and @Fadhila at @cinema ) � https://path.com/p/Dj;;;0
Baru nonton udah basi banget ? Suicide Squad (at Pt Ace Bio Care) � https://path.com/p/byFK;;;0
diawal film nggak ngerti siapa aja pemain nya, agak gak nyambung sama jalan cerita nya :D� ? Suicide Squad (at @cinema ) � https://path.com/p/VjIJG;;;0
Film Suicide Squad itu, kaya tampang pacar kamu.. Biasa;;;0
 cahaya di langit eropa . Ga terlalu bagus. (@Detos  - @cinema w/  others) http://sq.com/dHyqfQ;;;0
Tau aja kak RT@Aprilahfadiyah : Nanti stefen yang sering makan daging babi di film  Cahaya di langit eropa  di tabrak mobil;;;0
Karena ga ada film terpaksa nonton  cahaya di langit eropa . Padahal mah najis banget nonton nya;;;0
Ternyata film  cahaya di langit eropa itu cuma setengah doang dari novel nya. Dan nanti ada yang part  nya..;;;0
Truth or Dare bagus ga ya ? Dengar-dengar kayak Final Destinantion .. kalau benar gitu gw mundur ga bisa nonton film genre gitu..;;;0
#TruthorDare movie Ini film ga tau genre nya apa, romansa ada, horor ada, thriller ada, kek nya semua genre jadi satu. Terlalu mengintimidasi penonton, alias mengerikan. Kaya kita ikutan main permainan gitu;;;0
. Truth or Dare #TruthOrDare awal nya lumayan menyenangkan meski permainan dan drama nya receh banget. Namun makin lama kok makin jelek, makin ngelantur, dan makin sulit dimengerti ini film mau nya gimana, faedah nya apa, dan kenapa saya masih terus menyaksikan nya... ,/ https://pic.twitter.com/YrKUsPFHy;;;0
#TruthorDare ternyata film religi. Barang siapa menjalani perintah agama, hidup nya akan terhindar dari kesialan dipaksa - dipaksa main truth or dare berujung maut. He he.;;;0
Teori Hobbes om. Ciptakan ketakutan, maka kau akan menguasai nya. Di film animasi Zootopia , teori ini dikreasikan dalam budaya populer bahkan bisa dinikmati anak - anak.. Sok atuh di tonton.;;;0
Kita sudah cukup tua sebenarnya buat nonton film ini ? Zootopia (with @TyasAri at @cinema ) � https://path.com/p/OzF;;;0
Film bangkai gak bisa nonton tenang Usulan sapa sih nih nonton beginian -- :� ? Don't Breathe ( at One BelPark XXI) � https://path.com/p/rAUPo;;;0
Terandom nonton jam segini spot jantung x karena film dan papasan sama orang random : :)� ? Don't Breathe (at @cinema ) � https://path.com/p/kPrP;;;0
Gara - gara nih film ga jadi tidur , bikin tegang doang ? Don't Breathe (at dewa ciracas) � https://path.com/p/ZOJj;;;0
Beneran jadi susah napas nonton film ini ? Don't Breathe (with @Galih at @cinema ) � https://path.com/p/zWdnO;;;0
Film yang bikin capek habis nonton Tegang banget dari awal sampai akhir ? Don't Breathe (w/ @Yusak & @oim at @cinema ) � https://path.com/p/QrFD;;;0
Lebih hina bikin kaget nya,. dari pada film hantu #boleh Di Coba di tonton turutin mau nya pacar tersayang #malam minggu Kita :) � ? Don't Breathe (w/ @SekarPrabashanti at @cinema ) � https://path.com/p/Zotg;;;0
Kalau lo berharap ini bakal kayak Jumanji atau Ouija , Lupakan! Ular tangga cuma sekedar pemanis dan kambing hitam yang di bikin supaya kelihatan beda sama film horror indonesia lain. Terus kenapa ada lagu Lengsir Wengi juga coba??? Satu-satunya yang bagus cuma akting nya Danish Skor: / https://pic.twitter.com/TdshkYkY;;;0
Film apaan ini?? tidak ada seram -seram nya... ? Ouija : Origin of Evil (at Mana Aja Boleh Yang Penting Happy) � https://path.com/p/pxa;;;0
Jijik banget ini film !!! Mengesalkan!!! Dari awal sampai akhir ga dikasih napas gila� ? Ouija (w/ @Ibrohim at Platinum Screen XXI, Margo City) � https://path.com/p/CTx;;;0
Apa - apaan sih film Ouija ini... Horror kelas teri, membosankan.;;;0
Cowok dua orang sebelah gw nonton film ginian aja tutup muka, yang satu pake tangan yang satu pake topi� ? Ouija (at XXI Taman Anggrek) � https://path.com/p/vIxH;;;0
Ingat dong ini film horor bukan film drama, jangan senyum senyum nonton nya :p ? Ouija (with prm at @cinema ) � https://path.com/p/CGBLN;;;0
Untuk kedua kali nya ini kita mbak nonton ini film ,semoga ga ada yang tarik-tarik keluar teater,biar bisa nonton sampai akhir ya :D --� ? Ouija (w/ @Ulfaziah at @cinema ) � https://path.com/p/ShndQ;;;0
NAH ITU KESIMPULAN FILM OUIJA ! RT @naddevdes : @Tivamns_ jangan percaya sama nenek nenek/?;;;0
Dilampu gantung tolol RT @hadipratamas : @hendrian lo gua grayangin kalau gua mati, terus gua gantung di pohon cabe biar kaya film ouija #mati ;;;0
Indonesia masih menjuarai kalo masalah film - film horor, hanya kualitas gambar yang gambar yang membedakan nya :)� ? Ouija (at @cinema ) � https://path.com/p/QxD;;;0
Film gak mutu ... maksud nya mau science fiction, tapi science-gak dapat, fiction - nya juga gak jelas... #edisi nonton sama my angel� ? The Divergent Series: Allegiant (at @cineplex ) � https://path.com/p/BVQ;;;0
Gantung aja terus ini film ? The Divergent Series: Allegiant (with Dominic at @cinema ) � https://path.com/p/lrGQ;;;0
Udah nonton insurgent terus baca allegiant itu rasa nya aneh. Habis insurgent buku sama film beda banget;;;0
Kelamaaan dek. Bagus novel nya gak terduga banget apalagi yang allegiant RT@aghitsa_zirra: @Anindhita_ ada film nya juga... nunggu i;;;0
RT @bhimapasanova : RT @RezhaNusantara: @soyidiyos coba nonton film falcon and the snowman , biar kamu makin benci sama CIA :) http://myloc.com/riInf;;;0
Malam jumat nonton film horor, tapi film nya jelek ? Rings (at @cinema ) � https://path.com/p/xJyMI;;;0
Buset dah dari awal sampai habis ini film boros dah ah ? Rings (at @cinema ) � https://path.com/p/GuMs;;;0
Agak males sih ,, berhubung cuma ini yang belum di tonton film nya hahaha ? The Bye Bye Man (at @cgvblitz ) � https://path.com/p/fRzvb;;;0
. Pacific Rim: Uprising Jika tayang  tahun lalu, #PacificRimUprsing tentu jadi tontonan yang mengaggumkan. Namun karena ini , jatuh nya jadi sekedar ajang pamer efek visual dengan kisah yang tipikal dan membosankan. ,/;;;0
Kemarin nonton film action ini... Eh masa ada yang menangis hahaha :p ? Pacific Rim (with @muliyarahma ) � https://path.com/p/Dpjpz;;;0
:'( :'( RT @amrazing : Agak sakit hati lihat film sebagus Pacific Rim baru dapet , juta dollar di Amerika.;;;0
Kenapa sih monster di film Pacific Rim dinamakan Kaiju, kayak nama pokemon ga sih? Ga ada seram-seram nya;;;0
Film gak jelas mendingan film si KOMO RT @detikcom : Pacific Rim  Telah Diumumkan Tanggal Rilisnya http://detik.com/VqSb ;;;0
#Dunkirk mempunyai cinematic nyata, skor dari Hans Zimmer yang amat membuat tegang serta akting menawan dari jajaran pemain, namun sayang film perang ini tampak kurang maksimal dalam pemaparan perangnya (,/) https://pic.twitter.com/TEAKjdKQH;;;0
Ga terlalu hype sih sama ini film , menceritakan jaman WWII yang kejadian nya di Dunkirk , tapi karena yang sutradara nya Christopher Nolan, otomatis gw nonton, fans berat film - film dia.#dunkirk #wwii� https://www.instagram.com/p/BWz-UFARB/;;;0
Oh iya deng pada dasarnya memang gak suka yang fantasi - fantasi begitu. Monster - monster, terus genre action yg kejar - kejaran sepanjang film . Pasti ketiduran. Dua kali begini soalnya. Nonton Fast&Furious terakhir sama Rampage ... tidur... capek berisik;;;0
Setiap film yang ada karakter binatang reptil nya jadi raksasa lalu meraung (atau mengaum apa lah itu) harus siap-siap resiko malah bikin penonton ingat nya sama Godzilla... Kasian. #RAMPAGE;;;0
Seru mana RAMPAGE atau INFINITY WAR ? � Ga dua-dua nya http://askfm.com/igoto/DKECN;;;0
tapi red sparrow memang parah sih wkwk ga kebayang gue nonton itu di bioskop wkwk;;;0
red sparrow seru parah gini tapi rating nya sedikit aduh;;;0
KPU Larang Film Dilan  Ditayangkan di TV http://www.suaradewan.com/kpu-larang-film-dilan--ditayangkan-di-tv/ �;;;0
Jangan rindu. Ini berat. Kau tak akan kuat. Biar aku saja. - dilan @JlHJian cipete utara� https://www.instagram.com/p/BSvmstqApXU/;;;0
. Arini Morgan dan Aura Kasih tak tampak seperti pasangan dengan perbedaan usia yang jauh sehingga premis utama yang ingin disampaikan jadi gagal tercapai. Pada akhirnya #Arini terasa datar. Tak ada rasa. Tak ada gelora. ,/ https://pic.twitter.com/rpwtiNCh;;;0
Pengabdi setan ,film jadul. RT @film_indonesia : #dibantu #tanyamalam --?  @Imamul_ Mau tanya, film horor (cont) http://tl.com/ogfq;;;0
Ini adegan paling kampret di PENGABDI SETAN https://pic.twitter.com/oHHeSpsR;;;0
#GerbangNeraka memberikan variasi baru nan segar dalam perfilman Indonesia, walau seharusnya misteri nya bisa hadir lebih matang lagi. /;;;0
Tiba-tiba merinding ingat adegan ketok - ketok jendela (^.^) RT @jokoanwar : Yuk minta @sunilsamtani Rapi Films suruh gue nge-remake Pengabdi Setan. :));;;0
Gak tau harus ngomong apa lagi #PengabdiSetan beneran SETAN !!! #maafBerkataKasar Sangat� https://www.instagram.com/p/BZZLLWhzZS/;;;0
Nonton Pengabdi Setan siap-siap ketakutan ah belum nonton aja kok gw deg-deg an wkwk � https://www.instagram.com/p/BZvtvfHnOE/;;;0
Pengabdi Setan jalan cerita nya bagus... Cuma kenapa akhirnya bikin drop... . .� (w/ sugih & Rendi at @cinema ) � https://path.com/p/JxGZh;;;0
#AnnabelleCreation awalnya terlihat meyakinkan, namun lama kelamaan jadi tak jauh menyebalkan dari film pendahulu nya. /;;;0
Seringkali menyebalkan dan guyonan nya tak selalu tepat sasaran, namun sulit untuk mengatakan #TheUnderdogs adalah sajian yang buruk. /;;;0
#TheDoll berjalan cukup asyik dan meyakinkan hingga akhirnya masuk ke paruh ketiga yang penuh dengan momen - momen menggelikan. ,/;;;0
Cuma harus diakui, saya sulit untuk terikat secara emosional dengan karakter - karakter nya karena cerita latar belakang yang sangat minim. #Dunkirk;;;0
#DespicableMe kehilangan momen - momen segar yang ada di dua film pendahulu nya. Yah, walau sesekali masih mampu bikin tersenyum. /;;;0
#Jailangkung sibuk menyajikan gambar - gambar bagus hingga lupa tugas utama nya untuk menghantarkan ketakutan kepada penonton. ,/;;;0
Punya deretan pemain yang berlakon apik, sayang nya #SuratKecilUntukTuhan terasa berusaha terlalu keras menguras air mata penonton. ,/;;;0
#TheLostCityofZ Perjalanan menggugah sekaligus mencengkeram dengan penampilan karismatik Charlie Hunnam. Namun kadang terasa melelahkan. ,/;;;0
Dengan cerita dan latar terbatas, #MetersDown efektif menghantarkan ketakutan pada penonton. Sayang penutup nya sangat mengecewakan. ,/;;;0
#Mantan punya konsep menarik walau penyampaian emosi nya kadang tak mulus dan terlalu meledak - ledak. Aktris - aktris nya bermain bagus. /;;;0
. Terbang: Menembus Langit Sebagai film yang niat nya menginspirasi, sangat disayangkan #TerbangMenembusLangit hanya menyajikan masalah demi masalah tanpa mau memberikan solusi nya. Padahal performa Dion Wiyoko bagus nya bukan main. / https://pic.twitter.com/UrbLluz;;;0
Nonton Exorcist The Beginning setelah tadi siang nonton Insidious . The Last Key jadi berasa gak ada apa - apa nya. Exorcist, film klasik yang menyeramkan membekas, macam The Omen;;;0
Bukan ketawa aja sih, ini film kok bikin mikir juga ya~ ? Koala Kumal (at GrandMetropolitan XXI) � https://path.com/p/jKM;;;0
Banyak yang patah hati.. pantas pada ngajakin nonton nih film .. ? Koala Kumal (with All at @cinema ) � https://path.com/p/nJQF;;;0
#Film - A Quite Place untuk Indonesia yang Banyak Bacot - https://isgd.com/FiupU https://pic.twitter.com/UNiNbUQhRE;;;0
Monster nya a quite place muncul di infinity war, harus nya si regan ada nih biar monster nya pada cepat mati :(((;;;0
dulu waktu nonton film Yowis Ben dinyinyirin wah kamu nonton film ini gara - gara sekolah yang di pakai syuting itu dulu mantan mu sekolah disitu ya? , gak nyambung! ();;;0
. Love for Sale #LoveForSale membangkitkan memori betapa mencintai seseorang bisa sangat menyakitkan. Ketimbang film cinta, lebih cocok disebut film horor. Bangsat nya minta ampun. / https://pic.twitter.com/meoDjKTGLc;;;0
#loveforsale - film cinta yang tak memuja cinta tapi tak juga mengolok - olok cinta. Ia hanya menyindir kita yang terlalu banyak alasan untuk tidak terlihat mendamba cinta. Padahal dicintai dan mencintai adalah soal menjadi manusia. #loveforsalemovie - keren http://askfm.com/igoto/DKECNVDDAUPYIQOCKGTJLAR;;;0
Sial nonton love for sale sesedih itu, pas sendirian pula nonton nya ga bisa ndusel :((;;;0
Ternyata film Tomb Raider yang tahun ini biasa aja ya � Masih bagusan yang main Angelina Jolie sebagai  Lara Croft � #IMO;;;0
tengah - tengah nonton Black Panther, istri gw tidur, gw terus ganti nonton NJPW. jelek banget anjir film ini;;;0
Sumpah kaget banget sih!!!  ?  The Conjuring  (with @Deepty at @cinema) � https://path.com/p/xEurD;;;0
Terlalu lucu ini film. ?  The Conjuring  (at @cinema) � https://path.com/p/uTtzi;;;0
FILM MACAM APA INI ?  The Conjuring  (with @Farrah at @cinema) � https://path.com/p/Kxlv;;;0
yang udah nonton dua kali bakalan lebih takut sama yang baru perdana. ?  The Conjuring  (w/ @Meilina at @cinema) � https://path.com/p/lblL;;;0
Pegal woy seriusan, pulang - pulang rasa nya butuh koyo wkwk mana nonton the conjuring lagi setan nya di depan muka :(((;;;0
Pelanggaran Falcon Pictures di Film Benyamin Biang Kerok http://www.abadikini.com/read///;;;0
Ody Mulya angkat bicara soal sengketa hak cipta film Benyamin Biang Kerok http://nasional.kontan.co.id/news/ody-mulya;;;0
Film Benyamin Biang Kerok ternyata tidak berhasil menggapai target  juta penonton. Dan Menurut Max Pictures, itu salah penulis naskah nya Kalau menurut kalian gimana? Hem -- #Asumsi;;;0
Review Film: Keisengan Remaja Yang Berujung Maut di Truth Or Dare https://idbookmyshow.com/blog-hiburan/review-film-truth-or-dare/;;;0
Sejak habis nonton film ini tadi, kalau ada yang mengajak gue main truth or dare gue gak bakalan mau, lo main aja sendiri :D :D #TruthOrDareMovie;;;0
Truth or dare ini adalah film hantu tapi hantu nya ga nampak. Aku kan penasaran sama calex kah culex kah siapa ya lupa haha. Mengagetkan sih karena backsound nya. Jadi inti nya kalau kalian mau main truth or dare pilih lah truth hem :D;;;0
Film terburuk apa yang pernah kamu tonton seumur hidupmu? - Happy Death Day Parah lah film itu https://askf.com/chelle_js/answers/?;;;0
Film nya kurang bagus, walaupun di media rating nya mengalahkan Civil War #latepost � ?  Don't Breathe (at Cinema XXI Plaza Depok) � https://path.com/p/dWfr;;;0
Sedih deh, film macam apa coba nih .. Mata sampai bengkak begini : � ? Warcraft (w/ @Fadli at XXI Cinere Bellevue Mall) � https://path.com/p/zVYY;;;0
Tegang banget nih film, rating memang ga bisa bohong ?  Don't Breathe (with @Aviseina at Bassura XXI) � https://path.com/p/ECI;;;0
Cacat nya di film habibie & ainun adalah, memang nya tahun an udah ada e-tol ya? �� dan sponsor nya gaul deh. Chocolatos sama wardah. Hahaha;;;0
Skrip itu yang buat aku iri :) RT @kakaanya : Jikalau aku harus mengulang hidup ku lagi, aku akan tetap memilih mu. #Habibie &Ainun;;;0
. Kepercayaan penonton awam yang sudah terbangun karena film - film keren seperti cm dan Habibie & Ainun , akan hancur lagi karena film - film sampah.;;;0
Betul tidak RT @mstikasari : hahaha RT @ynsiregar: Orang masa kini mesti nya kaya habibie & ainun , jangan baru nikah terus besok nya diceraikan;;;0
Asyik sekali kata :D efekFilm RT@indhykhansaa: Jika kelak ku di takdirkan hidup kembali, aku tetap akan memilih mu! #Habibie &Ainun;;;0
Cie yang habis nonton RT@intanayudautami: Film Habibie & Ainun nya menyentuh amat sekali banget :) {};;;0
Di film habibie ainun , orang Indonesia ternyata sangat mudah terprovokasi oleh media - media yang ada di Indonesia. Benar bisa jadi salah dan sebaliknya;;;0
ah jelek RT@husein_saefudin: Habibie-ainun rul berangkatin RT @vharul : yuk ah nonton RT@PudingCTC: Hobit rul keren..  @vharul : ;;;0
Hm film habibie ainun sebenarnya bagus, tapi pemilihan peran nya kurang pas *masa anak lebih tua dr papa mama nya --;;;0
Setelah menonton film #TemanTapiMenikah jadi merasa bersalah ke teman sendiri. Huh huh;;;0
Sorry to say #TemanTapiMenikah kurang bagus cerita nya datar tidak ada konflik dan klimaks tapi visual film nya bagus. Coloring nya juara.;;;0
Kemarin banyak yang tidak setuju Iqbal berperan sebagai Dilan karena dinilai terlalu kalem (kurang nakal kata nya). Sekarang Iqbal lagi heboh di beritakan karena foto ciuman pada tidak terima juga kata nya Dilan kok nakal, Dilan kok jahat. #Dilan;;;0
. Rampage. Ketimbang sekadar memberikan deretan aksi demi aksi, #Rampage mencoba untuk banyak bercerita. Sayang nya cerita nya jelek dan dipenuhi teori-teori sok pintar yang terasa konyol. Hasil nya malah jadi sangat menjemukan dan tak seru sama sekali. /;;;0
ga jadi nonton deh.. RT @detikcom : Mengapa Pacific Rim Melempem di Box Office? http://detik.com/jZmk via @detikhot;;;0
`@mrazino iya sih yos, agak membosankan memang. Animasi nya dewa parah haha. Pacific rim siap untuk disaksikan nih roman nya he he;;;0
Ga seru mam RT @idsantos_ : apa cuma aku disini yang gak tertarik sama film Paranormal Activity : The Marked Ones ?;;;0
Fix ga ada greget nya nih film -_- ? Paranormal Activity : The Marked Ones � https://path.com/p/scqL;;;0
aku tuh ya kok ga pernah suka film ini. agak terlalu maksa gitu jadi nya. PARANORMAL ACTIVITY : THE MARKED ONES https://pic.twitter.com/snuEYpXr;;;0
Film aneh banget -- ? Paranormal Activity : The Marked Ones (at @cinema) � https://path.com/p/hC;;;0
tegang sepanjang film RT@tattaarinda : Asik, next week ya Mas :D  @avicenna_topenk : @tattaarinda elysium http://twitter.com/mlRFg ;;;0
Elysium .... Entah film apa itu hahaha (@LOTTEBintaroXXI - @cinema w/  others) http://sq.com/Rogn;;;0
Ya Allah, kenapa engkau memberikan cobaan film Elysium kepada Moviefreak yang lagi minim budget;;;0
Kelihatan kumuh tapi realistis untuk film sci-fi, keren. ? Elysium � https://path.com/p/KcGty;;;0
Genius banget yang buat film Elysium astaga kok aku ketakutan ya nonton nya ??;;;0
Jadi kurang tertarik sama Carrie setelah tau ternyata itu cuma film recycle yang dulu udah pernah tayang, sayang banget padahal kayak nya seru </;;;0
Review film : carrie . Pendapat saya untuk film ini, hm boleh lah buat sekedar film akhir pekan, tapi kalau saya lebih mengkategorikan film ini drama remaja ketimbang horror, ga da horror - horror nya� � https://path.com/p/FjIT;;;0
Film ini dikira horor gimana gitu... ternyata bukan hantu gitu.... tapi seru ga menyesal� ? Carrie (w/ @Adrian at @cinema ) � https://path.com/p/fNdV;;;0
Film psycho yang aneh dan ga jelas awal dan akhirnya x( ? Carrie (at @cinema ) � https://path.com/p/QjGO;;;0
Tadi kulihat memang remake of Carrie udah di bioskop. Malas tapi nonton horror sendiri. Film asli tahun  sih popular dulu. Silahkan yang mau nonton tuh.;;;0
Carrie .. Hmmmmm. Yang pasti itu bukan horror, tapi film tentang prom, dan sedikit thriller di akhir. Alur nya lambat, twist nya kurang. Buat penggemar horror sih agak mengecewakan� � https://path.com/p/Byu;;;0
Pondasi kokoh Carrie di awal roboh di pertengahan film ke belakang. Terlihat konyol. Atau karena orang belum mengenal Hugh Jackman di ?;;;0
Barusan lihat ada film horror lagi Killer Toon. Ogah ah, kemarin nonton Carrie aja mata ditutup sebelah ewang :|;;;0
Carrie bagus mah kak RT @galuhkeanu : Dan aku menyesal! Film apakah itu!! #crap #Emergo!;;;0
Asli.. Demi apapun juga aku tidak suka film horor... ? Mama (w/ @NallinoJS , @cdhinia , &  others at Blitz Megaplex MOI) � http://path.com/p/NvPG;;;0
Kak @foreethatehsusu kita mesti banget nih nonton film horor Mama seram.. http://myloc.com/raEDK;;;0
Memang iya kan ga terlalu seram kan film nya hi hi RT @HarryBoy : Kata dia gak seram � @AdrienResya RT @Yahoo_ID :  fakta seputar film Mama;;;0
Entah kenapa aku merasa film MAMA agak lebay ya..Coba kalo si MAMA nya itu gak bisa menyentuh manusia, mungkin bisa lebih diresapi sebagai makhluk gaib nya;;;0
Persis banget? RT @MeggaNavita : Film luar, udah ada di bioskop RT @NONAKIKY : Film indonesia ya itu? RT @MeggaNavita : Film Mama sama persis kaya cerita nya Insidious;;;0
Btw, jangan nonton film Mama sendirian. Ga baik buat jantung. Parah! Horror abis Mama- nya --;;;0
Gara - gara film MAMA terus ditakut- takutin sama mas @yudacastelo jadi parno di loker sendirian hi;;;0
-- RT@Ndra_Neeh : Parno itu adalah lihat kupu - kupu nempel di dalam kamar yang tertutup rapat setelah nonton film MAMA, masuk lewat mana tuh kupu - kupu ya?;;;0
Masih bingung dengan film ini ? After Earth (at Casablanca Mansion) � https://path.com/p/uRfwt;;;0
Dan ini adalah film yang membosankan kedua yang saya tonton setelah after earth (with @Arumii at @cinema ) [pic] � https://path.com/p/sSb;;;0
Demi apa ini film ga jelas banget ... sama aja kaya after earth ,untung nonton pake tiket gratis jadi ga menyesal banget sih -- http://myloc.com/rYM;;;0
Film buluk dan bikin ngantuk. ? After Earth � https://path.com/p/aLNp;;;0
Kurang greget ini film . Jauh sama film nya di MIB , ,  atau Bad Boys , . Rating nya /. Haf ? After Earth � https://path.com/p/sAujX;;;0
Yang membingungkan dari film after earth itu.... Bulat bulat yang kegunaan nya pengganti oksigen;;;0
Film nya standar...musuh nya cuma binatang satu ekor,� ? After Earth (w/ @robertrocky & @Lidya at @blitzmegaplex ) � http://path.com/p/nKGk;;;0
Menangis kelar nonton film ini.. film yang berdasarkan Ide will smith ini benar-benar tentang puncak� ? After Earth � https://path.com/p/jInay;;;0
After Earth gitu doang film nya, kurang seru! http://myloc.com/rBVNY;;;0
Tapi Film yang aku kasih bagus kan mas io RT @RioRani After earth gak bagus ah film nya;;;0
film budget yak :-D RT @nitaeuy : Rugi nonton After Earth , sepanjang film yang ada cuma  org... :|;;;0
Belum ada poster nya di path.. film yang cuman keren bagi yang suka� ? The Imitation Game (w/ @mamakyimi at @cinema ) � https://path.com/p/HWFhI;;;0
Ga tau film apa ga tau tentang apa ga tau nonton apa� ? The Imitation Game (w/ @EkaPridaSadewa at XXI Blok M Plaza) � https://path.com/p/Lkg;;;0
Memang dasar otak ga sampai kali ya.. ga mengerti sama ini film � ? Lucy (w/ @abdielktg at Blitz Megaplex - Central Park) � https://path.com/p/zqaH;;;0
Hi hi hi cerita nya mirip - mirip kayak film carrie versi sains hi hi hi � ? Lucy (w/ @ogieanakbaik at Blitz Velvet) � https://path.com/p/htY;;;0
Jadi inti film  LUCY : Jangan terlalu sering pakai otak, sebentar lo jadi flashdisk :)) (at @cinema ) � https://path.com/p/IkHV;;;0
Kocak sial film nya mending film ini daripada film lucy yang kemarin aku tonton;;;0
Gara - gara kemarin nonton film  lucy  jadi aja kebawa parno sesaat pas tadi imigrasi cek hihi (at @cgk_ap ) � https://path.com/p/HaMAg;;;0
Jantung nya copot gak? hahaha RT@Mhmdrohadi : film annabelle gak seram cuma bikin jantungan doang;;;0
Oke! aku akhirnya tau kenapa lo bilang film ini rasis! Wkwk ? Annabelle (with @mpazzhole at @cinema ) � https://path.com/p/sJoC;;;0
Siap-siap tutup mata sepanjang film .� ? Annabelle (w/ @rachmat_al , @adindaadprila_ , & @agung_darmaji at @cinema ) � https://path.com/p/pTti;;;0
RT @ronzzykevin : padahal asli nya Annabelle gak se busuk yang di film sih lucu https://pic.twitter.com/NeQmfECfQF;;;0
Annabelle tidak jelas film nya anjir --;;;0
Sumpah nih film , ga ada romantis nya... ? Annabelle (with @Imelda and @Marihot at @tatankhan ) � https://path.com/p/BNza;;;0
Asli lebih merinding nonton film horror nya Suzzanna dari pada annabelle atau ouija;;;0
Ini film seram nya dimana -- di ulang-ulang sama aja ah ~ ? Annabelle (at Perumahan Duta Kranji) � https://path.com/p/odgyC;;;0
Aku berani RT @anna_fat : bagaimana? RT @riamnks Akibat gak suka film horror hari gini baru nonton annabelle bareng @anna_fat ...itu pun pake di tutup mata;;;0
Kritikus film bilang film ini tidak seram. Tapi baru nonton beberapa menit durasi nya, aku dah spot jantung. Mungkin karena aku penakut. #annabelle;;;0
Film Annabelle bakalan kalah seram nya sama orang yang pacaran bilang Aku tidak bisa hidup tanpa kamu dan nyata nya setelah putus ga mati mati;;;0
Ini film gak ada seru-seru nya !!!! ? Annabelle (with @ayuningnong at @cinema ) � https://path.com/p/vXUdJ;;;0
Biasa aja ah RT@dindinNOV : Benar kata orang - orang ya kalau film annabelle yang ini bikin jantungan --;;;0
Aku kira itu film nya wah tapi klimaks nya aja gak berasa #Annabelle (at Cinema  Cilegon) [pic] � https://path.com/p/tmlG;;;0
@dewiyuliaaa_ , linda, purbo Tft banget buat hari ini. Puas ya kita ketawa - ketawa dengan film annabelle yang LUCU PARAH(?)!!!!!HAHAHA;;;0
Sebenar nya ga suka dan ga pengin nonton nih film , cuman kepo aja� ? Annabelle (w/ @ansy_ardi at XXI Puri Mall) � https://path.com/p/UGs;;;0
Ini film Seram sih engga cuma sadis aja SIAL !!!!! ? Annabelle (at @cinema ) � https://path.com/p/jZDX;;;0
Biasa aja RT @KapanLagicom : Sudah nonton film ANNABELLE belum nih KLovers? gimana film nya? sukses bikin jantungan nggak? #kamisteri ;;;0
Tidak seram hanya membuat kaget :( RT @KompasTV : Menurut kamu sendiri, seseram apa sih film Annabelle , Sahabat KompasTV? #KompasFilm ;;;0
Lebih seram hidup sepi daripada Film horror The conjuring atau AnnabeLLe *udah gitu aja *teparah *bye!;;;0
RT @Metro_TV : [Populer]  Kesalahan Film Annabelle yang Mungkin Tidak Anda Sadari http://showbiz.metrotvnews.com/read/// //;;;0
`@octaviaputrit film annabelle ngbosanin karena mirip sama rosemary's baby + alur nya gampang di tebak... Hantu nya malah keluar bentar doang..;;;0
Nonton film surga yang tak dirindukan sendirian. Sumpah jelas banget aku cewe yang kecewa sama lelaki� (at @cinema ) � https://path.com/p/zpXN;;;0
Nonton film surga yang tak dirindukan , banyak yang jualan bawang kayak nya di sini, mata perih (at @cinema ) � https://path.com/p/XnQZh;;;0
Surga yang tak dirindukan .. sampai bosan saya nonton nya..hahaha :p (with @Tri at @cinemaxxtheater ) � https://path.com/p/vIVPY;;;0
Nonton film comic  . Gak lucu. Tapi mbak-mbak dibelakang ketawa nya heboh x( (@Blitz Megaplex Grand Galaxy Park) http://sq.com/jWToX;;;0
Alur cerita film comic  , mirip-mirip now you see me;;;0
`@farhanadi oi ya memang film comic  seru ya?;;;0
Iya, tapi banyak adegan yang datar, kurang greget RT@PlasaMSN : Prediksi Jokowi tentang laris nya Film Comic   ternyata benar http://on-msn.com/ifgexH;;;0
Film my brother idiot benar-benar dah autis benar  hahaha;;;0
film ke  Supernova film terlama dan gak ngerti apa maksud nya� (at @cinema ) [pic] � https://path.com/p/dVqQU;;;0
Yang hampir hilang dari film supernova : parallel universe saat tokoh-tokoh yang dibuat Dimas Ruben satu-satu muncul jadi nyata, cuma di akhir saja, gak kaget.;;;0
Supernova ! perlu mencerna pikiran lebih dalam buat tau isi film (with @anithaf at blitzmegaplex) [pic] � https://path.com/p/qdLL;;;0
Agak sedikit mual.. Mungkin efek nonton film supernova semalam belum abis..;;;0
Ternyata kantor nya Rana di film supernova gak se bagus yang di lihat hahaha --;;;0
Supernova .. Adalah film yang membuat saya mikir keras dari pertama mulai sampai akhir, dengan kata - kata yang diksi dan perlu pemahaman o_o;;;0
lah gimana kakak ? RT @sssthi : Kelar nonton #supernova aku ga bisa cerita ulang tuh film tentang apa dan maksud nya apa. Ga puas aja rasa nya;;;0
RT @gagalman : Supernova : Banyak nanya. Sana bikin ask.fm Begitu kira - kira harapan penonton film SUPERNOVA saat di dalam bioskop.;;;0
Berat banget nih film cc: @nizanizaniza ? Supernova (at @cineplex ) � https://path.com/p/qSqD;;;0
Film Supernova film paling gak jelas yang pernah aku tonton;;;0
Salah satu film Indonesia yang lumayan bikin kram otak.... :D #latepost ? Supernova (w/ @Edrick at Summarecon Bekasi XXI) � https://path.com/p/vauQ;;;0
Baru selesai nonton supernova sama calon kakak ipar :p .. ini film paling kompleks� (w/ @Risyky at XXI Belieview Cinere) � https://path.com/p/ZKaDF;;;0
Di bikin mengantuk dan kebingungan nonton film tapi makasih ya sayang � ? American Hustle (w/ Fadhel at Summarecon Mall Bekasi XXI) � https://path.com/p/GqHg;;;0
 menit pertama.. Salah pilih film kaya nya ini ? American Hustle (at @gramedia ) � https://path.com/p/nTMHj;;;0
Nonton film American Hustle malah tidur... bikin mengantuk ga tahan... *_*;;;0
Ini film mengenai apa sih??? Seriusan aku ga mengerti dari tadi� ? American Hustle  � https://path.com/p/jqMn;;;0
Kalau American Hustle jadi film terbaik, aku percaya yang di bilang propaganda. He he. Tidak bagus, imho :( Mending 'Her' atau  years a slave;;;0
Ini film sangat menyebalkan, awal nya keren, kenapa akhirnya gak jelas, untung gak nonton dibioskop� ? The Call (w/ Candita & Ajeng) � https://path.com/p/dhDti;;;0
Film the call itu. Ah sudah lah. Pegal - pegal badan ini rasa nya (with @panjinyoto);;;0
The call lumayan menegangkan! Hahaha salah pilih film *_* (@Cinema XXI) http://sq.com/xiYWb;;;0
Sialan ... Ini film ... Bikin tegang plus parno... Sadis..� ? The Call (at XXI Mall Bale Kota Tangerang) � https://path.com/p/rbE;;;0
Masih ga ngerti akhir film the call itu bagaimana --;;;0
Gila nih film !! Bikin aku teriak-teriak tengah malam gini !! ? The Call � https://path.com/p/bHlU;;;0
The call stress sendiri nonton film nyaaa (with Botak at @cinema ) � https://path.com/p/xwvvd;;;0
film The Call ! parah kayak nonton horror aku, Ikut deg-deg kan, tegang banget nonton nya, Tapi kekurangan nya AKHIRNYA kenapa cuma gitu aja --;;;0
Thriller, tapi aku gak ngerti film nya RT @novaputri : The call film apasih? RT @Ricormdhn : Gak ada RT @mubdiafrizal : Gak ada seperti nya ._. RT @novaputri : Da film apa yang bagus? RT @mubdiafrizal : @Ricormdhn @novaputri jadi sih;;;0
#MovieReview Gravity . Buat yang suka film dengan plot yang berat dan action yang banyak, jangan nonton inilah. Pemain nya aja sedikit benar gimana mau rame;;;0
Tapi aku tetap mempertanyakan rating tinggi nya gitu, karena dari kacamata orang awan film ini flat dan bikin bosan. Iya, terlalu realistis. #Gravity;;;0
Gravity Film yg terlalu sederhana untuk ukuran rating tinggi. Dan sampai saat ini aku masih bingung bagian mana nya yang menjadi acuan rating. --;;;0
Ya ampun ini film ga benar banget.. Enyes - enyes. Tips harus d dan sedikit tips akan jadi� ? Gravity (at @Cinema ) � https://path.com/p/OXc;;;0
@benakribo film nya agak membosankan karena pemain nya cuma  orang, cerita nya juga kurang greget. #Gravity :-& RT @benakribo: Film Gravity kayak nya keren banget�..;;;0
Bikin sesak napas juga hahaha tapi keren sandra bullock nya RT@juuwita : Wah film gravity rame bukan? Wah wah wah wah;;;0
Udah tonton film Gravity tapi menurut aku kurang seru...biasa aja yang main aja sih oke, sandra bullock si sexy dan cantik:*.. hem @GrahaCijtung #Gravity;;;0
Film bikin emosi ini sih... ?  Years a Slave (at Menteng Dental Clinic) � https://path.com/p/iPqug;;;0
untuk biografi perbudakan kaum kulit hitam lebih enak nonton the butler kebanding  years a slave;;;0
 Years A Slave  Nonton film ini miris banget, sangat biadab bagaimana ketidakadilan rasial jaman dulu. Kalo hari gini masih rasis?;;;0
