kereen nih lihat dgn mata kepala kota kito galo palembang on progres lrt nya kejorapic twitter com qlaxivdqrm;1
salah dampak positif bangun lrt masyarakat sumsel modern alexnoerdin;1
bangun lrt anggap solusi padat kendara lalang kota palembang alexnoerdin;1
sumsel provinsi ny yg milik transportasi lrt mskipun jkt sdh dluan ttp sumsel yg bs sukses pmbangunny alexnoerdin;1
mantab sumsel dunia dgn transportasi modern lrt alexnoerdin;1
lrt akn jadi palembang modern lrt indonesia selesai alexnoerdin;1
lrt jadi palembang kota modern indonesia budi karya bangun lrt palembang sesuai harap alexnoerdinpic twitter com pupw qqh;1
warga sumsel patut takjub dgn progres bangun lrt terimakasih alexnoerdin kerja keras dlm bangun sumsel pic twitter com aomodkm z;1
lrt palembang harap tingkat mutu layan transportasi kota moda transportasi ramah lingkung;1
lrtsumsel dg tuju tingkatkn transportasi kota mll cepat wk tempuh kurang macet tingkat keslmatan trans sumsel;1
lrt palembang operasi asi games http kom ps afybwg;1
keren stasiun rel lrt palembang pasang http detik id fwnhl via;1
ga sabar cobain sepur pucuk anti panas berisik alexnoerdin;1
bangga konstruksi lrt palembang sdh selesai sambut asi games moga tangan atlit nasional tdk kecewa sea games;1
tiket lrt gratis asi games alexnoerdin http nasional republika co id berita nasional ozfry tiket lrt gratis asi games;1
lrt indonesia gimana ngga keren coba asiangames lrtsumsel alexnoerdin ngga sabar banget ken nyoba naik https twitter com amaliadewantary status;1
daya saing palembang tingkat kota bebas macet transportasi publik alexnoerdin lrtsumsel;1
hadir kereta lrt tingkat city branding citra kota jembatan ampera sungai mus kota asi games pempek public transport modern lrt alexnoerdin lrtsumsel;1
intip palembang yuk gaes yg udah lrt n layan asi games hasil karya zaman presiden maju yg dusta jokowi periode;1
stasiun lrt sumsel lengkap lift eskalator pic twitter com illuexqhcs;1
lrt palembang icon partner kota palembang jembatan mus bangun capai jan kerja ersama jokowi periodepic twitter com iqbk mylmb;1
sumsel wujud tumbuh ekonomi lrt lrtsumsel http ekbis rmol co read sumsel wujud tumbuh ekonomi lrt;1
palembang salah kota indonesia milik lrt pasti kawulamoda palembang bangga sebentar lrt lrtpalembangkeren;1
lrt indonesia hadir kota palembang urai padat jalan palembang lrtpalembangkeren;1
kawulamoda bangun lrt palembang sambut asi games harap transportasi massal hari kota palembang lrtpalembangkeren;1
hadir lrt palembang batas sambut asi games http bit ly sriala pic twitter com uxcp oar;1
lrt palembang operasi warganet senang http dlvr it qfzmhp;1
kece bener nih stasiun lrt palembang sumselmendadakdodi;1
palembang ikon lrt jakabaring otomatis dongkrak popularitas gerak ekonomi sumsel mata dunia palembang undang investasi dunia otomatis sejahtera tingkat sumselgemilang;1
palembang kota yg operasi moda transportasi bas rel dlm kota jakarta kota yg operasi lrt indonesia pd pertghan mei lrt palembang operasi https youtu be oegmac f via;1
udara jalur lrt palembang liuk liuk tampak kota palembang indah megah pic twitter com byhy ugj;1
lrt palembang laju mulus rel http detik id fby h pic twitter com xduchehpm;1
khusus bangga trainset produk anak bangsa jkw jokowisampai semangatpuasapic twitter com soovx bfrj;1
palembang suara indah progress jalur lrt yg lintas atas flyover simpang bandara palembang flyoverpalembang lrtpalembang jokowikerjadankerja jokowimembangunindonesiapic twitter com u jstqjuzj;1
lrt palembang tuk mnyambut hr asi games asiangames sukseskanasiangames asiangameskita demam;1
lrt palembang bawa budaya sektor transportasi lrt hubung bandara internasional sultan mahmud badaruddin kawasan sport city jakabaring hasil kerjasama pusat daerah sinergi tetapjokowi jokowimembangunindonesiapic twitter com ztatxm jz;1
lrt palembang uji coba dinamis lrt keren lintas ampera sungai mus sumsel semangkin mantap sukses asi games jokowi yg wujud sukseskanasiangames tetapjokowipic twitter com lsti quusb;1
boros lrt palembang murah malaysia filipina http detik id vylcr via;1
keren gaes perintah pusat daerah sinergi sambut asi games palembang tampak trainset lrt uji coba dinamis wkt yg lrtpalembang asiangames pic twitter com lyfkrdxrrt;1
tarif jangkau https regional kompas com read tarif lrt palembang tentu rp dngan rp yg tara tarif angkot malang warga lrt;1
cctv ac wifi gratis nyaman banget gess asiangameskita kenallrtsumsel indonesiapunyalrt pic twitter com ehrhlocu y;1
bangun konsep konstruksi jalur layang lrt sumsel kali bangun operasi indonesia catat sejarah kembang perkeretaapian indonesia lrt sumsel karya putra putri indonesia lrtsumsel pic twitter com m t lgas l;1
jajal lrt palembang siang stasiun bumi sriwijaya stasiun jakabaring konstruksi lrt persen bahan lokal bangun adab budaya transportasi massal aman nyaman budaya budaya antre pic twitter com exwoechgm;1
bangun lrt sumsel laksana layan butuh transportasi massal masyarakat wilayah sumatera selatan rangka dukung helat asi games pusat jakarta palembang lrtsumsel asiangameskita;1
masyarakat tonton asiangameskita khawatir lrt sumsel jalur km hantar tonton bandara smb ii kawasan jakabaring sport city lrt sumsel operasi jam kenallrtsumsel pic twitter com ajpxx j;1
lrtsumsel manfaat asiangameskita lrt jakarta proses selesai susul operasi cc yuk transportasi;1
wow palembang keren trainset lrt pasuk stasiun bumi sriwijaya palembang tetapjokowipic twitter com jmqopun;1
siang jajal kendara anyar kota palembang lrtsumsel efektif jalan pic twitter com tzos zeve;1
payonaiklrt nikmat transportasi kota palembang salah solusi hindar macet jalan payonaiklrt pic twitter com ksbz ewsuz;1
bangga milik transportasi yg aman nyaman modern impi payonaiklrt pic twitter com ffpuybc bm;1
untung lrt bebas macet nyaman murah doang kalo mo bandara bayar payonaiklrt pic twitter com hg vbshdr;1
bayang kalo pulang ngetrip gak bingung mo payonaiklrt pic twitter com asq i tsz;1
kali nyobain lrtsumsel haru bangga payonaiklrtpic twitter com d hzmoocyx;1
liat langsung lrtsumsel antusiasme masyarakat moda transportasi canggih payonaiklrt pic twitter com lajoqdpvzt;1
kalo moda transportasi lrt butuh biasa new lifestyle warga palembang krn aman cepat murah modern nyaman handal sukseskanasiangames tetapjokowipic twitter com tts pbvame;1
wuihh keren lrt palembang operasi agustus lrt buat anak negeri gaes kerenn tetapjokowi jokowimaruf pic twitter com qexjvioaul;1
orang stasiun bumi sriwijaya bandara jajal lrt palembang ramai bincang http dlvr it qglymx;1
lrtsumsel buka utk dg atur jmh tumpang antusiasme masyarakat palembang utk lrt sumsel yuk alih lrt sbg sarana transportasi yg kini mudah nyaman payonaiklrt pic twitter com r yllrin;1
salah tarik lrtpunyokito masjid agung palembang pic twitter com xudchavm;1
nya palembang lrt sukses asean games dukung presiden jokowi utk bangun daerah nya lancar pakai produk bahan negeri bangga support buat indonesia support jokowi salam sukses lrtpunyokito pic twitter com eblb kb;1
lrt palembang buru kontingen jepang berswafoto http metrotvn ws wkbq jvb pic twitter com rm mg myi;1
kontingen jepang kagum lrt palembang http mediaindonesia com read detail kontingen jepang kagum lrt palembang;1
nikmat infrastruktur bangun perintah pusat perintah sumatera selatan nama light rail transit lrt sepur pucuk bangga sumsel sumateraselatan indonesiabanggapic twitter com mkfwidqct;1
naek lrt bandara smb ii palembang pusat kota gak kena macet ongkos murah rp rb lrtsumsel lrtpalembang;1
bandara smb ii k sayang klo palembang nikmat nyaman murah ayo ayonaiklrt palembang travelling https ww instagram com p bnqmfpyakbq qhufdq gh zdztrveyt k o utm source ig twitter share igshid ju u uwbm;1
lrt sumatera selatan kota palembang jalan gaes nyaman buanget turun stasiun dah pake eskalator lift kereta laju nyaman lrt lrtsumsel https ww instagram com p bnsl blfrae utm source ig twitter share igshid sbd ufmuk;1
asi games udah lrt mati nya lumayan rame lrtsumsel lrtpalembang wongkitogalopic twitter com ei uxe mn;1
pergi kerja semangat krn transportasi nyaman gak macet murah bangga bgt dg;1
stasiun lrt palembang resmi operasi fasilitas lengkap eskalator lift pic twitter com vegcxjigwg;1
lelah jalan kawulamoda nikmat pandang kota palembang lrt lrt sumsel lrt satu dunia lintas atas sungai;1
bangga warga palembang lrt pic twitter com qc wzqzrht;1
lrtpalembang salah karya anak bangsa adab transportasi dunia indonesiamaju jokowilagi jokowikyaimaruf jokowiorangbaik jokowiharapanpasti jokowibanyakcinta prabowotakutdebat jokowilagi prabowokalahlagipic twitter com surajkhzsr;1
ayo lrt moda transportasi nyaman murah dukung program perintah kurang macet;1
ada moda transportasi kereta api listrik ringan lrt kota palembang aset nilai pic twitter com t lfjdjnvu;1
asi games selesai lrt palembang ramai dorong aktifitas ekonomi masyarakat palembang indonesiamaju indonesiabangga tetapjokowi https ww google com amp ww metrotvnews com amp kv empn lrt palembang ramai asi games;1
rasa panas terik macet kota palembang lrt lrtpalembangpunyokito;1
transportasi lrt bantu masyarakat pergi hindar macet lrtpalembangpunyokito semangatwisuda kerjarsarjana;1
harga tiket lrt bilang mahal lrt kurang kemcetan kota palembang lrtpalembangpunyokito;1
lrt mudah rasa macet lrtpalembangpunyokito;1
lrt kek lbih mending drpda taksi bandara lrtpalembangpunyokito;1
lrt enak lihat kota palembang ac lrtpalembangpunyokito;1
sukaa bangett lrt tpi kalo biso banyak dongg lrtpalembangpunyokito;1
kali lrt palembang guncang akibat rem nyaman diri lrtpalembangpunyokito;1
jalan pelan lrtpalembangpunyokito;1
guna transportasi tingkat transportasi darat semenjak lrt sanggat mudah warga palembang transportasi publik lrtpalembangpunyokito;1
lrt palembang mudah pergi khawatir macet tumpang bayar uang elektronik lrtpalembangpunyokito;1
udah blm tgl des kmrin lrt sumsel udah bayar uang elektronik keren banget lrt lancar lrtpalembangpunyokito;1
kotak p k lrt lrt emergency phone gak khawatir lrt lrtpalembangpunyokito;1
lrt palembang salah karya anak bangsa adab transportasi dunia lrtpalembangpunyokito;1
lrt kotak p k nya transportasi keren kayak gin pikir sehat tumpang gak rugi bgt kalo naek lrt lrtpalembangpunyokito;1
kereta lrt nyaman banget teman cerita kereta bersih nyaman moga jaga transportasi banggan kito galo lrtpalembangpunyokito;1
naek lrt enak kereta nya bersih nyaman cepet lrtpalembangpunyokito;1
kota palembang adlh kota indonesia satu hasil operasi lrt light rail transit nya lrt yg rang sungai terpjg sumatera sungai mus jalur rel lrtnya bahan dgn jembatan ampera keren banget lrtpalembangpunyokito;1
lrt palembang masyarakat pergi mudah cepat capai lokasi tuju terimakasih palembang lrtpalembangpunyokito;1
semenjak lrt macet palembang atas terima kasih lrt palembang lrtpalembangpunyokito;1
lrt palembang adl maju yg patut acung jempol stasiun yg nyaman kereta yg safety adl unggul yg milik dukung mobilitas asi games yg gelar palembang smg kembang dpt tambah rute yg agam lrtpalembangpunyokito;1
bangun lrt bagus kalo sesuai fungsi badgetnya lrtpalembangpunyokito;1
simpenan uang tambah pergi pulang lrt transport favorit bikin hemat lrtpalembangpunyokito;1
lrt palembang udah lumayan bantu yg males pake kendara kayak murah efisien jam operasi nya batas pagi sampe sore lrtpalembangpunyokito;1
lrt palembang terobos macet kota palembang lrtpalembangpunyokito;1
pikir infrastruktur pikir aja infrastruktur janji hidup depan faedah hasil bangun insfrastruktr lrt palembang lrtpalembangpunyokito;1
lrt kurang macet kurang sebar polusi asap kendara lrtpalembangpunyokito;1
lrt sendal pakai kalo ngantor lrt mall lrt pulang rumah temen lrt lagi bilang kereta udah bikin nyaman lrt palembang makmur lrtpalembangpunyokito;1
kota palembang kota nan cantik lrt cantikk lrtpalembangpunyokito;1
semenjak lrt palembang ak mudah klo pergi bandara mudah mudah mata pandang indah kota palembang lrtpalembangpunyokito;1
lrt hasil kota palembang alami kemajuaan pesat lrtpalembangpunyokito;1
kalo ngerasain kereta api lrt aja senang lrtpalembangpunyokito;1
lrt hits perhati palembang tumpang foto selfie nikmat jalan lrtpalembangpunyokito;1
klo pake lrt cepet dog lrtpalembangpunyokito;1
palembang lrt neng banget nyobain lrtpalembangpunyokito;1
lrt kena macet lrtpalembangpunyokito;1
lintas yg tarik zona ampera jembatan ampera lrtpalembangpunyokito;1
sarana prasarana lrt tingkat masyarakat transportasi lrtpalembangpunyokito;1
transportasi palembang bantu lrt lrtpalembangpunyokito;1
konstruksi lrt kokoh milik nilai estetika yg lrtpalembangpunyokito;1
lrt harap kurang transportasi palembang lrtpalembangpunyokito;1
kota palembang bangun fasilitas lrt transportasi lancar banggan sendiri masyarakat palembang tingkat salah nya hijau lintas rel lrt lrtpalembangpunyokito;1
lrt palembang mudah utk pergi transportasi pribadi lrtpalembangpunyokito;1
lrt bantu sarana transport murah lrtpalembangpunyokito;1
sadar masyarakat moda transportasi timbul lrtpalembangpunyokito infrastruktur bangun;1
banyak biaya yg keluar bangun lrt palembang banding megah kokoh lrt lrtpalembangpunyokito;1
tranportasi anti macet lrt lrt bantu masyarakat palembang lrtpalembangpunyokito;1
kalo lrt palembang jauh jempatan ampera cinta nan indah lrt langsung jalan lrtpalembangpunyokito;1
kalo ngerasain nyaman aman lrt buru adem pokok seru lrtpalembangpunyokito;1
sarana transportasi nyaman mudah lrt kurang macet lrtpalembangpunyokito;1
lrt tambah lowong kerja setir kendara bak kereta api kayak masinis lrtpalembangpunyokito;1
transmusi hadir moda transportasi lrt sebenernya mudah mobilisasi masyarakat banyak ngebawa anak camping atas lrt hibur lrtpalembangpunyokito;1
takut nyobain nyobain lrt palembang takut bikin tagih semangat tumpang lrtpalembangpunyokito;1
lrt bantu masyarakat sulit pergi kendara lrtpalembangpunyokito;1
kendara pas mahasiswa lrt keren banget pokok lrtpalembangpunyokito;1
kalo mikir lrt aja tenang nya dalam bikin otak mikirnya lancar gitu lrtpalembangpunyokito;1
nyesel lrt palembang nyaman lrt palembang sorot netizen kait arsitektur lrtpalembangpunyokito;1
operasi lrt tambah mudah masyarakat lrt transportasi malam lrtpalembangpunyokito;1
nikmat kota palembang tinggi lrt aja lrtpalembangpunyokito;1
lrt nyaman karna lift bantu tumpang yabg disabilitas lrtpalembangpunyokito;1
lrt alternatif kurang macet palembang lrtpalembangpunyokito;1
masyarakat cerdas lrt lrtpalembangpunyokito;1
harga tiket yg jangkau jadi lrt transportasi yg masyarakat lrtpalembangpunyokito;1
masyarakat palembang antusian ada moda transportasi lrt lihat ramai yg lrt alat transportasi lrtpalembangpunyokito;1
lrt transportasi keren lrtpalembangpunyokito;1
lrt asyik moga mobil angkut bawa stasiun dekat bingung nya lrtpalembangpunyokito;1
wooww adrenalin uji lrt deg deg apalgi tumpang rame lrtpalembangpunyokito;1
asik udah lrt lrtpalembangpunyokito;1
ak lrt palembang giur coba moga rasa lrtpalembangpunyokito;1
palembang kece lrt resmi luncur hidup kota lrtpalembangpunyokito;1
lrt nyaman bersih aman lrtpalembangpunyokito;1
lrt cantik tampil tata kota palembang lrtpalembangpunyokito;1
segi fasilitas dlm nya udah bersih tinggal rakyat palembang jaga bersih lrt lrtpalembangpunyokito;1
lrt daya tarik wisatawan lrtpalembangpunyokito;1
maju teknologi lrt kota palembang kembang lrtpalembangpunyokito;1
lrt maju kota palembang lrtpalembangpunyokito;1
lrt bangga masyarakat palembang lrtpalembangpunyokito;1
lrt mudah transportasi palembang jalan yg ribet jdi mudah tp sayang jala lrt lambat bangett jd efektif lrtpalembangpunyokito;1
semangat maju kota empek empek punyo kito lrt sampe kereta tanah bangga punyo lrt lrtpalembangpunyokito;1
lrt indah kota palembang patut masyarakat jaga taat atur disiplin antri jaga bersih lingkung lrt lrtpalembangpunyokito;1
suka lrt asik nyaman adem lrtpalembangpunyokito;1
budaya transportasi lrt yg sedia perintah lrtpalembangpunyokito;1
lrt mudah masyarakat macet ayoo manfaatin lrt kurang macet palembang lrtpalembangpunyokito;1
kereta nya nyaman tugas nya ramah bantu transportasi lrt lrtpalembangpunyokito;1
lrt asik seru asik kereta nya banyak tumpang tunggu lrtpalembangpunyokito;1
lrt beda kereta palembang tarik karna kota palembang lrtpalembangpunyokito;1
semenjak lrt bantu bandara taksi lrt hemat ongkos hindar macet lrtpalembangpunyokito;1
lrt indah kota palembang rasa terik panas matahari lrtpalembangpunyokito;1
lrt nyaman aman angkot harga mahal lrtpalembangpunyokito;1
ayo teman teman lrt nyaman dingin hindar macet lihat pandang kota palembang lrtpalembangpunyokito;1
akses lrt langsung hubung bandara mudah masyarakat karna hindar macet kota lrtpalembangpunyokito;1
lrt in bantu orang bandara taxi harga nya super duper mahal lrtpalembangpunyokito;1
lrt senang pandang kota palembang lrtpalembangpunyokito;1
yeayy lrt udah nonton asiangames palembang nyaman ga kena macet;1
alam lrt senang krn bs bilang ancmb aman nyaman cepat murah bangga bs diblg aman krn dalem lrt nya jaga security tp jg lengkap cctv cont asiangames energyofasia lrtpalembang;1
angkut aman nyaman bersih cepat and murah palembang lrt light railway transit solusi budaya angkut lrtpalembangkeren;1
jangka pendek lrt palembang gelar asi games orang orang negara indonesia milik transportasi nyaman modern wongkitocintojokowi diasibukkerja;1
tumpang lrt palembang minikmati jalan nyaman dingin menit http dlvr it qct m;1
antusiasme kawula muda palembang yg senang lrt new lifestyle gari nyaman modern jangkau handal payonaiklrt lrtwongkito lrtsumsel;1
kota modern dg transportasi lrt rakyat pslembang hususnya serta asi games yg palembang rasa layan yg dn nyaman trima kasih jokowi sukseskanasiangames jokowimembangunindonesia tetapjokowi;1
kampung blom kenal yg nama lrt senang liat warga palembang nikmat;1
lrt mati masyarakat lancar cantik kota palembang http dlvr it qf wzy;1
tuju lrt palembang atas macet depan biasa rakyat transportasi yg nyaman untung jalan tol sepi ramai familier;1
gambar stasiun lrt kota palembang yg milik fasilitas kelas moderen taraf internasional jokowimembangunindonesia tetapjokowi pic twitter com cy cx hvp;1
bangun lrt kereta api ringan palembang yakin timbul dampak positif hidup masyrkt mendtng alexnoerdin;1
lrt ikon kota palembang milik dampak positif masyarakat banggajadiwongsumsel alexnoerdin;1
lrt palembang atas transportasi tp jd ikon kota yg milik dampak positif masyarakat alexnoerdin;1
bayar masyarakat palembang antusias lrt desa tumpang penasaran rasa sensasi lrt palembang operasi juli http dlvr it qjcsj;1
mrt jakarta kelar teman teman palembang udah nikmat fasilitas lrt rangka mudah transportasi asi games sehatbarengasiangames;1
senang liat foto foto fasilitas lrt sumsel palembang ramah difabel guiding block elevator toilet difabel ruang khusus guna kursi roda terima kasih;1
sahabat moderen kelas fasilitas tunjang stasiun lrt yg palembang escalator pasang operasi bangga pesonaasiangames terimakasihbapakjokowi jokowimembangunindonesia tetapjokowi;1
tampak lrt palembang wara wiri kitar kota fasilitas selesai moga tamu serta asi games yg palembang rasa layan yg nyaman sukseskanasiangames jokowimembangunindonesia tetapjokowi;1
banget bantu perintah kalo transportasi publik nyaman inihh lrtpalembang;1
infrasruktur megah bangga warga https t co hk sduwhx;1
lrt palembang guna manfaat lrt bangun citra bangsa investasi jangka bisnis bangun biaya bangun susah lrtpalembang lrtbermanfaat lrtpalembangbergunapic twitter com eg fy u bg;1
stasiun lrt complete tp sbg warga palembang sdh rasa dampak yg positif krn jalan uda gak macet trs tarif transport online flat gak lonjak krn macet;1
lrt dampak positif maju kota palembang jadi palembang kota modern jumatbarokah;1
bangun lrt palembang kaliny wujud n jalan indonesia moga jalan sukses n lancar alexnoerdin;1
sukses uji coba lrt malam palembang wujud kota palembang sukses asean games jakarta palembang pic twitter com kavclrhyzy;1
bangun lrt light rail transit kota palembang solusi atas transportasi kota palembang alexnoerdin;1
lrt palembang manfaat manfaat teduh turun hujan pic twitter com njqnbh lab;1
lrt palembang golong orang kaya golong orang lrt manfaat coba lrtpalembangpunyokito;1
presensi lrt praja palembang sebar luas manfaat penting faktor pindah bangun infrastruktur transportasi pilihjokowi indonesiamaju jokowikalilagi relawansumselbersatupic twitter com z fblcxizv;1
hadir lrt metropolis palembang kirim jebah manfaat istimewa aspek angkut bangun infrastruktur transportasi pilihjokowi indonesiamaju jokowikalilagi relawansumselbersatupic twitter com qc h tlkx;1
ada lrt kota palembang manfaat bidang transportasi bangun infrastruktur transportasi pilihjokowi indonesiamaju jokowikalilagi relawansumselbersatupic twitter com vbe cjd xd;1
nyoba lrt palembang bangga maju kota pic twitter com px tgmspvx;1
sdh guna negeri bangga lrt negeri http kompas id lrt palembang operasi batas jelang asi games https kompas id baca nusantara lrt palembang operasi batas jelang asi games;1
dampak positif lrt palembang ekonomi daerah http mediaindonesia com read detail dampak positif lrt palembang ekonomi daerah pic twitter com mqcxr pd;1
lrt palembang respons positif masyarakat aman nyaman bersih http bit ly mtvzsg download tvone connect update berita hari tvonenews;1
indonesiabersyukur kesini infrastruktur rata kaya kemarin palembang akoohh nyobain lrt nyaman murcee pic twitter com cpdni sxy;1
hindar macet kota palembang kereta listrik mati menhub ajak masyarakat cinta lrt angkut massal harga tiket jangkau subsidi;1
ga kali ramai yg lrt palembang moda lumayan mati pagi guna yg turun bandara https ww instagram com p btxdj znhf ajbhebvfeaem ivgmz xkpt u utm source ig twitter share igshid tjhapsqnzjr;1
lrt mati pekan masyarakat palembang lrt akan kereta wisata masyarakat penasaran coba;1
masyarakat kota palembang bnr bnr manfaat transportasi yg bandara nyaman wifi jg kencang;1
kendala dukung lrt palembang karna hasil karya putra putri baik bangsa hasil import asing aseng yg fitnah perintah;1
manfaat salah satu mudah aktivitas hari mrt lrt bangun jakarta palembang keren nih tembus macet support kerja perintah mikirmasadepanyuk;1
lrt palembang salah sarana yg siap serius perintah mudah akses venue venue yg kerja hebat menujuasiangames tetapjokowipic twitter com achxjohvf;1
lrt mudah akses bandara venue venue cabor asi games palembang cobain guys pesonatriathlonpalembang;1
lrt palembang sepi manfaat hubung dgn armada cepat efisien kl ojol;1
palembang keren lrt daerah hubung bangun infrastruktur yuk bungkus suara jokowi merdeka;1
segi fasilitas didlm nya sih udah bersih yaa tinggal rakyat palembang nih jaga bersih lrt lrtpalembangpunyokito;1
lrt palembang rapi bersih da jd alat transportasi hari pic twitter com ndhv ryy;1
cobain lrt nya bener bener bersih manfaat wifinya mantul pic twitter com h xi o m;1
moga warga palembang mudah pergi jaga lrt bersih;1
bebas macet murah aman nyaman polusi lrtpalembang keretaapikitapic twitter com hlztie dg;1
sistem aman padu lrt terap palembang kota aman cantik http ow ly absq fcsfk humassumsel;1
uji coba lrt palembang bangun budaya transportasi massal aman http detak co detail berita uji coba lrt palembang presiden jokowi bangun budaya transportasi massal aman;1
mantap kito galo terima kasih jokowi saudara saudara disumatera selatan maju https twitter com iamlogan status;1
mantap nih lrt palembang https twitter com jhonhtjl status;1
mantap tenan indonesia lrt presiden jokowi selamat masyarakat palembang terima kasih;1
mantap lrt palembang kebut jelang asi games http detik id af ub;1
perintah lrt sumsel layan infrastruktur iring maju kota palembang;1
palembang ramah transportasi lrt maju;1
palembang kota milik lrt sambut asi games https ww instagram com p bbdycgwlc i;1
nyaman hemat jalan jalan palembang payonaiklrttransmusipic twitter com x sshaw em;1
harga tiket murah tarik masyarakat spy lrt emg hemat bgt;1
kendara hemat jamin selamat lrt palembang uang hemat tuju cepat lrtpalembangpunyokito;1
harap lrt palembang nyaman murah tambah pandang bagus;1
nyaman lrt palembang murah adem bikin tidur http regional kompas com read nyaman lrt palembang murah dingin hi;1
tarif lrt kota palembang murah angkut http dlvr it ngbwkz;1
orang palembang bangga dg lrt bermafaat rakyat;1
suka tunggu trus discount anak sekolah luar negeri lrtpalembangpunyokito;0
bahaya kalo orang usia lrt segi selamat lrt pada lrtpalembangpunyokito kalimatchi;0
lrt palembang lambat lrtpalembangpunyokito;0
lrt palembang terjang angin puting beliung lrt alami rusa sebab tumpang takut lrtpalembangpunyokito;0
tumpang marah kalo lrt antri lrtpalembangpunyokito;0
kalo lrt kadang suka lewat tuju buat kesal lrtpalembangpunyokito;0
sisi negatif lrt banyak mobil henti stasiun berangkat yg akibat macet titik lrtpalembangpunyokito;0
lrt bangun pecah macet tambah macet kurang sadar masyarakat gun moda transportasi lrtpalembangpunyokito;0
sayang lrt palembang bangun alas utama sambut asi games asi games selesai terminal lrt hantam badai lrtpalembangpunyokito;0
bangun lrt uang alih buka jalan jalan bangun jalan layang jalan tol kota hal jakarta efektif alas lebur macet lrtpalembangpunyokito;0
enak angkot aja nunggu sampai lrtpalembangpunyokito;0
dampak buruk yg timbul bangun lrt biaya yg mahal jalan kota palembang yg rusak tanam paku bumi pondasi rel lrt lrtpalembangpunyokito;0
sistem lrt plembang canggih lrt malay lrtpalembangpunyokito;0
lrt gerak lambat lrtpalembangpunyokito;0
kesell banget nunggu lrt lrtpalembangpunyokito;0
gara gara lrt mogok bawa tumpang jd masyarakat yg takut lrt lrtpalembangpunyokito;0
lambat tuju lrt nunggu kereta nya lrtpalembangpunyokito;0
rem lrt banget kereta aja lrtpalembangpunyokito;0
bukti mogok kemarin sy turun mogok pengaruh mesin lrt elekrifikasi yg catat ucap juni lrt palembang masalah;0
moda transportasi light rail transit lrt palembang masalah semenjak proses uji coba ular besi kali mogok;0
lrt palembang mogok duhh bikin malu gerak lambat;0
operasi lrt palembang mogok menit duh proyek lrt jokowi rp triliun operasi mogok produk kw produk lrt palembang gantipresidenhttps ww jawapos com jpg today operasi lrt palembang mogok menit;0
lrt palembang mogok tumpang jalan rel http kom ps afyawj;0
lrt palembang mogok tumpang marah menang https news detik com berita d kereta lrt palembang mogok tumpang panik menang;0
lrt palembang mogok tumpang jalan kaki pic twitter com pm no ja;0
kereta lrt palembang mogok tumpang panik menang http detik id vy od pic twitter com fuez knib;0
mogok lrt palembang evaluasi http republika co id berita nasional daerah pddml mogok lrt palembang evaluasi;0
lrt palembang mogok kereta mogok proyek era jokowi pic twitter com tqybqoyz q;0
lrt palembang mogok mulu lrt jakarta ngga manfaat penting bahan kampanye;0
lrt palembang mogok kali proyek pusat uang apbn proyek bus trans jakarta cina trilyun dki yg mangkrak bpk kpk perintah utk kerja nyata pic twitter com i biemul;0
asi games tinggal hitung lrt sumsel ngadat lrtsumsel http jpnn com news asi games tinggal hitung lrt sumsel ngadat;0
mogok lrt palembang evaluasi audit barang operasional kayak bus trans jakarta bakar gantipresiden prabowosandihttps ww republika co id berita nasional daerah pddml mogok lrt palembang evaluasi;0
lrt palembang mogok tumpang paksa evakuasi jalan kaki insiden mogok x bilang kontradiktif uji coba temu http tirto id cshw;0
aneh bangun lrt sumsel habis dana triliyun bangun infrastruktur mogok https ww kiblat net telan biaya trilyun cba temu janggal proyek lrt sumsel;0
lrt palembang yg resmi jokowi pas asi games kmarin sore rusakk d terpa angin pic twitter com xib ashdbv;0
stasiun lrt palembang proyek triliyunan tdi sore rusak terjang angin pic twitter com mv jpb xtw;0
bangun kontraktor china atap stasiun lrt palembang rontok hantam badai http dlvr it qphnxn pic twitter com eg udwatn;0
stasiun lrt yg bangga mulyono hancur sapu puting beliung palembang klo udh sombong yg kau bangga pic twitter com uajlfkcow;0
stasiun lrt palembang durability nya ujan langsung ambrol proyek pres hehepic twitter com uqf fxxhqt;0
puting beliung palembang hancur stasiun lrt banggan mulyono sombong yg kau tonton;0
stasiun lrt palembang ambruk infrastruktur udah ambruk tanda proyek sontoloyopic twitter com teqcqs t z;0
lrt palembang kena hujan lebat ambrol plafon bayang infrastruktur audit jujur transparan;0
pasca plafon ambruk stasiun lrt palembang djka operasi parahh cepat rusak infrastruktur buru buru resmi timbang kuat https finance detik com infrastruktur d pasca plafon ambruk stasiun lrt palembang djka operasi;0
infrastruktur yg dibanggain lrt palembang ambrol tol solo roboh kualitas jelek https twitter com peni me status;0
infrastruktur proyek mercu suar bang lrt palembang ukur kembali utang kagak;0
lrt palembang penuh ga banding ama krlnya bekas jakarta kota;0
kira bukti kalo lrt palembang sepi;0
lrt palembang gilir sepi;0
kirain dgn lrt ngurangi macet tpi aja jalan macet macet aja tuh jdi value lrt bawa atlit lrtpalembangpunyokito;0
lrt tuju motor lrtpalembangpunyokito;0
lrt ngebosenin males nihh lrtpalembangpunyokito;0
lrt makan tuju efektif lrtpalembangpunyokito wisudabarenguyehh;0
lrt ngabisin duit nunggu lrtpalembangpunyokito;0
lrt rugi mahal banget mending jalan kaki lrtpalembangpunyokito;0
lrt timbul anggur sopir angkot lrtpalembangpunyokito;0
lrt manfaat lrtpalembangpunyokito pejuangwisuda;0
lrt solusi macet palembang lrtpalembangpunyokito;0
lrt nya jdi hrs nggu kalo gitu mending motor mobil sulit utk kalo lrt lrtpalembangpunyokito;0
lrt palembang telat jadwal cepat lambat lrtpalembangpunyokito;0
lrt aja seru nya lrtpalembangpunyokito;0
banget nunggu lrt berangkat bosen nunggu nya lrtpalembangpunyokito;0
lrt palembang sepi lrtpalembangpunyokito;0
manfaat lrt palembang lrtpalembangpunyokito;0
dampak dr bangun yg kerja kaji yg dalam untung rugi investasi azas manfaat masyarakat http palembang tribunnews com sumsel bayar subsidi lrt palembang gubernur sumsel herman deru dak saya;0
dampak bangun lrt palembang hilang pohon koleksi taman milik pemkot palembang http dlvr it dyk j;0
lrt palembang mogok masalah infrastruktur nya fokus sop emergency response lrt banyak org jalan rel bahaya bhw sop emergency response jalan sesuai atur blm sop nya;0
kereta lrt mogok operasi lintas stasiun jakabaring palembang sumatera selatan minggu sore cnnidgoodmorning https youtu be xku hnriboi pic twitter com fcm d gdq;0
kali lrt palembang mogok minggu sore cnnidconnected pic twitter com t ge wtnk;0
operasi utk dlm proses uji coba operasi ganjal lrt x mndadak mogok jln jadi cibir warga palembang akibat mogok https regional kompas com read minggu lrt palembang mogok kali sebab;0
pantesan lrt palembang mogok kerjain tka ilegal malu indonesia pic twitter com dfb ux xwj;0
lrt palembang mogok tumpang jalan rel layang https m kumpar com;0
informasi baru lrt palembang mogok gak hujan lrt yg bangga warga sumsel uras uang lumayan t manfaat rakyat sumsel smga atlet negeri pic twitter com elhgspo l;0
mogok lrt palembang mogok jam https search app goo gl la hqs;0
alami ganggu lrt palembang resmi mogok http jawapos com n ;0
gara gara hujan lebat kereta light rail transit lrt palembang mogok kali operasi masyarakat https news detik com berita d kena hujan lebat lrt palembang mogok utm campaign detikcomsocmed utm medium oa utm source twitter utm content detikcom;0
biaya trilyunan kena hujan mogok guyur hujan lrt palembang mogok http kom ps afy xb;0
lrt indonesia dadak mogok kilometer bandara sultan mahmud badaruddin ii palembang guyur hujan deras http dlvr it qdsvq ;0
hujan deras guyur kota palembang si ular besi lrt mogok;0
moga lrt palembang rugi sepi tumpang;0
warga palembang sepi tumpang lrt cm wisata aja kalo weekend;0
palembang sepi proyek guna pas asi games kereta wisata https ww gelora news lrt palembang rugi habis listrik html;0
solusi dr tol yg sepi lrt yg nasib buruk mrt kereta api bandara yg mode favorit utk bandara salah rencana makro krn bangun obesesif ketidaknyamanan high cost sebab;0
lrt palembang sepi tumpang hari sd org jalan palembang lancar gak macet wkt bikin lrt gk pikir cost operasional brp pasu dr tiket tumpang brp pic twitter com w bgacvir;0
