akun kloning dukung agussilvy serang paslon aniessandi opini argumen pmbenaran kecoh;0
sih gak nunggu hasil qc tp nunggu motif cuit kayak pasca agussilvy nyungsep;0
kasi kasi peluru milyar rw agussilvy mempan menangin pilkada quickcount pilkadaserentak;0
aneh deh lebay sangkut paut kandidat calgub lebay yg dukung agussilvy;0
allah swt ucap syukur ahy terimakasih makna suara;0
terima kasih untuk dukung ahy sylvi kalian beda kali;0
trima kasih keistiqomahan rawan ahy yg tlh antar aniessandidki jakartagubernurbaru dg signifikan;0
kenang pidato kalah ahy;0
dammnn politik cantik sby ngorbanin ahy;0
batal nyoblos tau ga no kertas suara ahy kangen mosing;0
kemarin ahy april suara utk paslon dki;0
karna belebihan bah ahy;0
om aa lepas ahy kalah tutup mulut koar bongkar sby;0
catut nama ahy mpo silvi langgar hukum ga wkwkwkwkkwkk;0
fpi ga suka ama ahok jd pas ahy udah kalah otomatis dukung lari mas anisa aniessandi;0
banteng garuda ksatria bpk gentle spt ahy cinta hajidjarot;0
gara e ktp korupsi foto yg ahy pelan skrang stickmoticons;0
double lol nuduh miskin ide copy ahy http m republika co id;0
nih antasari ahy kalah pilgubdki melempem bener bener akting https ww instagram com p brxabmtbueb;0
ahy pakdhe karwo pilgub jatim dhe karwo isyarat agus maju pilgub jatim;0
paslon salah langkah sandi bumerang gagal suara ahy;0
mana ahy sang ksatria samurai prajurit bangun semangat harap pahlawan yg nanti nanti rakyat;0
ahy arena tabir gelap tiada harap sergap rakyat rakyat cari tulus;0
tau bu carik coblos ahy kemarin piss;0
awas ye kalo dukung suara dukung ahy;0
laku kirim sms gelap antasari azhar indonesia sby ahy anies ahok berita jumatberkah rizieq;0
tuduh ahy yg kerap lontar anak ingus mayor dengar dudah ubah sanjung;0
joke baik pilkada serentak bravo ahy;0
curiga saldo kenti blt orang buat curiga mekanisme ahy;0
sayang mayor ahy kader pimpin sma taruna beliau atas pilih pensiundini;0
tuju bangett syukur kemrin banjir sibuk cari bela jangan sombong ahy banjirjkt;0
helloo suara rakyat ngerti suara rakyat suara ahy or dek ngopi gih penikmatkopi;0
cari teman gitu pdhal ahy sdh gubernur;0
agus singkir ahok anies rebut suara ahy penting kelompok ahok anies ahy pilgub;0
ahy hilang sempat duduk gubernur dki;0
konstituen ahy risih mulut ahok pilih anies gerombol khilafah belakang pilih ahok;0
cari teman ni yee gubernur tunggu dlu hasil resmi kpu dengar nyata ahy;0
blunder hina ahy butuh suara ngemis orang hina jleb;0
caci maki ahy pepo memo nya hrs emis suara kpd orang hina;0
golput pilih ahy nampaknya pilkadadki;0
merhatiin rawan ahy rehat ganjal islah rawan aniessandi;0
ahy pakar mantan sby surat anas urbaningrum jeruji besi sindir mantan;0
keluarga pilih ahy program dp nyata keluarga milih https twitter com totonih status;0
ahy sylvi anies sandiaga basuki djarot debat pilkada dki jual mimpi gubernur;0
ahh bang aji situ bikin kalah ahy;0
rendah hati dukung paslon berat hati foto ahy;0
bangga anak memo ahy moshing;0
ahy hancur;0
anggap bulan jual pindah tangan orang elit partai gerindra pks pilkadadki ahy;0
ahy antasari konferensi pers sby sby konferensi pers sby rengek anak;0
tim tidur ahy;0
coba etika dukung konstituen setia ahy tipu meme berita palsu rachland nashidik;0
kasihan ahy sadar musuh sarung selfienya motivasi selubung hmm;0
pilkada dki ahy sby target hoax fitnah akun akun dukung ahok;0
ahy mentah dikarbit demokrat pilkada dki menang milu pakai sentimen sara;0
akibat nyata antasari suara ahy lorot pilkada dki;0
contoh ahy dukung paska putar pilkada dki jakarta rentang tajam;0
ahy tim jalan jauh hiruk pikuk pilkada lanjut jalan politik kecewa;0
ahy kalah pidato tim diam menang lepas pilkada dki;0
tolak ahy politik bawa agama ahymaininsara;0
astaga dukung ahy terima hasil survey tolak acu semangat efeknontonmetro;0
sah sah aja tolak ukur dewasa warga dki kalo ahy menang pola pikir warga primitif politikuangahy;0
suara warga harga sembako tolak ahy suap warga;0
ahy pilkada asyik;0
tinggal seleksi tendemnya pilkada dki ahy kalah tendemnya salah pilih kurang kualitas ahy;0
gelintir dukung ahy tikung tweet akun resmi parpol dukung anies sandi pilkada;0
ahy tanggung akibat cuit ayah produktif;0
kering darah menghisap darah mumpung stok darah gudang gudang darah hantu minum setan pilkadadki;0
reaksi dukung ahy sikap baper cundang ajang pilkada pilkadadk;0
suara getar ahy maaf kecewa dukung pilkadadki;0
ahy kalah kandang respon tetangga pilkadadki;0
lini tahan ahy rapuh debat efek aksi efek antasari efek pilkadadki;0
gagal pilkada dki jakarta ahy isu maju pilgub jatim headlines politikbirokrasi pilkadadki;0
ahok lejit anies tanjak ahy apung pilkadadki;0
dasar survey ahy masuk selamat pilkadaserentak pilkadadki;0
tinggal zona aman nyaman maju jakarta hasil sesuai harap ahy realitybites pilkadadki;0
kasihan ahy kalah umroh bantu doa juta umat allah netral politik pilkadadki;0
jual baju bekas ahy pm for info pilkadadki;0
ahy vocalis band rock yaa lompat lompat mulu bang kerja pilkadadki quickcount;0
kasi nasib ahy karir tni tamat nafsu pepo cepat parpol dagang ak;0
sby ahy kalah gara gara antasari survey tunjuk ahy merosot elektabilitasnya pilkadadki;0
presiden tv rusak ahy hasil qc pilkadadki gpp;0
selamat ahy rakyat mundur tni kalah pilkada dki pilkadadki pilkadarasapilpres;0
heebohh agus sylvi kalah tps tmpat hak pilih pilkadadki quickcount ahy;0
pilih ahy moga demokrat yaa dukung ahok;0
demokrat ahok gerindra tantang main politik kotor http dlvr it nnsydv;0
mesin robot ahy sylvi lupa dimatiin masuk trending topik;0
rakyat menang ahy kalah aspek ahy pribadi penting rakyat tetapahy;0
maksud hati caper ahy silvy eh kena protes face with stuck out tounges rolling on the floor laughing rolling on the floor laughing;0
ahy menang pilgub dki ngumpulin bola dragon ball rolling on the floor laughing rolling on the floor laughing quickcount pilkadadki;0
ah lihat ahy inget norman kamaru ahy jual bubur haji smiling face with open mouth smiling eyes pilkadadki;0
ahy singkir persevering face persevering face pilkadadki dilanjuntukan putar ahok djarot vs anies sandi;0
ahy nyungsep orang bapak aja saran coblos no smiling face with open mouth smiling eyes pilkadadki;0
nyoblos kabung tongue ahy pakai baju hitam sedih smiling face with open mouth smiling eyes siapkalah pilkadadki;0
ahy cemas situasi sosial pilkada jakarta pilkada dki jakarta dampak negatif hanya http dlvr it pgqy;0
ahy kalah sisi negatif umat islam tunda tempat pimpin sisi positif umat islam hindar hujat buka aib;0
debatfinalpilkadajkt ahy ahy ngomong karakter tau barusan omong sisi negatif orang tongue oncoming fist;0
ahy bicara negatif jakarta solusi atas nol thumbs down debatpilkadadki;0
kicau negatif sby yakin pengaruh elektabilitas ahy via jakartaadalahkita;0
alloh tuhan yme ahy dukung senator aura negatif senatordkidukungagussylvi;0
temu foto lingkar orang ahy penuh integritas kwalitas negatif waspada waspada thumbs down;0
senjata makan tuan aka karma populerb kicau negatif sby yakin pengaruh elektabilitas ahy face with stuck out tounges;0
ahy anieshilangya ahokdjarotdirosi grimacing face grimacing face;0
ahy anies hilang debat ahokdjarotdirosi grimacing face grimacing face;0
ahoker ngebully program ahy face with tears of joy face with tears of joy face with tears of joy;0
kirim kaos ahy sejati smiling face with smiling eyes smiling face with smiling eyes smiling face with smiling eyes;0
ahy frowning face;0
ahy humor lagu kisah sedih ahy lagu jatuh bangun frowning face frowning face;0
ahy cuit hati sby cuit sby jokowi mantan mantan indah pilgub dki tongue tongue;0
owalah kasihan dik moga orang miskin aamiin thumbs up ahy hati tongue;0
bangga anak memo tongue face with stuck out tongue closed eyes face with tears of joy ahy moshing;0
dukung ahy sulit lupa bully thumbs down;0
ahokers dadak ahy gak salah tuh banget face with stuck out tongue closed eyes face with stuck out tongue closed eyes face with stuck out tongue closed eyes face with stuck out tongue closed eyes face with stuck out tongue closed eyes;0
hoax tidakada habis foto coblos foto hoax tulisanya penuh dusta angry face;0
deklarasi konsultasi tuju ahy;0
kena telikung nama ahy bajak face with stuck out tongue closed eyes;0
pilih ahy mules kontestasi politik putar politikpalsu cuih pig nose pig nose;0
biar korban juang ahy lawan rezim koplak nunggu komando fire fire;0
gak hati cermat susup masuk pantau person bowing team ahy;0
ayo dukung ahy dukung gembos tongue fire fire;0
suara ahy direbuntukan melanjuntukan program usung expressionless face;0
tweet kontraproduktif ahy zipper mouth face zipper mouth face zipper mouth face;0
ahy sby jakarta jatim jabar presiden ngopisore ahy nyungsep jakarta;0
awas dadak metamorfosis kecebong brubah jd anjing jilat ahy aniessandi hand clapping hands;0
tinggal tunggu sikap ahy manuver agus clapping hands face with cold sweat face with cold sweat;0
catat warga dki hilang ahok pilkadadki;0
ahokmenang pilkadadki warga dki cerdas mudah provokasi isue sara gombalinahok;0
kalah pilkadadki besok kalah adil penjarakanahok;0
sedih hilang sosok gubenur jujur kerja keras layan warga pilkadadki ahokkalah;0
ahok menang tipis tps habib rizieq coblos ruji fokus pilkadadki;0
langsung deh cuit curang black campaign nongol legowo demokrasi nama hahaa pilkadadki;0
hasil tps rt rw lurah pela mampang sedih lihat pilkadadki ahokdjarot;0
pilkadadki tenang aja curang pilih yaa hati aja awasin tuh kemarin tahu sembako;0
tunjuk orang orang zalim haram pimpin kafir pilkadadki pilkadadki islamrahmatanlilalamin;0
harap jakarta bebas korupsi suara beli muslimvotemuslim ottsembakoahok pilihanmumasadepanmu pilkadadki;0
nista agama ahok;0
sembako rejeki ahoker kasihan dukung ahokdjarot sembako pilkadadki;0
ahokers tukang plintir lihat nehh pilkadadki;0
rumit beda hitam putih pilkadadki doyan gaduh;0
gubernur udah bosan pilkadadki;0
warga dki pesan rasulullah saw serah ahli pilkadadki cc;0
hoaks muktamar nu wajib nahdliyin pilih pimpin muslim pilkadadki;0
djarot kan kronologi usir sholat jumat ahokdjarot pilkadadki;0
iblis halang halang manusia ibadah masjid semangat djarot garagarapilkada pilkadad;0
larang pilih cagub nonmuslim habib pilih djarot pilkadadki;0
aneh aneh umat usir pilkada pilkadadki;0
sembako gratis tim langgar pasal ayat uu no thn pilkadadki;0
mui sesal beri gelar sunan ahok nasional mui pilkadadki;0
lihat ahok kalah pilkadadki menang;0
amat polisi kes pihak ahok ruji fokus pilkadadki;0
kubu badja sindir anies spanduk jakarta bersyariah pilkadadki ahok djarot aniesbaswedan ahok jakarta;0
turun pangkat jakarta butuh nista agama iya;0
mulut ahokers jorok tanda suara anies kuat pilkadadki yangbikinberantem;0
ahok djarot apbd alat kampanye putar http dlvr it ntyvw;0
sedih indonesia batas jakarta bhinneka batas ahok savejakarta savenkri lilin ahokdjarot;0
djarot menang pimpin nyanyianuntukahok cek ahokdjarot balaikota visuallyyours;0
hilang ahok ahok ahokdjarot teman temanahokfair temanahok https ww instagram com p btdssfhpl;0
ohh tertib ahokdjarot gub tertib;0
kafirr nista saveahok ripjusticeindonesia ahok ahokdjarot  iqra iqra iqra http ww nu or id;0
lihat raut wajah bpk djarot bikin miris sabar kuat indonesiaberkabung ahokdjarot;0
remuk negara nyata bohong nyata pakai otak ahok ahokdjarot;0
remuk hati lihat beliau riphukum ripjusticeinindonesia freeahok ahokdjarot ahok ahokishope;0
mati hukum benar indonesia saveahok ripjusticeindonesia ahokdjarot ripjusticeindonesia tegakkankebenaran;0
tangis sedih djarot pd paradenyanyianuntukahok yg pimpin balai kota cek ahokdjarot;0
habiburokhman sindir ahok via puisi sembako aniessandigubernurkita ahokdjarot anies https twitter com;0
buahahahhaha emang raya gak dukung raya bayar ahokdicintairakyat ahokdjarot ahok;0
ahokdjarot kpudkijakarta sumarmo saksi ahok djarot tolak tandatangani rekapitulasi suara pilkada http dlvr it pdbny;0
ahokdjarot ahok abused kaum islamist radicals;0
deddy corbuzier sindir karang bunga ahok indoharian ahok djarot ahokdjarot karanganbunga dki jakarta dkijakarta politik;0
takjub besar cinta warga dki ahokdjarot geli kalimat kalimat karanganbungaahok;0
yah nama manusia suka khilaf sayang a ajak komitment b ujung ujung nyesel ahokdjarot;0
salah faktor kalah kompak pukul isu agama ahokdjarot;0
ahokdjarot menang kerja aja nuntut bom bom mau jakarta tanyakenapa;0
enak sih gubernur tinggal terima rapi semangat ahokdjarot;0
bukti ahokdjarot begtiu cinta warga kalah terhornat karna kelici jijik lawa;0
stress pikir duit itung bunga x rp udah dana cinta ahokdjarot lebih materi;0
saran dpr bikin pansus karang bunga undang lsm bentuk tim cari fakta karang bunga gila;0
karanganbunga karanganbungaahok ahokdjarot karang bunga sindir ahok djarot rusak http dlvr it ppjtx;0
sebentar komen nih mas settingan citra suruh ahok hahaha ahokdjarot;0
gembira bunga ahokdjarot kaga bahas a s benci tetep fokus badja yaa perhati;0
dukung menang stres ni kembang ahokdjarot hati rakyat bohong menang menang;0
paksa putus lantas kawin paksa bandot bini susah move on nyah pilkadajakarta ahokdjarot;0
masuk muri usul masuk ahokdjarot badja indonesiahebat;0
galon adaaqua nya saing ni ye bunga ahokdjarot;0
catat sejarah dunia ahokdjarot kalah banjir bunga ahokrekormuri;0
tukang karang bunga pilih ahok terima order buatin bunga orang kapir karanganbungaahok ahokdjarot;0
jakarta ahok bis om telolet om gombalinahok ahokdjarot ahokfornobel;0
lantik oktober kayak gin gak ahokdjarot ahokmandikembang;0
menang pilkada aniessandi yg banjir ucap selamat karang bunga ahokdjarot fenomena alam;0
kirim bunga ahokdjarot nyinyir juta pingsan;0
sakit jiwa warga cinta ahokdjarot karanganbungaahok gombalinahok kamis lawansekulerradikal;0
kirim karang bunga mending bikin acara sembako ahokdjarot kalahpilkada;0
balaikota museum paris moto lukis monalisa ahokdjarot ahokdicintairakyat savejakarta;0
menit sedih banget huhuhu bapak nang ahokdjarot savejakarta;0
haha kayak sebentar bunga tanding nih ahokdjarot;0
saran aja biar kalo aja ngiri nganan aja takut bikin macet kalo ikut ngiri ahokdjarot;0
stress guberner dukung harap warga jakarta ahokdjarot savejakarta;0
karang bunga karang karang ahokdjarot sungguh gila pasca gila tuntut jpu ahokpenistaagama;0
kafir laku ask ahokdjarot aniessandimenang;0
benci basuki benci goblok ahokdjarot badja;0
lambang mati akal waras indonesia fitnah kendali ahok ahoktumbang pilkadajakarta ahokdjarot;0
kaji gue liat pake perspektif netral loh coba kalo ngomong pikir ahokdjarot;0
sederhana aja orang susah move on sok skeptis tim kontra ahok ahokdjarot;0
debatfinalpilkadajkt ahokdjarot jakartakerja debat retorika program wacana adil korupsi;0
ancam polisi sutradara video ras kampanye ahok djarot bayar sesuai kontrak news ahokdjarot;0
tutup paslon minta maaf ahokdjarot laku aniessandi maaf gitu;0
protes iklan macet macet streaming ahokdjarot badja https ww instagram com p bsyhnlfph;0
tata jakarta tata debatpilkadadki gw;0
pilkadadki pilkada dki ras agam bukti ras china pilih ahok peluk kristen pilih ahok;0
lholho dukung ahok dp untuk kaum dhuafa situ uang bomb dp ahokkeok pilkadadki pilkadadki;0
ha ha ha adil nih bangsa milih no cina hah speak no evil akucoblosaniessandi pilkadadki pilkadadki;0
move on lihatin ahok djarot kalah slightly frowning face;0
baper ahok djarot disappointed face;0
menang kalah ahok djarot tarik simpul yep;0
sembako murah ala timses ahok djarot langgar uu milu suap suara model hina cerdas warga;0
ahok djarot kalah gera tindak paslon gencar keri face screaming in fear face screaming in fear;0
gubernur knp kjp anak turun jelang pilkada dki confused face;0
kafir haram pimpin kafir pilkadadki pilkadadki islamrahmatanlilalamin fire fire fire fire;0
awas serbu warga wahabi bogor depok jakartaberaswaja sjpkb pilgubdki jakartapunyasemua https news detik com;0
pecat menteri gimana gubernur no pilihahok ahokdjarotdirosi ahok ahokdjarot jangansalahpilih;0
kuota habis ikut berita indonesia pilkadadki aniessandi voteahok ahokdjarot;0
kalo bete ama m taufik pilih ahokdjarot kak soo pasti face with steam from nose face with steam from nose face with tears of joy smiling face with open mouth smiling eyes face with tears of joy grining face with smile eye victory hand jangantakutpilih pilihbadja;0
ahokdjarot anti korup kerja kerja nyata bersih tata ruang kota jakarta weary face weary face;0
pilih paslon no gagal jalan tugas leceh akal sehat ahokdjarot;0
dadak santun toleran gin zipper mouth face zipper mouth face zipper mouth face gara deket tgl april face with tears of joy face with tears of joy face with tears of joy indonesia voteahok ahokdjarot ahok;0
kemarin bilang tuju syariah indonesia badja ahokdjarot pilkadadki;0
tolakjakartabersyariah tolakjakartabersyariah tolakjakartabersyariah tolakjakartabersyariah;0
rizieq ikut ternak akun disosmed heran akun twitter serbu pasu caci maki grining face with smile eye face screaming in fear face screaming in fear;0
wasekjen mui nilai video kampanye ahok djarot suduntukan umat islam news ahokdjarot;0
mikir coblos belah kiri ahokdjarot face with stuck out tounges face with stuck out tounges victory hand;0
alien serang indonesia pertempuranakhirjawarajkt deklarasipp rompiskasmaran ahokdjarot aniessandi;0
lulung nyampah timses anies sandi gara gara takut kena semprot ahok face with tears of joy ahokdjarot face with stuck out tounges;0
ahok ahokdjarot pilpres sabang merauke;0
kampanye ngomong program program tri aja pecat face with tears of joy mending liat udah hasil kerja deh ahokdjarot;0
timses anies ngomongnya sok kayak motivator udah ahok baik gubernur liat hasil kerja aja deh ahokdjarot;0
pantes polling hapus menang polling ahokdjarot besar tayang x hari dimetrotivi face with tears of joy face with tears of joy face with tears of joy;0
buzzer ahokdjarot galau survei polling menang aniessandi invoice bayar nih face with stuck out tounges;0
omong cocok fakta thumbs down thumbs down pilkadadki voteahok badja ahokdjarot dki;0
dosen bangga harap gubernur bohong rakyat pilkadadki;0
sih malu ngakunya;0
berterimakasi fpi menang pilkadadki amat politik amat;0
daftar rumah jakarta dp nya rp gak realisasi kau tanggung janji kau akhirat pilkadadki pathdaily;0
janji calon gubenur lupa tagih janji jakarta butuh kerja nyata dar janji pilkada;0
terima hasil lapang dada pilkadadki;0
sedih optimis jakartaku pilkadadki;0
kalo gitu tagih program dp anies sandi pilkadadki pilkadadki;0
sabtu kerja ngobrol pilkadadki ketua rw komplek rumah teman super maksa warga pilih anies janji milyar;0
takut kalah buru sembako kaya cocok pegawai bulog kalee colek pilkadadki;0
jenazah tolak abis solat usir dagang usir agama jual politik mantavv jiwa lu pilkadadki pilkada;0
lawan ahok buruk track record komitmen berantas korupsi nihil pilkadadki;0
ih rem bilang pitenah gue badjauntukjakarta pilkadadki;0
tenang team sukses kerja bunga pilkadadki;0
aplikasi program paslon cenderung nyambung bahasa teknis prihatin;0
moga allah swt rahmat mendzolimi prihatin pilkadadki;0
anis persis kayak orang jual sabun wangi pasar ngomong pinter mandi pilkadadki;0
pilkada tutup debat kusir kusut kualitas debat parah debatfinalpilkadadki pilkadadki ahokdjarotdirosi;0
program ngomong potong warga pilkadadki pilkadadkijakarta asalngomomg;0
waah sadar kalo salah pilih basukidjarot pilkadadkijakarta pilkadadki;0
ajar sederhana kursi pakai duduk meja duduk aja mendikbud pecat;0
lho lagu anies sandi jiplak nyanyi yahudi hashemmelech;0
didik orang muda akhlak integritas ambisi kotor fitnah omong doang pilkadadki;0
pilkadadki anies polisi ahok djarot gusur titik dki http detik id lraph;0
tebar fitnah tuai kalah pilkadadki;0
pimpin mimpi tega pilkadadki;0
latih oce sabun al maidah pilka;0
timses aniessandi;0
kampanye anies menteri agama keluar atur larang kampanye rumah ibadah sdh aniessandi menang karna sara;0
haha aniessandi kuoata pakai telkomsel emang situ beliin pulsa beliin kuota;0
raya menang aniessandi pakai papan kembang pakai kambiang  syukur abunawas http fb me nivtr;0
surat kocak anies indoharian aniessandi gubernurpilihan gagalmoveone suratrakyat aniessandigubernurkita gubernurdki;0
bikin macet warga kelapa gading harap proyek mangkrak aniessandi kelapagading;0
pesta kembang lemper ayam ahok ahokdjarot anies aniessandi aniessandigubernurkita pilkadadki jakarta;0
anies sandi nilai loyo potensi kangkang ormas garis keras aniessandi;0
program ahok batal anies anies sandi ahok djarot gubernurjakarta aniessandi ahok;0
ahok sang pimpin bajing tumbang pilkadadk ayopenjarakanahok aniessandi aniessandimenang;0
ilcmerajutjakartakembali moga bikin damai ahokforbali yaa kecikampek aja brow rumah dp kayak program aniessandi;0
walupun orangjakarta sesal rugi dukung aniessandi ayo uang sembako non pilkada pret;0
program anies sandi anggap sulit aniessandi kelapagading;0
blunder menteri pan tendang gara gara dukung aniessandi isu ahokpenistaagama masuk kabinet;0
aniessandi janji rumah dp bentuk rusun tau rumah bentuk horisontal savedp;0
janji aniessandi lho janji mas mohon kawal;0
anies baswedan anut islam radikal moderat http obsessionnews com;0
aniessandi periode;0
sebut ekstrimis tim aniessandi persis jajah belanda perang lawan;0
nih om potong telinga aniessandidki aniessandi islam;0
aniessandi retorika indah dp bayar dng cicil lumayan rumah susun;0
anies sandi pimpin kota fpi taring pilkadadki aniessandi fpi;0
curang kalah kalah sakit martabat malu politiksembako pilkadajakarta aniessandi;0
okee oce okeoce solusi nya;0
kadang lucu milih aniessandi aja kagak nagih rumah dp situ sehat waras;0
kasihan anti reklamasi terus ayo uang gub wagub jkt aniessandi bullshit freak;0
sambut menang aniessandi bbrp alumni cukur rambut ramai bersolawat duh;0
prabowo terima kasih habib rizieq pilkadadki aniessandi terimakasihulama terimakasihhabib allahuakbar;0
gue ngerasa omong kosong belah gak terima kalah gak terima aniessandi menang pilkadadki;0
potong payudara susu aniessandi menang gmana hahah hitz skali wkwkwk;0
prabowo subianto amin rais ayatollah indonesia aburizal bakrie mentor arsitek menang aniessandi pilkadadki;0
ahokpenistaagama urus timses aniessandi urus umat islam dunia aparat tegak hukum indonesia penjarakanahok;0
bismillah beli rumah dp awas aja program ga jalan gubernurbaru aniessandi;0
heran baca berita berita aniessandi negatif pantes portal berita sepi melempem payah;0
andai ahok muslim menang pilkadadki ahokdjarot aniessandi;0
ente kafirun nantangin laskar aniessandi kite cari ente jakartabersyariah https twitter com;0
laku busuk alas busuk lempar tai sembunyi tangan nunjuk malu klakuan dukung aniessandi;0
kasi masjid jadi alat balas dendam takbir lontar muas benci parah dukung aniessandi;0
buruk klakuan pndukung aniessandi stelah ceramah politik masjid takbir usir djarot dri masjid;0
akun akun provokator timses aniessandi timeline ciri akun ahokers waspada;0
aniessandi bhinekatunggalika isusara kubu anies sandi seru stop politisasi kebhinekaan http dlvr it ntctln;0
syuhadatps kawal mati kawal menang aniessandi anieskalahmuslimmarah;0
fitnah akun hoaxerpanik hoaxerkepanasan sebentar aniessandi menang;0
mobil mobil kena macet arah mall taman anggrek tempelin stiker sopir pilih aniessandi ato;0
bhineka tunggal ika laku hdapkan pilih beda aniessandi stoppolitisasibhinneka;0
suka baca isi aniessandi media sikap netral basukidjarot;0
bukti radikal dukung teroris aniessandi ahokdjarot mencaripemimpin;0
kota jakarta pks papua koalisi dukung gubernur kristen aniessandi sandiunocabul;0
tulis coba membranding aniessandi pluralis konseptual absurd banget;0
ahok nista agama menang pilkada logika timses matanajwadebatjakarta salambersama okeoce;0
mabuk miras mabok kecubung lha mabuk okeoce;0
jiplak program okeoce hasil bikin dukung nista agama;0
garansi nya global kak refurbish garansi bank okeoce cacat produksi tukar kasar;0
munafik jual agama frontal bawa agama sabar min okeoce;0
karang bunga ahok djarot doang nih anis sandi grining face with smile eye;0
anies sandi menang pilkada dki blusukan pakai heli ujung kulon papua grining face with smile eye;0
lucu pilkada dki ahok djarot kalah simpati masyarakat banding menang anies sandi;0
kalo ahok kalah anies sandi menang jakarta rukun koruptor grining face with smile eye grining face with smile eye lying face lying face pilkadadki;0
anies sandi kalah debat final pilkada dki via;0
kalo kalah badja buat curang picik grimacing face prabowo anies sandi menang pilkada dki curang;0
kampanye sandi cianjur anies dukung aher hhmm jabar landa anies sandi zipper mouth face kalah pilkada;0
pilkada panitia pakai kaos salam panitia tim menang anies sandi main licik aja kalah;0
ahy kalah pilkada dki putar putar anies sandi serang habis habis buzzer ahox;0
paslon anies sandi kl kalah pilkadadki pindah nyalon kab bogor kyknya cocok nih bogor butuh entrepreneurship and education;0
kuat partai jatim mei paska pilkada dki perhati partai dukung anies sandi turun;0
anies sandi menang pilkada dki terimakasihfpi;0
bilang anies sandi menang pilkada dki menang visi misi program jakarta rt zipper mouth face;0
paslon aniessandy curang kampanye masuk masuk masjid musolah kampanye politik pilkada aji duit;0
dp angsur th program sengsarain cagub periode aniessandy kabur gubenur babak bur;0
tunggu konfirmasi bini muda okeoce salambersama gue ngeles;0
fitnah nih menteri didik binimuda duh kw aspal anies sibuk urus istri muda;0
artis bor sumur ngebor kaku tangan anissandi okeoce hand;0
nginulpun diam face without mouth dacademy salam okeoce coblospecinya;0
hati provokasi teman wajah islam wajah politik disappointed face;0
intelijen bayar main alhamdulillah masyarakat cerdas tanggap okeoce;0
rip logika nalar salambersama okeoce tetapahok gue dpnol;0
vs seru nonton nya acara debat okeoce;0
cagub kerja vs cagub wacana cagub fakta vs cagub dusta tetapahok salambersama okeoce beragamitubasukidjarot kampanyeahokjahat;0
debatfinalpilkadadki oke oce oke mart oke jek hahaha ogah kerja ogah capek okeoce;0
boss cabut pasang kaya bijak reklamasi okeoce;0
ahok masuk akal anies manis manis bullshit debatpilkadadki okeoce teamanies teamahok;0
adekku arti okeoce ogah kerja ogah cape smiling face with open mouth closed eyes smiling face with open mouth closed eyes;0
ngecap lucu diam okeoce;0
okeoce mas face with tears of joy gak muter face with stuck out tongue closed eyes;0
okeoce debatfinalpilkadadki;0
okeoce;0
mbak ira kusno baju pas cerah gara blush on nya okeoce tegang debat smiling face with open mouth cold sweat kurangpenting;0
susah tanya bisa okeoce;0
apa tanya jawab okeoce debatpilkadadki;0
doa ku moga suara mas agus sylvi beneran badja pilkadadki mas agus mu;1
ketemu istiqlal bangga;1
singkir kancah pilkada dki angkat ahy dunia;1
pilkada dki ahy kualitas pimpin muda jiwa ksatria ahy dunia;1
pilkada dki ahy keliling nusantara rajut satu indonesia jakarta;1
ahy titip jaga pluralisme bangsa satu saing pilkada satu;1
ahy kalah pilkada menang hati rakyat;1
dukung ahok antem mending kaya dukung ahy kopdar biar luas tau calon;1
ahy pilkada dki hikmah ajar uji tantang ambil matang karakter aiman;1
semangat ahy faktor kalah pilkada kemarin wakil ahy maju insyaalloh;1
upaya demokrat kenal ahy hasil pilkada jakarta ahy blusukan indonesia;1
prinsip pimpin menang pilkada ajar dinamis;1
pilih warga jkt mayoritas ahok calon ahok bukti putar pilkada dki mayoritas pilih ahy anies;1
akun instagram ahy ucap selamat paslon menang pilkada dki jakarta;1
rang selat malaka aiman kompastv sempat wawancara ahy pilkada dki;1
ahy pilkada dki jalan martabat;1
salam kagum ahy muda berani pensiun berani tantang ahok pilkada saat takut;1
pilkada dki doa ahy menang mudah mudah anies sandi menang;1
mental kalah pilkada indonesia guru sosok ahy;1
lsi bukti jujur surveynya pilkada dki tahap ahokdjarot disurvey langsung kalah ahy menang putar;1
habis pilkada pileg pilpres harap ahy ketua dpr;1
sebentar lupa gila pilkada dki lari ahy kepri april;1
bilang menang bentuk yakin hasil goal goal improvisasi politik sby ahy pilkada dki;1
pikir target ahy pilkada kemarin bangun sentimen positif;1
harga sikap dukung ahy pilih sikap netral putar pilkada dki;1
pilkada pilkades mas ahy rame;1
pilkada putar kemarin kaos ahy bagi bagi lingkung utan kayu jaktim;1
semangat dukung ahy sylvi pilkada laksana tentu pilih pro rakyat;1
salah ahy silvy menang pilkada mudah silvy mio pakai helm keliling komplek pilih jamin segan;1
tunggu kualitas jiwa anies sandi ucap peran suara loyalis ahy silvy menang pilkada basukikeokmasukbui;1
terimakasih ahy silvy jakarta gubernur;1
agussilvy;1
cakeepp satu dukung aniessandi agussilvy;1
lupa pilih paslon no agussilvy forri https twitter com ruchan jkt status;1
sinyal positif agus sylvi rapat anies sandi pilkadadkijakarta agussilvy https ww harianbernas com berita sinyal positif;1
putar rapat baris komando aniessandi agussilvy;1
salut mpok silvy aku menang paslon agussilvy salamjari kitankri tetapsemangat pilkadadki;1
quick count ttp hasil kpud putar rapat baris komando aniessandi agussilvy;1
youtu be bxrzdua tenang bening tulus mas agus yg yaa mas apreciate agussilvy;1
masuk kritik bangun kalah tanding pilkadaserentak ahokdjarot agussilvy aniessandi;1
apa hasil kau bangga agussilvy;1
fokus menang ahy agusyudhoyono rakernasdemokrat demokratkelilingnusantara;1
rakernas partai demokrat ahy ahy partaidemokrat lombok gilitrawangan mataram https ww instagram com p btzmredliy;1
alhamdulillah ahy sambut hangat mesra intim ntb;1
ngawal abang keliling ampenan ahy fkppi kawal bodyguard military myjob https ww instagram com p btysqvcjlv;1
ahy knp tiap acara nya massa membludak krn rakyat harap utk ahy pimpin negara masa yg dtg ahyforall;1
ahy indonesia;1
mesti gus ahy negarawan;1
demokrat cinta nkri ahy demokrat bakti;1
karanganbungaahok jago kalah duluan klu gitu ahy jago ahok;1
ahy;1
pesan ahy lupa gembira cinta indonesia;1
salam kaum muda hormat tua ahy;1
ahy thenextleader ahy adalahkita;1
jalan lari songsong ahy songsong;1
langkah kuda agus yudhoyono ahy sby partaidemokrat pilakada dkijakarta;1
muka pulang punggung terima kasih kepri demokratkelilingnusantara ahy;1
ahy inspirasi kaum muda gera indonesia muda indonesia emas;1
ahy sapa selamatpagi indonesia;1
ahy harap dpn bangsa;1
keren ahy;1
wartawan u pilkada mas mas ahy skg pikir u pilkada;1
mas agus kasih kuliah nih ahy;1
kuliah mahasiswa perspektif ahy at umrah dompak ;1
insya allah dahulu tuhan yg nglamar ahy;1
hmm calon tokoh dunia ahy;1
ahy gembira;1
terimakasih kpada dukung ahy tlah suara semogaamanah jakartauntukrakyat;1
voter ahy pilih pilkadadki indonesia savenkri;1
ahy;1
logika pilih ahy putar psikologis pilih paslon gubernur jakarta;1
olahraga ahy tps siang nasional ahy olahraga siang tps;1
pilkadadki putar bgm ahy kelas sbg pimpin yg besar hati;1
peduli ahy;1
dukung ahy yg dukung ahok basis massa mayoritas pilih anies kunci menang tipis anies;1
suara dukung ahy tentu menang salah paslon;1
moga pilih ahy putar kebon kacang kp bal alih anies sandi jakartacoblos;1
yuk ahy fans dukung menang gubernurmuslim;1
bismillah moga esok jakarta milik pimpin sesuai tuntun alquran diridhai alloh swt;1
bu sylvi contoh berani betawi utk sikap ngga ngambang banci contoh perempuan betawi tulen;1
putar dukung mas agus yah kalah hormat menang curang;1
ahy pimpin harap bangsa;1
ahy baik;1
postingan januari teduh tetep ahy;1
salam wallahulmuwafiq ilaaqwamithoriq cermin beliau nu jatuh hati ahy;1
suka orang jiwa ahy;1
ahy r kalah pilgub ahy;1
kau kalah bangga pada ahy jalan sukses nanti saat;1
ahy pribadi kagum pribadi mu yes bangga sikap;1
agus harimurti yudhoyono lovers ahylovers annisa larasati pohan lovers alplovers dadak ahy;1
terkadang sikap dewasa ajar muda thumbs up smiling face with heart eyes a ahy awesome;1
hayoo aja sibuk hapusin twit jelekin ahy face with stuck out tounges face with tears of joy;1
pingin lihat mas ahy debat face with stuck out tounges;1
diam tersepona pesona ahy gagalfokus deh face with stuck out tounges ayoagusyudhoyono https twitter com zaraz;1
dukung anies sandi hand bangga jiwa ahy silvy prabowo ahy folded hands folded hands;1
ahy sylvi menang hati dukung ahysylvi panik ketar tir kubu folded hands folded hands;1
menang anis sandi hand menang ahy silvy kaum pribumi hugging face hugging face;1
ahy silvy maslahat bangsa;1
mas ahy aniestidakkonsisten boongya debatfinalpilkadajkt menolaklupa;1
heboh pentol band coldplay inggris chris martin dukung pasang agus sylvi ahy pilkada jakarta;1
sekjenpartaidemokrat diskusipolitik bola turun baik nkri depan ahy;1
politik hidup smiling face with smiling eyes;1
djarot apresiasi ahy rela rawan dukung ahok clapping hands clapping hands merahputih indonesia jakarta pilgubdki;1
politik santun martabat folded hands ahy;1
heboh ahy muncul tampil beritahati heboh ahy tampil pilkada nasional;1
gunawan freely anggota dprd talaud pasang spanduk ahy perbtasan indonesia filipina lanjut;1
a h y ahy ahyall ahyforall ahyhargamati tni https ww instagram com;1
polling mbak buka pilih ahy pribadi gabung mbak ambil putus timses smiling face with smiling eyes;1
sambut hangat dukung ahy gabung smiling face with smiling eyes folded hands;1
nikmat syukur uji sabar selamat malam face blowing a kiss face blowing a kiss;1
bangga juang face blowing a kiss face blowing a kiss ahy;1
jiwa besar teladan oncoming fist oncoming fist face blowing a kiss;1
nyesal dukung beliau face blowing a kiss face blowing a kiss bngga hadir republik ahy;1
pimpin muda ahy raising hands raising hands raising hands;1
menang nya ahy no hati smiling face with open mouth closed eyes smiling face with open mouth smiling eyes smiling face with smiling eyes face savouring delicious food kissing face with closed eyes face blowing a kiss smiling face with heart eyes ahy ahy https ww instagram com;1
rencana putus allah putus manusia smiling face with smiling eyes smiling face with smiling eyes ahy;1
mas agus semangat dukung ahy tidur basuki maju insyaallah menang;1
ikhlas korban ahy sia non;1
tetep semangat mendharma bakti jiwa raga negeri smiling face with smiling eyes smiling face with smiling eyes ahy wpap art;1
ahy mundur selang lompat news ahy;1
harap ahy moga sinar aamiin smiling face with smiling eyes smiling face with smiling eyes;1
nya nya ahy;1
baca strategi politik sby calon agus yudhoyono ahy;1
ahy sdh jiwa hasil pilkada sulit sungguh sulit deklarasi;1
pdi p kuat menang ahok djarot pilkadadki;1
hitung menang sungguh pilkadadki ahokdjarot kalah penting nasional;1
terima kasih ahok pilkadadki;1
serah takdir hidup tuhan jalan pilkadadki;1
trimakasih kerja degan djarot pimpin dki pilkadadki;1
selamat istirahat ronde lawan jahat menang pilkadajakarta pilkadadki basukidjarot;1
kuasa tuhan kasih tuhan ambil terimakasihpakahok bangga pilih ahok pilkadadki terimakasihahok;1
ahok kalah aman coba ahok menang calo akhirat ribet teriak teriak monas pilkadadki pilkadadki;1
bpk terima kasih juang dukung terbang pilkada;1
artis dukung ahok selamat rekan dukung anies pilkadadki;1
terima gubernur terima kasih gubernur sudah selisih satu maju pilkadadki;1
pimpin bangga pegawai perintah terimakasih salamjari;1
dukung pilkada sepenuh hati moga menang menang merdeka;1
pilkadadki cinta menang lanjut;1
hasilc baukidjarot pilkadadki matarakyat kawalpilkada unggul tps duri kosambi cengkareng;1
selesai setia pilkadadki https ww instagram com p btdxsnudpp;1
nyoblos ahok senyum pilkadadki ahok;1
warga bekas tangerang bogor depok dihimbau coblos no no warga dki coblos no pilkadadki;1
selamat pagi salam jari pilkadadki pilkadajakarta;1
warga sultra dukung ahok djarot gub dki jakarta pilkadadki pilkadajakarta ahokmenang ahok;1
cari pilih gubernur mimpin jakarta omong kosong besokguaahok pilkadadki pastikanbesokdua;1
orang pimpin pimpin ribu orang ajar pimpin pilkadadki;1
pilkadadki kh said aqil ahok djarot jalan nu;1
butuh pimpin mutu batas jaja kartu pilkadadki moga sukses menang;1
pilkadadki provinsi jambi amin tuit moga purnama hidayat pilih;1
iwan fals pilih ahok djarot konsisten iwan fals lawan korupsi pilkadadki;1
lilin rizieqpulang lilinuntukahok ahok ahokdjarot andai contoh indonesia;1
bener banget nonton concert coldplay aja ngerti ahokdjarot;1
ajar sabar the invisible djarot ahokselaludihati badja ahokdjarot ahokmartir;1
dapat ahok  pimpin hebat tuhan utus utk indonesia gueahok ahokdjarot saveahok http l ask fm igoto;1
introspeksi saveahok ripjustice basukibtp ahokdjarot indonesia indonesia https ww instagram com p buafqxldza;1
cari pimpin cinta gampang msp ahokdjarot ahokfornobel silake;1
djarot ucap terima kasih syukur ahok penjara ahok ahokdjarot;1
cinta ahok and djarot ahok saveahok ahokdjarot;1
doa serta jakarta may basukibtp storyofthestreet ahok ahokdjarot https ww instagram com p bttcjqlx;1
lilin ahok saveahok ahokers ahokdjarot ;1
ahok ahokhebat ahokdjarot ahoktakbersalah ripjusticeindonesia politikkotor;1
mas keren banget selamat juang nkri harga mati saveahok ahokdjarot ripjusticeindonesia;1
tugu proklamasi bawah sinar purnama ahok ahokdjarot ahokfree;1
lilin ahok manado ahokdjarot ripjustice riphukum manado savenkri;1
sosok band of brothers hidup nyata demiahok ahokdjarot;1
juta lilin adil ahokdjarot lawinforcement justice jakartauntuksemua indonesiaraya https ww instagram com p btioerhydo;1
moga ahokdjarot selesai tugas negara sampe oktober pas lantik gubernur apbn ganggu amin;1
salam sujud hormat djarot khabarnya tangguh tahan ahok setujuin malam ahok pulang;1
moga tegar ahokdjarot https twitter com cpdmkrkm status;1
dukung doa pasang juta lilin ahok manado indonesia saveahok ahokdjarot ripjusticeinindonesia;1
manado;1
rakyat cinta nkri juang adil justice lawinforcement ahokdjarot jakartauntuksemua https ww instagram com p bteqhzfw;1
semangat djarot doa serta ahok ahokdjarot djarot ripjusticeinindonesia;1
bangsa diri bawa doa menang tuhan indonesia ahok ahokdjarot indonesiaberkabung;1
orang orang cerita batman robbin lindung jakarta ahokdjarot;1
beda kerja keras suka cari muka ahok ahokdjarot freeahok ahokishope ripjusticeindonesia riphukum;1
dukung doa pasang lilin ahok manado indonesia saveahok ahokdjarot ahokpresidenrike;1
jerih lelah juang bangsa korupsi tegak benar hitung tuhan gbu ahok ahokdjarot freeahok;1
semangat djarot air mata kenang air mata tanda cinta indonesia djarot ahok ahokdjarot;1
doa jakarta ahokdjarot;1
sejarah indonesiabersih ahokdjarot;1
pimpin indonesia jujur kerja nyata ahok djarod is the best ahokdjarot;1
integrasi rusun pasar bioskop rakyat ahokdjarot tunggu lanjut bawah gubernur;1
malam keluarga balai kota anak lihat bunga monas ahokdjarot;1
ribu bunga ahokdjarot ahokdicintairakyat jakarta;1
ahokdjarot hati buniyani masuk bui anies pecat menteri bloon;1
indonesia harum bunga ahokdjarot ungkap ribu bahasa cinta;1
yaa bunga abal badja ahokdjarot jakarta kantor balai kota jakarta https ww instagram com p btgmrkldy;1
balaikota dki jakarta habis ahokdjarot;1
karang bunga ahok kota indah ajibarang basuki btp jakarta ahok ahokdjarot dkijakarta;1
menang sejati menang hati rakyat udah kalah datang rejeki tukang bunga ahokdjarot ahokdicintairakyat;1
djarot semangat sehat moga akhir jabat masyarakat dki sadar pimpin ahokdjarot;1
abang keren tuhan berkat ahokdjarot berkat abang;1
balaikota rame kirim bunga alir ahok djarot badja ahokdjarot;1
wisata balai kota mumpung gubernur ahok riang gembira gratis penuh balaikotadki ahokdjarot;1
ide gila redkarpet longredcarpet longredcarpetahokdjarot ahokdjarot;1
allah orang subhanallah dkijakarta ahokdjarot pemprovamanah pemenangdihatirakyat piss;1
tuhan kati ahokdjarot;1
tuhan sayang jakarta ahokdjarot ahokdjarot kalah marah ahokdjarot menang yg jakarta terima kasih;1
lepas galak galak sayang ahokdjarot;1
nongkrong masang karang bunga monas aja jogja ahokdjarot bungaahok bungauntukahok;1
gombalinahok jahat ninggalin yg lanjur sayang pada ahokdjarot;1
batam ahokdjarot semangat https ww instagram com p btbytzqaqijziowgmclanpdleuhoxyzbwolu;1
karang bunga ucap terimakasih masyarakat monas karanganbungaahok telkomsel ahokdjarot;1
ahok ahokdjarot pilgubdki saveahok temanahok gusur juta rakyat http infototorqq blogspot com;1
ahok saveahok ahokdjarot pilgubjkt anies unggul pilih muslim ahok kaum didik totorqq http ww infototorqq com;1
duajari ahokdjarot badja salamduajari duajari kode code gangster farmer foodhero https ww instagram com p bsx bovd;1
bikin pusing tinggal tenang konsentrasi doa bahagia menang;1
jatuh cinta gubernur milik heart with arrow pilkadadki pilkadadki;1
vote pilkada pilkadadki pilkadadki ahokdjarot tps https ww instagram com p btdsmeylbz;1
ayo coblos bijaksana jakarta victory hand pilkadadki pilkadadki pilkadajakartaaman;1
kalah ahok sengaja biar paket ahy pilpres face with stuck out tounges grining face with smile eye grining face with smile eye smiling face with sunglasses smiling face with sunglasses pilkadadki ahokers risau hahahahahaha;1
anies respon negatif netizen emosi an ahy hafal badja smiling face with sunglasses smiling face with sunglasses victory hand;1
kalah basuki tjahaja purnama djarot saiful hidayat pilkada dki jakarta pengaruh elektabilitas pdi victory hand;1
percaya kondisi cuaca pilkada dki kontribusi positif ahok djarot victory hand victory hand;1
tompi ahok djarot victory hand victory hand laku ubah positif nih bukti pilkadadki;1
positif pdip usung ahok djarot pilkada dki victory hand suara nasional http fb me wthllcnz;1
kalah jujur menang curang heavy check mark heavy check mark initerjadi pilkada dki iri terima ahok;1
kalah pilkada dki ahok djarot karang bunga simpati uji ukur victory hand victory hand anies sandi menang bunga dp;1
ahok djarot kalah pilkada menang jaga integritas demokrasi pancasila bangga smiling face with heart eyes jakartagubernurbaru pilkadadki;1
