jelek film si ernest gak mutu bgt actingnya film sampah;0
film king arthur film jelek cerita king arthur;0
film gwa kasar bapak;0
ane ga suka fast and furious turut jelek tu film;0
gua ga tau film nya lu bilang perang perang perang ama rp yaoi ambigu v;0
editingnya yg bagus kecewa dgn film indonesia tunggu film;0
kecewa dgn salah aktor yg dukung nista agama ah sabar utk tonton film;0
yg kecewa abis nonton film;0
themummy film memgecewakan hidup yah sy udh berekspektasi suka bgt mesir kuno;0
film jelek ga isi;0
nonton film indonesia bioskop kartini critical eleven gambar kartini ale anya lemah;0
nonton film kartini miris jaman jaman bangsa bodoh serakah gila kawin ironis celotehpagi;0
btw danur jelek banget gausah tonton hans gue bayang lo meantweets film ntar lol;0
film kartini trlalu singkat tonton yg blm baca biografi ttg kartini bingung sndiri emg blm baca bukuny;0
habis nonton the guys kecewa nonton film banding film anjlok;0
udah nonton film alien kecewa ragu nonton;0
satu rugi nonton film action aktor liat jelek p;0
film bilang bagus kelompok doang kasih harga aj nonton jelek;0
sudah hidup singkat dihabisken tonton film jelek;0
film king arthur jelek bagus cenderung mudah lupa;0
jelek ah jelek film dimension rilis akting ga;0
dgn durasi film yg tll alur yg datar stlh criticaleleven selesai sy dgn sih;0
adegan potong rusak film;0
selesai nonton film goal turun kualitas film nya drastis parah;0
ingat film beda buku bikin kecewa teman ngajak nonton black bulter;0
ogah nonton kecewa ama film;0
kecewa berat film power rangers bawah ekspektasi banget;0
bahas film angkat novel kalo bikin film puas aja gitu;0
abis nonton film balap mobil tidur menit lelah bosan;0
the mummy film yg aneh tengah film mummy;0
aneh film besut marvel ga post credit scene nya kaya film yg habis tonton log;0
film norak;0
film critical eleven rusak image ale anya kepala;0
factrica suka film film romantis endingnya jadi;0
balik novel angkat film sesungguhny campur tangan produser sok tau embel jual;0
sebnarnya film lumyan bgus sayang aktor n aktris rusia film trsa hambar;0
kalo nol bikin film gak perempuan seksi bumbu cinta hambar;0
insidious creepy bikin tegang film datar pengaruh;0
gue nonton film homo aja rumit bener;0
sayang banget film lokal bagus budgetnya layar tonton batas banget sayang banget;0
film nonton nya bikin gue derita ;0
gue nonton the mummy bilang film nya bagus bioskop sesal;0
malam nonton film pagi ane download malem langsung nonton ane smpai begadang hasil ane kecewa;0
takut kecewa nonton film danur takut ga sesuai ekspetasi buku mikir serius;0
nonton alien covenant mall kaya nonton baja parah yg skip mati mati jelek parah film bagus jelek;0
gue orang yg jarang bgt nntn film indonesia krn nntn gue slalu kecewa buat film yg mnrt gue ga totalitas;0
ragu nonton banyak kecewa nonton film adaptasi novel;0
gamau berekspektasi sih film angkat dr buku kecewa;0
ane kecewa ma nih film udah nungguin;0
ka udah nonton membabibuta kecewa nonton film tu;0
jenuh nonton film hambar;0
sesal dada nonton film;0
netizen batal nonton film kartini gara gara laku http bit ly oirpy;0
film aneh ajaa;0
aneh film baru conan kali gk spektakuler tp openingnya hancurin gedung sih;0
film bikin emosional bener bener nyedot emosi;0
film busuk artis dungu rusak bhineka;0
kecewa dgn plot cerita film the guys critanya akan lompat ga proses visual yg bs bikin kta erti amira suka sm alf;0
jijik banget film pas kelinci gede  nightmare parah https t co edoifusp;0
bilang film jelek daur ulang gagal imdb ratattote aja ratingnya anjlok tp turut suka film;0
naruto film bodoh haha fakta quote;0
gw ekspektasinya film kuat narasi yg gw jadiin motivasi tp kalimat inspiratifnya hehehe;0
film e hambar;0
film the mummy gue gak sesuai harap gimana gitu film weird film tipe bang tom ;0
bilang jelek bilang aja yg film teman filmya bagus aja ngga bkin tmen lu maju sih;0
abis nonton king arthur temen gw sen sblm nonton loh film jelek jgn percaya ama sen yg unsur;0
film kartini menang pd main film yg kelas yg nama ceritany riset;0
yg ajar sejarah gimana konflik yg tampil film kartini kaya penuh ekspektasi aja;0
film byk sensor g hambar;0
nonton film;0
kecewa deh pkoknya mslh jam tayang bs aja ngertiin tp klu film cut yg g bs dingertiin kaulahtakdirkumembelamu;0
novel favorit film hasil bikin kecewa parah tp teaser criticaleleven team ce serius film;0
inti kmren kecewa bgt krna mmbiarkan anak nnton film dewasa jam tayang malam wib criticaleleven;0
aduh film jijk parah;0
kecewa film danur luar ekspektasi;0
ancur bgt film jelekk;0
film hangout aja sih gak kecewaa;0
ending film kamar jelekk;0
film aja ngehek seriesnya ngehek ga;0
buried film budget murah tingkat depresi tinggi;0
gila film britney ever after jelek banget parah nyesel nonton gak sampe abis;0
bravo filmkartini main bagus sudut pandang cerita tarik film tonton perempuan lelaki;1
abis nonton film kartini baguss bgt dr sampe haruu;1
romanharusbertahan bangga suka film yg kandung bnyak makna sperti;1
film danur dramatis laris;1
menang film kartini banggafilmindonesia;1
film divergent seru  ah udh selesai sih;1
suka video trailer film the guys bioskop april;1
banyak nang selera sy kagum film kartini;1
thank you mas tim yg uda danur film nya keren banget tmn yg nonton sila tonton rekomended;1
danur film horor indonesia laris tonton tayang maret manojpunjabi danurmovie;1
tambah film indonesia favorite criticaleleven baca buku nonton gak kecewa bagus;1
coba nonton film deh asik parah;1
nonton get out bener gk ekspektasi tarik karna film jordan peele puas keren parah film sakit jiwa;1
kalo nyari film comedy recomended nih lucu parah asli;1
cek tread aja film gak kenal asik tonton nemu film bagus;1
film bagus banget bioskop judul ziarah film indonesia patut apresiasi;1
critical eleven film bagus cerita main gambar bagus puas banget dah nontonnya;1
film ziarah layak tonton ken peluk sutradara sukses arah per mbah sri peran umur thn;1
nunggu tahun ni film kantinidhijabers;1
satu film indonesia yg gue tunggu bgt tonton liat film lgsg gagal moveon pgn nnton lagi criticaleleven;1
tp bangga nya kali lipat kalo film perdana ledak pasar catat film laris;1
mbah cucu barusan nonton night bus gila keren gin tinggal dikit layar bandung mbah kasi;1
papa mama nonton critical sm film indonesia blg film bagus terimakasi;1
yg udah nonton the guys pilih nonton unlocked film action yg seru cocok nemenin pas long weekend;1
nonton film the guys film ngakak abis sedih film paket yg komplit hehehehe sukses;1
sumpah film bagus bngt nonton kali kali gapernah bosen film the guys inspirasi tnx bang udah film;1
film kartini tonton umur film hibur didik inspirasi ff;1
film sejarah jarang negara baca sejarah enggan tonton film kartini;1
kerja film kartini sungguh main produksi selamat mas;1
lapor mbah film keren worth to watch syukur instrospeksi abis nonton;1
thanks for today film thebossbaby bagus banget dapet feel nya lucu ketawa amazing poko;1
film ziarah amat keren bangga layak oscar;1
barusan bgt kelar nntn film lokal yg gue tonton hasil bikin nang speechless liat akting;1
bahagia temu film keren;1
film kartini bagus bangett wajib tonton;1
minggu nonton danur review neng sih film horror indonesia bagus;1
filmkartini inspirasi juang junjung nilai benar dominasi kuasa kaku budaya;1
moral yg petik film wonder woman salah satu jaga aurat dr cowok hidung belang;1
trust me getout tipe film nyaman nikmat gak tau film baca beda;1
nonton film getout berbudget minim tp hasil sungguh tk duga bgtu jenius smp mkir brulang yg sbnrnya trjadi;1
salah film yg simple hasil luarbiasa ga aneh film getout dapet critical acclaim;1
sy bahagia krn film bagus tonton mrk mrk tugas guru guru bagus filmziarah;1
film kartini bagus banget belah sampe nang film resah tonton;1
film keren falsafah hidup salut;1
malesan ajak liat the guys ngerasa duit terbang pasca nonton hangout eh beda tjoy film keren;1
minta buka warganet indonesia sempat tonton film ziarah salah yg baik yg;1
