undang hitamputih menang ssk jkt mjkt layak undang prestasi;1
selamat buka puasa moga amal ibadah ni terima allah hitamputih;1
nih trans hitam putih dpt harga norwegia hitamputih;1
selamat mas masuk hitamputih;1
asiknya nonton hitam putih trans;1
acara komplit tarik hitam putih;1
keren lu bro hitamputihtrans;1
yg liat hitam putih trans ga sanggu ganteng;1
cinta ikat silaturahmi hati lunamaya hitamputihtrans https ww instagram com p btqszjjoa;1
terima kasih bantu sekolah adik hitamputihtrans;1
moga lancar hitamputihtrans;1
trans hitam putih baik https ww instagram com p btyytxmgvkd;1
acara hitam putih bagus lihat;1
bagus rancang trans hitamputih dakwah hibur terima kasih ustadz wijayanto;1
rihanna bintang tamu hitam putih kayak kangen tayang;1
terimakasih tonton hitam putih malam moga inspirasi ajar utk sobat rafatharonhp;1
bikin rindu nya hitamputihtrans;1
wihh hebat kakek nenek;1
tunggu sekian nongol hitam putih trans;1
spensa boys poso hitam putih trans asli keren pake kemeja biru putih si gingsul salam;1
wahh asik nih vocalgrup hitamputih thanks;1
slalu nonton hitam putih trans hbs acara nya bagus banget mas dedy;1
acara hitam putih trans malam bahas mantab tuju banyak ulas;1
lg seru nonton hitam putih nonton on the spot;1
hpjkt jkthitamputiht trio unyu acara master dedy thanks hitamputih;1
usaha jujur kerja yg jujur hitamputiht;1
keren undang acara hitamputih acara presiden;1
kangen jeket bintang tamu hitam putih trans seru aja gitu pas jaman gen undang hitam putih;1
terima kasih saksi hitam putih moga inspirasi hibur;1
hitam putih donk undang;1
inspirasi hitamputihtrans focus inspirasi;1
seru nih hitam putih trans live;1
syukur hidup indonesia hitamputihtrans;1
tuju banget ucap deddy corbuzier hitam putih trans hr guru tanda jasa naik gaji;1
selamat siang selamat aktivitas tunggu hitam putih chaenel sayang trans;1
hitamputiht keren;1
nonton trans hitam putih keren abis jesika cantik dedy ganteng;1
acara hitam putih oke;1
tweeps terima kasih saksi hitam putih besok live hpviral;1
hitamputihtrans emang keren tamu;1
kes dengar salah dr orang yg maju hitam putih moga sukses slalu;1
miris liat perintah juara angkat berat asia tp tdk biaya ikut kejurnas miris hitamputihtrans;0
haruka kali undang hitam putih tolak aja hostnya ga harga;0
asa aneh nonton acara hitam putih tonton nya anak yg sekolah sekolah gua smkjakarta;0
sedih dengar curhatanmu roxana moga tuhan tunjuk jalan titik terang utk roxana hitamputih gulat;0
miris anak indonesia sulit bahasa indonesa nyaman bahasa asing hitamputihtrans akuindonesia;0
parah banget hitam putih trans ngomong sembarang yg rusak generasi muda acara kyk gin;0
takut powernya oma martha hitamputiht;0
hitamputiht hasil tdk sesuai dgn yg hendak demo demo lg sila arti sbg paksa hendak;0
mulut farhat abas anjay bener hitamputiht;0
klo episode muncul ga nonton lg hitam putih hitamputiht;0
yaampun anak nonton hitamputiht;0
mario teguh campak anak nya hitamputiht;0
orang tuna netra aja bagi yg pegang jabat korupsi hitamputiht;0
kalo nyanyi anak lagu na sakit malu savelaguanak hitamputiht;0
maksud ngatain tp knp orang yg ditindes hitamputiht;0
bos kau kalo cowo kerja salah bentak abis kalo cewe diajakin becanda trus ketawa mystupidboss hitamputiht;0
berita nya ga nyebar sih hitamputiht trans;0
gitu nasib atlet hitamputiht;0
knp sahabat bs lupa dg sahabat temu teman baru hitamputiht;0
baby tatan nang ngeliat daddy hitamputiht;0
toleransi umat agama yg terap serang banten toleransi mitos hitamputiht;0
suara sang veteran koruptor hukum mati hitamputiht;0
yg yg harap moreppie hitamputiht;0
ga tau buruk kau pergi moreppie hitamputiht;0
hitamputiht udah sodok ajah bu haha tributetowanitaindonesia;0
butuh tegas masyarakat perintah butuh tindak ngoceh medsos hitamputiht pollinghitamputih;0
pimpin pribadi korban hitamputiht;0
hidup dijalanin dipikirin mongol stres hitamputiht;0
hitamputiht demo gak nyelesaikan bermusyawara ajha hitamputiht;0
hitamputiht bayang konvensional online usaha tdk bayar yg orang kalah;0
enak taksi konvensional kalo pepet taksi yg langsung nunggu yg online hitamputiht onlinevskonvension;0
hitamputiht kaya gin negara inti gk tuju usaha kaya gin onlinevskonvensional;0
gak gadget mahal nipu gk argonya argo kuda gak aman pake konvensional hitamputihtrans;0
hidup pilih pasrah;0
miris liat hewan yg aniaya hitamputiht hpsayangbinatang;0
bicara masalah orang malu;0
dedy sombong nya alu;0
suka banget nonton indonesialawyersclub tambah wawas ajar bicara keren;1
ngakak mantap dah pokok seru;1
indonesia lawyers club program talkshow tunggu pirsa tvone bahas topik kini tahuntvone;1
kagum buya syafii maarif ilc tvone https youtu be gpxskltaly;1
panglima bangga ilc tvone https youtu be trtnueaw;1
rating indonesia lawyers club tv one langsung lesat tvone;1
sejuk kalo ilc kayak gin obrol ilc tvone;1
nonton tvone indonesia lawyers club yuk;1
ajar debat bidang hukum ilc;1
selamat tayang indonesia lawyers club tvone;1
yg bikin adem hati aa gymnastiar ilc;1
ikhlas lepas doa ilc;1
bang cerdas ilc hebat;1
ustadz keren banget ilc;1
ilc damai senandung;1
damai senandung ilc pecah belah umat agama musnah;1
indah ilc malam muka agama rangkul tuju tinggal ahok rusak selaras bangsa ilc;1
tuju banget ustad ilc;1
top banget utadz zaitun rasmin ilc;1
ilc polmart bijaksana;1
rakyat dukung kpk usut tuntas e ktp ilctvone;1
acara televisi suka ilctvone;1
ga sabar nunggu ilctvone;1
semangat sehat karni tonton setia tunggu ilc tayang ilctvone;1
salut komitmen wibawa jenderal sungguh ilc ilctvone;1
hormat jendral ilctvone keren nextpresiden;1
aa gym sejuk mental jiwa ilctvone;1
terimakasih buya syafii bangga dg kejernihaannya ilctvone;1
jelas kapolri barakallahu buka hati ilctvone jagankri;1
milik kasih maaf org yg maaf keren salut ilctvone;1
ilctvone sampe diketawain krn kalem ujung keringat dingin mata merem asli lucu;1
ahmad dhani ngomong seru ilctvone;1
dengar dapat hasim muzadi menentramkan keren ilctvone;1
salut hormat utk bang jhonson panjaitan lugas masuk akal ilctvone;1
kompak bela bnn n polisi ilctvone;1
keren kali abang acara botak ilctvone;1
jokowi org soleh hendropriyono ilctvone;1
top n cerah prof ilctvone;1
media dukung ahok dapat iklan korporasi ilctvone;1
salut darmawan salihin ilctvone;1
semga ilc informasi;1
acara debat yag hebat keren ilc;1
indonesia lawyers club tvone malam batal tayang malu rezim sakit takut http fb me pynacs;0
potensi teroris bikin nyata yg peluang pd teroris ilc;0
indonesia tp gak sikap dr presiden demo sibuk citra upload video gak ilc;0
acara ilc bidik habieb rizieq habieb ga pulang indonesia ga ga mutu;0
minoritas ekonomi kuat kuasa mayoritas ekonomi lemah bahas sumber radikal miris ilc;0
lg jaga jarak dg islamis radikal bangsa hancur ilc;0
anis fitnah ilc;0
metromini utk jadi metronome bentuk macet padat putra petir ilc;0
bela ahok cek pikir kalah anak sd ahokharusdipenjara ilc;0
kayak provokatif bawa acara beda kelas dg ilc;0
pribadi tdk suka dgn acara mata najwa ilc tdk selesai kayak matanajwa ilc;0
bohong ulang ulang ilc;0
racun puji ilc;0
males nonton topik ilc ga kini;0
bohong lari cepat kilat benar kalah ilc;0
org yg nama tampang nabi tp hati iblis sesuai dgn nyata acara nazarudin ilc;0
paham gagal paham ilc;0
sumpah liat muka fahrihamzah ilc ken gw lempar pake sepatu nyebelin bgt;0
fahri dower sakit hati kpk ilc;0
ajarin dewan ttg hak angket ilc;0
rakyat tp jg kadang ga neng lihat nya yg superbodi kyknya tebang pilih jg ilc;0
ilc rajut jakarta cabik cabik pimpin;0
maksud cinta uang akar jahat ilctvone;0
geram ngeliat tingkah laku akhlaq oknum mengatasnama islam ilctvone;0
matanajwa beda kelas sm ilctvone knp bebas batal;0
rajut jakarta gampang bacot lu jaga ilctvone;0
buya safi maarif yg tua kalah bijak nasihat eep yg muda ilctvone;0
rampas hak dasar manusia batal hukum ilctvone;0
polisi kasihan bodoh hadap argumentasi hukum pakar it ilctvone;0
abi manyu kasi beliau paham whatsapp miris ilctvone;0
menghimbau provokasi tp mantik benci teduh tp mendung ilctvone;0
jgn krn jaga moral dr konten porno negara darurat radikalisme tunggu perang kyk suriah kpi sadar ilctvone;0
butuh fakta bukti ngomong bohong ilctvone;0
kasi yg peci pake batik merah air mata nya dikeluarin krn ahoax miris ilctvone;0
syaiton musuh jgn jadi sbg teman manusia bs setan tp setan tdk bs manusia insyaflahwahaimanusia ilctvone;0
ilctvone dengar cerita bu marwah bodoh malu;0
sesat pikir amat taxamnesti ilctvone;0
bicara ribet ilc;0
ih lucu mas kick andy nya senyum aja;1
nonton hasan merkids kick andy inspirasi salut hasan;1
ubah mimpi tindak kick andy;1
kickandy gokil kickandy;1
terima kasih tonton acara kickandy eps ubah mimpi tindak moga manfaat;1
temu lentera jiwa kickandy mahasiswaum;1
agung undang cerita jalan hidup kickandy;1
anak imajinasi kickandy;1
sayang alam niscaya alam sayang kickandy;1
mantan narapidana rangkul cari kerja jalan hidup yg lbh;1
agung bukti karya yg kagum hasil dgn ajar scr otodidak;1
salah jadi tonton tertawa agung hapsah muncul kickandy;1
agung undang cerita jalan hidup kickandy;1
jatuh bangkit bantu kickandy;1
bangga bs sumbang karya nkri ronny kickandy patut acung jempol;1
orang takut berani berani kickandy;1
kickandy suka hindar orang yag suka;1
anak th berfikir dewasa membiyayai sekolah bajak sawah kickandy;1
kangen nonton kickandy ayah ayah langsung bilang syukur;1
kickandy siang jg ajang reuni sahabat kosti dki kosti jateng;1
ku lucu kickandy;1
besok pagi uts jd pulang duluan poto bareng gambar kickandy;1
bahagia masuk tv kawan kickandy kick andy https ww instagram com p btguakhkxq;1
keren kocak nih tamu kickandy yg lomba design yg asal malang;1
lucu ni bikin ketawa persis kayak tv kickandy http ift tt orww;1
terima kasih kickandy inspirasi buka mata orang setia uji cinta sungguh;1
cinta agung tuhan kickandy;1
nonton kickandy inspirasi;1
kickandy dukung ahok orang;1
mantap ahok kickandy;1
manusia bersih berani kickandy tamuahok;1
suka nasehat analta amir yg ahok nyaring ucap kickand;1
nonton kickandy tarik buka pikir inspirasi sukses;1
jago hahahaha kickandy;1
moga umur moga acara malam lancar kickandy;1
ajang orang orang inspirasi kickandy kickandyheroes;1
suara penta boys keren banget juara rumania kickandy;1
selip detik kick andy keren;1
tayang inspiratif motivasi cinta orang orang disabilitas kickandy;1
perjuagan istimewa krn tembus batas sbg syukur allah inspirasi kickandy;1
syukur hidup kickandy;1
acara inspirasi salut kickandy;1
suka tamu undang inspirasi kickandy;1
kalo udah puncak lupa sampah bawa turun alam nyampah stop nyampah gunung kickandy;0
rt wna ancam deportasi lia ancam pidana;0
nyala lilin umpat gelap pejuangtangguh kickandy;0
ga bohong gimbal alas malang kickandy;0
hidup terkadang nomor net kickandy;0
coba suami istri sakit coba istri suami gak duit miris kickandy;0
haru dengar puisi perempuan henti jaga anak anak shinta nuriyah miris kickandy;0
anak milik dua milik salah bantu istri asuh anak gusdur kickandy;0
kickandy andy mampir dgn gaya remaja sbg idola remaja beli;0
lemah kuat tekcmi kickandy;0
kuat besar kalah stress mampu pilih pikir hermafik kickandy;0
yg kesel coba kalo sodara km ngantri kanker coba km rasain bs gitu fitnah org kickandy suarahatiahok;0
klo pulang rumah mati ga yg urus miskin mw taruh apartemen kickandy suarahatiahok;0
muka sedih banget pas kakak angkat ngomong kickandy;0
andy kaku jaga sikap undang ahok tamu formal kickandy;0
kayak gajah yg bilang psikolog;0
bakarin andy kickandymetrot;0
bikin sakit perut nonton kisah sarjana tua indonesia;0
kerja yg tdk sesuai kualifikasi didik;0
tp ttp tdk msk surga jd ibadah sia hahaah rt sp bilang orang tato tdk ibadah;0
orang tato tdk ibadah;0
gimana un g bs bocor malaikat alam kubur aja udah bocor;0
orang belanda aja peduli orang indonesia yg d daerah isolir gimana dg perintah indonesia zhonk;0
merinding deh nonton;0
indonesia didik rusak;0
parah kualitas didik indonesia;0
apa kick andy botak;0
hukum indonesia adil;0
tua keladi jd macan ompong melempem kecewa liat amin rais;0
media isi ttg kisah sukses tv gosip berita rusuh acara gg tai kucing catet;0
harga orang harga orang;0
bawah yg sulit keluh;0
hidup juang lelah capek kickandy;0
orang orang henti ajar bodoh kickandy http untub m humandesignindonesia com untub rahasia mikat;0
ambil berfikir usak kickandy http koepb m networknumberone com koepb ubah sa;0
miris usak indonesia kickandy;0
sistem mike marjinal bodoh orang kickandy;0
kesel banget coba posisi ahok kickandy;0
coba pulang rumah mati ga yg urus miskin taruh apartemen kickandy suarahatiahok;0
orang bodoh orang malas;0
mantap mata najwa seru nih;1
sahabat yuk nonton mata najwa metro tv ketua dpp pkb;1
suara benar mata najwa;1
selamat keluarga prestasi yg dialog keren rugi klo lewat nonton mata najwa;1
moga acara mata najwa metro tv acara favorit jaya kualitas;1
menang mata najwa rt dukung mata najwa program tv baik http tl gd nnocf;1
mata najwa metrotv inspiratif;1
tentram bahagia nonton mata najwa;1
mata najwa keren acara mata tajam silet;1
mata najwa keren mantap;1
keren tampil kandang lawan anies baswedan gemilang mata najwa metro tv;1
romantis muas pirsa krn mata najwa sukses;1
ahok pinter hebat debat acara mata najwa metro tv;1
mata najwa metro tv pihak paslon untung ahok cerdas semangat allah sama;1
bukti mata najwa ahok hebat anis insaallah ahok jarot menang;1
