dear jaring data lot banget h;0
tembak paket ganggu;0
rt kamus perhapean boikot;0
bilboard iklan pesan sembunyi boikot ramadhan;0
mampus puasa subuh sahur cek pulsa sedot sisa ribu baca;0
tuju silah boikot langgan dukung hrs;0
bela bain daftarin kartu g tunggu jam siang puasa rumah sinyal gnya gak kota;0
data hilang;0
internetlelet ga sesuai iklan;0
mbps kecepatanya kbps kuota full ga buka google udah bikin nguras uang baterai;0
kuota internet koneksi internetnya lambat banget g lte;0
ampun sinyal g lot siput acara live streaming ganggu mundur;0
jaring nabire bagus berita hoax hoax;0
jelek jaring takalar;0
kualitas provider ganggu trouble mahal hari uselessg;0
sinyal tai;0
jaring internet sumba timur parah;0
ajaib kuota hilang usage bukti guna lebih batas;0
tahun pakai aktif bayar layan muas;0
cepat banget data habis;0
gak tolol nama provider gak urus chat app;0
tinggal whatsappnotsave;0
lambat product name jaring lot;0
jaring g cepat g;0
paket extra combo lot;0
buka facebook aja gak;0
rugi isi kuota jaring busuk banget rugi;0
solidaritas asa solidaritas ngomong;0
isi kuota menit langsung habis kacau;0
sinyal jelek banget sih;0
ganti pulsa udah komplain php;0
sinyal;0
musuh ulama boikot;0
rt gak pakai;0
gak benci laku bikin boikot dukung pki coba lihat iklan gambar palu arit;0
rt ht nya puaspake noh pakek gimana thu;0
gak sih kuota g gabung g sayang gak pakai mubazir mubazir temennya setan lho;0
beli paket g jaring internetnya edge;0
g lot;0
signal g bekas gak internetan subuh;0
jaring sinyal wilayah sindangkasih ciamis;0
zalim;0
boikot bentuk tekan masyarakat usaha publik kelas hati hati depan;0
alhamdulillah gak pakai boikot;0
jelek banget sinyal;0
internet mahal turun harga paket;0
webnya bajak cie bajak moga habis paket spam promonya subur;0
sinyal kuat internetku jakarta lot parah g aja gak provider;0
aman tingkat bikin rugi langgan aja;0
harga jual rupiah kilobyte internet juara mahal sih tsel vs;0
jaring g sembung bangunjiwo kasihan bantul minggu stabil kuota buang;0
sinyal ping game aja gede sinyal tai;0
malas banget gb gb harga mahal jaring free youtubenya gak pakai jam hadeh;0
laku reset nomor jaring lemah makan open page web lot jaring lte;0
jaring g cimahi yah lambat kalo kota bandung lancar jaya;0
parah g;0
koneksi g gprs;0
nih akses data camat cisewu kabupaten garut g;0
rekomendasi coba paket minggu tes pakai twitter menit pulsa kurang langsung unreg;0
ayo penuh viralkan keras boikot nomor sy nomer cantik dr th lgsg sy buang jgn main dg umat islam yg brsatu;0
ayo buang kartu ruh;0
ceo tanggung counter perdana hp henti jual perdana boikot;0
biar ajar pakai produk boikot;0
boikot boikot nyedot pulsa ga tau dipake sms bayar bonus maksa;0
uji cepat opensignal ku g jelek;0
mohon up jaring g wilayah morowali buruk;0
jaring waru arae site wkp telpon mohon cek team;0
jaring muara kam baik bbm aja ga ngakses sambung melulu minggu;0
uji cepat nyata g jelek;0
urus ga bayar data ga data;0
ayo viralkan keras boikot nomor nomer cantik buang main umat islam brsatu;0
pakai insya allah paket kuota habis ganti operator boikot;0
boikot boikot sedot pulsa ga tau dipake sms bayar bonus maksa;0
sinyal php;0
koneksi internet jengkel lot;0
sinyal h palsu h edge;0
langgan yg area pandeglangkota rugi krn jaring telpon rusak baik;0
hati hati tukang tipu;0
sedih pakai g gak stabil;0
jarigan lelet ganggu rusak;0
daerah jagakarsa pakai sinyal jelek h gak g g gak sinyal;0
tumbang kota semarang;0
kuota internetan aja gak care;0
lot;0
rt kuota habis ganti provider;0
jancok sinyal payah;0
pakai;0
rt minta maaf nyata apa boikot boikot;0
kuota malam habis duluan logika;0
rt jaring g nya penuh ga konek internet;0
fungsi data lokal g flash g g pakai duluan data lokal mahal;0
wajar dihack harga mahal banget koneksi lambat mahal;0
indonesia konsumen;0
sinyal hilang mulu;0
data manfaat;0
goblok banget sih jadimurahan;0
mahal sinyal jelek bangsat anjing;0
jelek jaring internet;0
area pandeglang kota jaring buruk jelek jadi bulan care payah dihack;0
kacau isi kuota data langsung habis;0
pakai produk boikot boikot;0
boikot hijrah selamat tinggal;0
tarif mahal tambah jaring susah kesal banget;0
pulsa tm nelpon simpati pulsa gak kampret;0
harap bagus kerja onlineternyata internetnya simpat nama;0
kualitas jaring turun wilayah sukabumi;0
keluh sinyal layan jaring internet;0
malam jaring super lelet gak kualitas;0
bangsat dibiarin;0
signal mentari prihatin pikir ganti kartu kecewa;0
ganggu daerah kramat jati sumpah lelet banget g;0
super lelet g tp cepat kb s ganggu gimana sih;0
tai;0
allah hujan sinyal kaya lagu kotak pelan pelan;0
bikin kelar;0
daerah udah trouble mulu;0
sisa kuota bilang habis gimana;0
jaring simpati anjir banget;0
tai;0
jaring flash daerah aceh singkil gak stabil;0
tarif mahal sinyal parah;0
minggu digangguin bunyi sms promo;0
jariangan;0
sedih beli paket internet;0
jaring lelet;0
ganggu;0
hancur jaring;0
bikin sebal;0
g lte masalah;0
parah buang kuota payah;0
sakti alhamdulillah v;1
kangen nih kirim pos marchandes nya langsung pos nya;1
stabil;1
hore sinyal g sambu;1
alhamdulilah kunjung vendor mitra klinikkumsda;1
bagi kuota berkah;1
berkah video ngabuburit anak video sahur keluarga video pakai baju koko;1
pakai greget network and speed irit anak kere;1
boikot boikot kartu mahal bagus;1
bagi berkah;1
alhamdulillah setia tari tabuhan gendang orang selamat isya tarawih;1
asik kencang;1
mimpi pakai gak mimpi setia mahal ikut boikot;1
aksi boikot pakai bagus maaf iklan nyata;1
baik serta nya;1
rt teman hari telecommunications;1
sydney program gratis mahasiswa ajar dn libur hacker intropeksi;1
pakai pakai rasa lot mahal bareng kualitas;1
paket;1
mantap sumedang;1
pindah provider kali internetan kuning lot dengar teman si biru bagus;1
yg kini bikin keki;1
cepat internet ciwidey gin mantap glte;1
nonton gratis dibayarin poin poin;1
pakai alhamdulillah manfaat sinyal gsm handphone simpati;1
mantap si sms tarif;1
terimakasih menang;1
asik kencang;1
upload video gb menit mantab cepat;1
bonus kuota gb menit nelpon operator;1
kuota aman capture kuotaaman kota mamuju;1
hemat;1
pakai paket irit;1
buang sayang setia lagipula nomernya bagus;1
rasa segitu besar ping ribu lumayan bukber;1
nulis serta hashtag lot hidup sih ungar pakai lancar aja tuh;1
pakai ribu dapet giga dihack mahal;1
mending pindah aja;1
pakai jangkau pake gak mahal;1
telpon mumpung gratis nih;1
canggih nih nambah nambah kuota kuota g;1
penuh bonus;1
sinyal hebat puncak halimun on mantap;1
nelpon kouta gb;1
betah aja v operator v;1
wow hadiah fantastis product name simpel;1
modal isi pulsa ribu dapet gb gratis v tumben moga promonya murah murah d;1
ajaib min kartu isi pulsa terimakasih;1
terimakasih paket data aktif normal terimakasih puas layan;1
usaha lupa konsumen hapus pesan baca salah thanks;1
hore sinyal thanks;1
alhamdulillah nunggu subuh lantun adhan styles mekah madinah paket internet bagus;1
lihat youtube tahun kuota keren aja;1
jaring g super cepat smartphone koneksi pantau aktivitas sosial media;1
pagi segar mata lari nikmatin internet nelpon super murah suara jernih pake gitu;1
buka puasa streaming youtube lancar banget pake setia;1
jaring g luas teman nelpon operator gratis suara jernih banget;1
koneksi internet yg lancar bantu selesai kerja jumat weekend;1
lumayan speedtest jaring g lte area tarogong garut muas;1
