minimal kabar bikin rilis bocor data;-1
iya fitur jual milik toko fisik biar cantum kontak alamat bebas duga bocor data tokopedia data publik jual via;0
bocor data guna cc;0
tokopedia bocor data guna data sebat data;1
usaha tokopedia data bocor gw ragu belanja tokped;-1
pasal pidana uu ite bocor data konsumen;-1
duga bocor data juta langgan jual online vivajika konsekuensi hukum inscure konsumen cc;0
blm bocor data aja seller toko tokped yg jual transaksi ditokped jual toko informasi beli alamat no telp utk kirim barang aja seller yg kumpul data jual brarti system tokped bobol;-1
seller yg nakal jual data transksi seller dpt info nama alamat no telp blm bocor data;0
sy ambil inisiatif aman data pribadi d salh oknum yg tdk brtanggung sungguh sy sayang ketelediran shingga bocor data langgan;-1
min hapus akun tokped gimana sy hapus ngeri berita tokped bocor data kemarin;-1
mohon info sama data akun akun yg dgn data data yg akun hack org bertanggungjawab lapor bocor data;-1
klaim sama data transaksi yg bingung akun no tlp kontak jelas tweet abai jelas perihal;-1
curiga akun yg pakai data data investigasi rahasia data langgan mutlak wajib jaga bocor lapor utk ditindaklanjuti mohon kontak langsung utk jelas;-1
akun ovo dipake transaksi tokopedia akun toped orang ngga transaksi toped direfund balik akun ovo orang bocor data;-1
dear tokopedia status lapor bocor data cradit card belanja tgl april transaksi tsb cradit card tokopedia jaga rahasia data customer data cc bocor;-1
actor leaked the database of tokopedia a large indonesian technology company specializing in e commerce hack occurred in march and affects users though the hacker said there are many more database contains emails password hashes names;0
juta data guna tokopedia bocor tokopedia rundung kabar sedap belas;0
berita tokopedia bocor data buru tarik saldo;-1
kuak juta data guna tokopediabocor;0
juta data guna tokopedia tuding bocor;0
tokopedia kabar alami aman akibat data juta guna bocor;0
bas juta akun tokopedia bocor dunia maya;-1
ganti passwordnya bener ga;-1
geger duga bocor juta data pribadi guna tokopedia;0
guys ngingetin aja hacker yg jangkau password aman data pribadi ubah malem kalo password;0
untung ga pake tokped;-1
tumben tumben;-1
serius rem iih;-1
akun tokped ngga belanja tokped aman ngga;-1
valid bang nabung reksadana tokopedia takut jebol nih;-1
security kelas tokped bobol;-1
serius bang;0
well sebenernya yg khawatir password nya inget alamat lengkap nomor hp alamat email rekening sih yg khawatir takut yg jebol nunggu konfirmasi tokped mending antisipasi;-1
pake tokpedd uninst aman;-1
better safe than sorry sih emang thank you info bang narik akun jenius nunggu statement tokpednya;-1
anjirr;-1
ah gila merinding conectin rek tokped karna ngelapak sana aman ga si lg gaada aplikasi udh ga digunain jg semenjak ganti hp;0
untung ga main tokopedia;-1
gaes urgent ganti password akun tokopedia yaa tokopedia kena bocor data;-1
juta data pribadi guna bocor tokopedia;0
untung makenya shopee;-1
kabar yg nyimpen data cc tokped aman;-1
yg bilang dah uninstall tokped nanya aman ga jawab gak data langsung ngambil server tokpednya saran gw sih ganti pass aja akun;-1
bener gak nih bang;-1
gatau two factor authentication nya tokped log in browser hp trus paste url addressnya pasti no hp daftar tokped aktif yah;0
tokopedia duga retas juta data guna bocor;0
download google authenticator masukin email tokped masukin angka halaman tokped buka browser halaman tokpednya masukin angka kasih google authenticator halaman tokped two factor authenticator sukses deh;0
hubung gue jarang bgt pake tokped td gue cek sih jd helma at dumoac dot net gitu data gue kena ga si;-1
sereem allah untung w pakenya syopi;-1
mesti nunggu sampe kerja;-1
juta data guna tokopedia informasi bocor daftar email password korban;0
gk cuman gnti password sih email verifikasi langkah tuh diaktifin;-1
data guna tokopedia bocor orang saran ganti password hello everybody gak ganti password urus selesai coba tengok foto tweet yg rt data pribadi dijembreng file txt data pribadi;-1
holy sh;-1
unsalted password hashes bener tokopedia gak pake salt passwordnya;-1
ihh rem;-1
gak belanja tokped data mbak yg dalem akun nya tetep simpan database nya tokped yg sasar;-1
barusan dapet info orang koneksi bidang infosec passwordnya ter salt data valid kalo bicara breachernya dapet data saltnya moga beneran moga toped klarifikasi;-1
konsekuensi kalo ter salt password aman sulit jebol rainbow table tinggal bocor data pribadi massal legenda deh;-1
oalah pantesan dr kemarin dapet sms verifikasi trs blm download tokped huh;-1
ngeri ah;-1
ga ndang ubah;0
allah bikin akun tokped;-1
gue barusan ganti password abis ganti password tokped kayak down gitu;-1
gua oubya apk tokped gua gak login udah login nama gua nomor gua tp jual barang paham gak maksud gua email nya email gua alamat jg diri to rumah gua yg;-1
syukur gua setia ama shopee bukalapak ga pernh blnja akun hijau nih hehe;-1
udah gw ganti password udah aman;-1
hapus akun gimanaa;-1
gw ngeri personal data nya damn;-1
done kalo ovo ganti password gak mas;-1
takut kelas tokped aja sampe jt gimana shopee takut merambaah;-1
login pake nomer tp pas ganti password udah sukses apps pas masuk bikin akun gimana ak ga paham;-1
yg reksadana bahaya;-1
invest emas data gimana tuh aman gak;-1
biarin aja mending;-1
ganti password usahain passwordnya pake huruf angka spesial karakter;-1
juta data guna tokopedia informasi bocor daftar email password korban henti resah rakyat utama nya guna audit timgab platform dukung kuasa kalok gak salah;0
tokopedia leaked the database thread twit ane temen ane lgsung cari jelas info cek forum langsung sang actor jual file yg risi database yg leaked jt data harga eur;-1
tokped si gapernah pake;0
ati ati tokopedia kawan bocor data;-1
bener data tokped bocor email password ganti password email yg daftar tokopedia yg coba password email password tokped kali email kena kena hehe;-1
salt bro data bom decrypt;-1
gimana nih;-1
tips yg lakuin ga pake password yg readable yg gampang diinget banyak pakenya password manager chrome by google inget password akun google ajabtw check email gua list c;-1
yg bocor data pribadi nama alamat email nmr hp plaintext password enkripsi hash function bilang akun aman data guna yg bocor jadi sbg target scam phising;-1
halo konfirmasi kait bocor data iya hapus rekening hapus akun terima kasih regards adhi kusnadi;-1
serius nanya dah kalo udah ganti pin password akun udah login ulang belanja aman aman aja gak sih mending transaksi yak;-1
transaksi deh kyknya udh ganti password;-1
gw layer password marketplace forum dsj social media banking payment account tipe akun atas nya beda passwordnya kalo leaked paling bocor password forum marketplace gw;-1
akun ovo nya disconnect akun tokped;-1
iya nih ganti password coba deh cek;-1
maaf nanya akun tokped ku cmn pake nomer hp aja gk hubung email gmn kalo gitu ttp aman hapus aja;-1
info bang kalo lupa password akun tokped konek ovo dkk password email tokped udah ganti aman;-1
halo berita bocor data sbg guna tokped was was;-1
kalo lgsg diapus aplikasi gimana bang;-1
fa ganti pw nya udah maling gembok pintu rumah sistem proteksi akun tsb login normal beda nya dapet langsung database tokopedia nya;-1
ayo beli tuh data yg udh bocor jgn cm ambil untung aja itu kalaudatnya beli org;-1
tembus data base aligg;-1
km akun tokped ga coba ni takut;-1
bocor data platform;-1
yg pake tokopedia kabar buruk nih juta database tokopedia bocor data sebar forum online jual;-1
data juta akun tokopedia lapor bocor aman ganti password aktif verifikasi langkah hapus alat bayar;-1
data juta guna tokopedia kabar bocor;0
toko online percaya indonesia meminimalisir bocor data guna internet juta angka;-1
gw pake fa two factor auth jd gak khawatir password akun beda tokopedia bukti salah langgar hukum ite lalai bocor data denda;-1
isu bocor data guna tokopedia muncul kait aman kartu kredit ovo dalam ahli aman siber;0
juta data guna tokopedia bocor gak pasti uu lindung data hukum usaha lalai lindung data konsumen;-1
bikin akun tokped assyem;-1
investigasi nih yg sih gak bocor password yak skrg rutin ganti password deh cegah;-1
ubah data tang;-1
laku kece data breach akun email dampak bocor data tokopedia silah cek situs;0
informasi tokopedia bobol total data bocor juta data guna juta jual bebas empire market harga juta rupiah;0
rugi sj dr guna apps tokped dg bobol mas;-1
asli email gw log data nyaa bang hahaha;-1
situs kunjung e mail akun tokopedia dampak bocor data;0
tokopedia bocor juta data guna bilang data guna aman beneran tsrjadi bocor gimana;-1
juta data user tokopedia bocor laku media sosial ramai data guna tokopedia bocor jual belikan dark web bocor aman akun bahas;-1
dear you data guna tokopedia bocor cek akun dampak;0
astagfirullah anak kalo beli;-1
rem bgt bwanfg;-1
konfirmasi data yg bocor nama lengkap email nomor hp jenis kelamin tanggal lahir update password email yg tambah verifikasi langkah email terima spam phising;-1
data diperjualbelikan terima email spam phising curi informasi akun kartu kredit tutup tipu nomor hp data bocor;-1
langsung apus wkwk;-1
klo pke no daftar tokopedia no nya udh g aktif lgi gimana maaf numpang nanya;-1
data alamat;0
kalo punya ku update gapapa astagfirullah bingung;-1
akun toped ku bobol orang ditoped ku nyambung ovo akun langgan tagih nya pulsa listrik air otomatis saldo ovo ku yg potong masukin pin ovo nya tahu pas udah potong saldo;-1
ntar yg tanggung bro terms and condition wkwkwk;-1
data pribadi guna e commerce tokopedia tuding bocor tawar forum online aman guna tokopedia;0
metode bayar dr bank kalo ditabrakin data nama ttl dpt informasi nomor rekening sm kartu cc;-1
pakar juta data bocor tokopedia jamin bocor data;0
kominfo surati tokopedia kait bocor data guna;0
pakar juta data guna bocor tokopedia bocor;0
cek akun tokopedia milik kena dampak bocor data guna;0
laku barang milik beli tokped jual kurir karyawan gantung hidup aplikasi;1
tokopedia bocor data bayar upaya curi data guna;0
wahh data guna merchant tsb jual harga usd rp juta kurs rp situs gelap informasi dr akun yg familiar dg isu retas jg x informasi bocor data guna tokped;0
kena yg bukalapak;-1
data juta guna tokopedia hack jual dark web kominfo surati tokopedia kait bocor data;0
trus gw gimanadong;-1
ngeri;-1
data udah oplos mah;-1
hubung berita bocor data guna tokopedia sulit akses akun akun bocor;-1
khawatir orang login data spt no hp email alamat gender pakai jahat;-1
khawatir mas fahmi mas fahmi cek langsung tokopedia data pribadi data base aja udah bocor data user database aman bocor mudah relasi;0
kemaren zoom tokped gaada harga data diri;-1
juta data guna tokopedia bocor jelang promo ramadhan tajuk semangat ramadhan;0
jt informasi org indo worth k sad but not surprised;-1
udah yg beli tuh orang;-1
untung gw daftar pake tempmail;-1
semangat teman customer service masif berita isu bocor data skrg ekstra;1
sbg guna layan sila jelas kait bocor data langgan;0
gw akun cuk;-1
bas juta data guna tokopedia duga bocor dunia maya;0
ngejualnya murah bgt astaga harga biji sen ngga nyampek;-1
kait bocor data akun juta guna e commerce tokopedia data hubung bayar aman;0
byk org indonesia mikir akun tokopedia tdk dihack saldo tdk kurang aman bocor data privasi efek parah akun yg retas;-1
akun hapus database tokopedia bocor data alami mohon akun toped putus ovo mohon tindak lanjut;-1
cuk;-1
login tokpednya pake nomor tlpn ga pake sandi solusi bingung ganti password g pake reset nyantumin email g email akun;-1
beware;-1
bangsat;-1
cok kena;-1
bertanggungjawab bocor data langgan berita;-1
ganggu aplikasi tdk buka was kait dgn isu bocor data guna cc;-1
wee;-1
adaada aja dah;-1
juta data guna kabar bocor tokopedia ramai bicara warganet menjaditrending topicdi twitter minggu siang;0
baca langsung dapet email tokped;0
punya bobol x;-1
muncul nya gin mas;0
ylki perintah turun tangan retas sistem it tokopedia lindung aman konsumen ketua urus hari ylki tulus abadi;0
kalo loginnya gak pake email pake no hp gimana gak pake password login;0
hiks;-1
ga press release bocor data;-1
iya on progress crisis management besok mega day;-1
kerja tokped silah;-1
kabar bocor data tokopedia ramai bicara warganet;0
perintah menteri kominfo panggil tokopedia kait duga bocor juta data guna situs gelap via;0
tokopedia should have just bought it back;-1
beli lg;-1
data gua gabakal laku;-1
data laku jual deepweb;-1
kalo loginnya pakai touch id aman gak;-1
harga data gw mahal ugah senyum aww;-1
bikin uu lindung data pribadi;0
allah sempet was pas baca berita tokopedia alhamdulillah pasti data bayar aman udh gak was hrs waspada jadi timpa platform e commerce apa;1
tokopedia beli;-1
gabisa tangkap laku resah banget knp sih pakai curi data;-1
sohib nya ama ovo n grab;-1
tokopedia tdk bocor data bayar vp of corporate communications tokopedia nuraini razak transaksi dgn metode bayar informasi kartu debit kartu kredit ovo tokopedia jaga aman nuraini;0
udah kena;-1
otw secure akun thx info nder;0
wajar was baca berita bocor data guna belanja online tokopedia alhamdulillah cek langsung akun aman aman teman guna tokoped cek jg;1
cok pindah bukalapak cok gih;-1
ngecek bocor data tokopedia bocor bukalapak ipusnas youthmanual yahoo canvadan udah jual dark web bukalapak;0
untung pake shopee;-1
untung anak syopi tokped;-1
amann;0
anjirr;-1
please keep it safe;0
pagi sempet ketar tir baca duga bocor data tokopedia syukur udah pasti aman aja uninstall;1
ganti password aktifin fa email ganti akun email yg nyangkut sosmed akun aplikasi yas;-1
data tokopedia ktp nomer rekening no hp hapus akun toped hapus ngapain aja tokopedia tragedi bocor data;-1
hackerr kejam bgt si;-1
kak kalo udah lanjur gmnaa soalny td cek data bobol;-1
woy cek woy u guna tokped;-1
ah damn;-1
cek akun bocor tokopedia;0
bukalapak kabar bocor data tokopedia website cek bocor data baca nya bukalapak tokopedia gimana;-1
salah yg ekspos tokped;-1
yg suka sms biope data gw kali;-1
mohon konfirmasi krn coba ganti password todak bs;-1
mas guna tokopedia juta akun just out of my curiousity terima kasih;0
tuntut tanggung jadi bocor tanggung system yg milik belanja system online bagustapi rugi yg a l barang sesuai system data bocor yg rugi langgan;-1
fyi harga juta rupiah juta data guna murah banget data guna harga cuman rupiah;-1
kakak bs dpt email tokped udh ganti password ttp aja takut;-1
oke unpopular opinion murah sih juta juta data;-1
juta akun guna bocor tokopedia pasti data bayar aman;0
dapet email tgl feb gk akum kredivo gak beli kayak ginian dampak nya gak sih asli gw takut bgt;-1
kak klo tau data nya bocor kpn kalo daftar bobol data nya bocor kesana;-1
ku gmn;-1
pas cek ky gni akun bukalapak bobol trus td nyoba ubah password pas bgt sms gni creepy ga sih;-1
rem bgt dah;-1
rem data wkt gabung tokped is there even skrg ga pake tokped tahun;-1
nyesel percaya e commerce online apa in emang aman manual sih drpd virtual;-1
akun guna tokopedia bocor forum online akses dunia maya;0
pie ki wkwk;-1
anjirr beli wkwk oke tarik;-1
astagaa aja;-1
mesti gimana;-1
bocor data guna tokopedia ditindaklanjuti data guna sensitif bahaya disalahgunakan;-1
gatau nih download tokped blm kena takut sih depan kayak gin;-1
wadohh;-1
pake email forwarding service aja pemberitahuan data breach lu tinggal ganti alias cek gratis opensource plus backing github pake daftar akun gapenting kalo lu rada pikun pake password manager;0
biarin mbak no hp ku tokopedia udah ga aktif rem kalo suruh fotoin ktp ama buku tabung pribadi bgt;-1
hapus akun nya aja ga si;0
anjir canva;-1
gue kena bukalapak;-1
spam phishing udh muncul satu njeerr tp gw boongin masukin password bulanpuasajanganbanyakinmaksiat wkwkwkwk tau baca;-1
cuk piye iki bos tokped;-1
suka nyesel njir donlot tokped pdhl w g make jg;-1
saldo aman bang;-1
gmn ni;-1
untung ga guna tokped;-1
hancur unicorn indonesia;-1
kaget sih pas pagi dapet kabar line today ko bisa kena dark web;-1
praktik jual beli data sbnrnya udah adapembeli marketingtar spam email tipu gt data yg grab dr profil email nama no hp no rek no cc apa yg dlm database tersimpanklo skrg trx cc pake otp pin;-1
bayangin kalo yg didapet data ktp rela ngasih foto ktp diskon startup data receh wkwkwkwkss;-1
belanja tokped caramya pindah ae shopee dah;-1
kalo kena gmn;-1
dpt kaya gin dr tokped beneran aman ga sih;-1
nder ane dpt email sy ganti pasword;0
ngeri ma nteng;-1
gonku aman son;0
bukalapak jebol untung passwordnya encrypted moga tokped gitu;0
tokopedia tanggung duga bocor juta data guna;0
ahli aman siber konfirmasi juta data pribadi bocor dark web aktivis ham tokopedia umum guna;0
gugat biar kapok remeh perlindungam data pribadi guna;-1
heboh tokopedia bocor data aja nyari sepeda fixie tokped ehh parno nih fintech startup indonesia nih invest aman data guna yg startup kelas shoppee terbang;-1
gataukk alhamdulillah ga makek tokped huhu;-1
juta akun tokopedia bocor jual dark web laku guna data bocor jual belikan;0
bang datanua beli ama tokped ga serius nanya beli aja ituu;-1
ga nanggepin berita bilang data aman;-1
duga bocor data tokopedia kait jual beli data;0
gimana nih ga jelas panggil pertanggungjawaban;-1
kominfo tokopedia selidik bocor data;0
slesaikan masalah cpet jgn iklan pop up website anime doang dibanyakin;-1
maaf banget min tp krn isu yg edar mengensi bocor data tokopedia otomatis kmi guna aplikasi parno pgn hapus akun aja utk meminimalisir rugi yg mgkin;-1
seram;-1
heboh heboh bocor data tokopedia gw pas gw ga tau sih bocor data gimana bikin panik gw blokir permanen cc gw karna takut carding;-1
data guna tokopedia bocor;-1
tokopedia cek bocor databasenya blm masuk jd bocor daftar;-1
dear mohon klarifikasi bocor data kenan database yg risi data private diperjualbelikan;-1
mudah cek data akun lo tokopedia bocor;0
guna aju ganti rugi bocor data guna;-1
musim bocor data tokopedia silah cek email bocor;-1
juta akun bocor kominfo panggil tokopedia besok;0
menteri komunikasi informatika kemenkominfo panggil direksi tokopedia panggil kait duga bocor data pribadi juta akun guna layan ecommerce;0
johnny sebut berkordinasi tokopedia kait bocor data tim teknis kominfo koordinasi teknis menindaklanjuti isu bobol data guna;0
saran guna tokopedia ganti password akun kala aman nyaman;0
akun aku layan awas cegah bocor data israel bocor tangkap layar data tokopedia bocor twitter;0
juta akun guna tokopedia kabar bocor jual forum online informasi pribadi guna papar potensi manfaat hacker laku akun aman intip tipsnya;-1
foto juta data tokopedia bocor bobol hacker;0
data tokopedia bocor pakar aman aman;1
bukalapak bocor tokopedia bocor trus kudu belonjo nek ngendi;-1
akun tokopedia bocor uu lindung data kebut;-1
tips tingkat aman akun password manager kmrn lg hits data tokopedia bocor kali share metode yg ngurangin panik bocor data utas disclaimer dapat pribadi salah koreksi aja;0
bocor dagang situs pasar gelap tokopedia aku usaha curi data guna juta guna aktif bulan tokopedia bocor data timpa guna;0
data bocor tokopedia tuntut lalai lindung data guna;-1
dpr kominfo telusur duga libat orang kait bocor data tokopedia;0
menkominfo akun tokopedia bocor rajin ganti password;0
akun tokopedia cek email ngeliat data bocor engga website kalo engga kasi tau bocor website gatau akurat engga ku percaya firefox;-1
ga salah nih jam menit produk tampil ekstrim topads banget problems kaya tangan semenjak psbb lampau lambat bocor data guna tangan;-1
eh bocor data;-1
juta data tokopedia bocor internet diperjualbelikan bebas dark web cek firefox monitor;0
juta data tokopedia bocor internet diperjualbelikan bebas dark web cek firefox monitor via;0
bocor data gimana tuh;-1
menkominfo johnny g plate bela tokopedia bocor data juta guna;0
akun tokopedia bocor menkominfo rajin ganti password bkn jwbnya tokopedia lalai bertanggungjawab;-1
haloo bungkam bocor data user gimana;-1
kalimat yg bener bocor password data gede kalo disuapin ai mah buka passwordnya;-1
legislator pks tokopedia bertanggungjawab bocor data guna;0
tuju mas pasal t c sign up kali tokopedia bocor data hacking tiga tokopedia tanggung;-1
sebentar lupa bocor data guna;-1
bahaya intai data bocor tokopedia bukalapak;-1
tokopedia bocor password yg login akun password ga bocor tp nama email no hp data bocor;-1
poin coba bahas kominfo lepas tangan kait bocor data tokopedia;1
gilir unicorn indonesia terpa isu bocor data guna harus ku ganti password jamin aman akun jadi yg;-1
tokopedia menkominfo gugat kait bocor data langgan;0
data langgan bocor tokopedia menkominfo gugat kki pn jakarta pusat;0
pakar orang ri bahaya bocor data tokopedia;0
min hapus permanen akun tokopedia gimana ngeri bocor data;-1
yak twitter instagram password request orang kena efek bocor tokopedia;-1
duga bocor data guna potensi serang e commerce pandemi mesti lindung data konsumen bahas;0
